term	taal	categorie	bronnen	template_freq	kern	score
BESLUIT	nl	verslagtaal	gecureerd,templates	372	ja	34.73
hydrops	nl	descriptoren-bevindingen	gecureerd,templates	36	ja	27.14
opzetting	nl	descriptoren-bevindingen	gecureerd,templates	34	ja	26.44
aflijning	nl	descriptoren-bevindingen	gecureerd,templates	28	ja	25.79
wervelzuil	nl	anatomie-nl	gecureerd,templates	25	ja	25.4
hernia	nl	descriptoren-bevindingen	gecureerd,templates	19	ja	24.99
atrofie	nl	descriptoren-bevindingen	gecureerd,opentaal,templates	12	ja	24.98
pneumothorax	nl	descriptoren-bevindingen	gecureerd,telnyx,templates	10	ja	24.89
ATFL	afk	afkortingen	gecureerd,templates	6	ja	24.81
facetartrose	nl	descriptoren-bevindingen	gecureerd,templates	14	ja	24.48
artrose	nl	descriptoren-bevindingen	gecureerd,opentaal,templates	8	ja	23.69
alignatie	nl	descriptoren-bevindingen	gecureerd,templates	12	ja	22.98
SLAP	afk	afkortingen	gecureerd,templates	3	ja	22.85
pleuravocht	nl	descriptoren-bevindingen	gecureerd,templates	10	ja	22.39
oedeem	nl	descriptoren-bevindingen	gecureerd,templates	6	ja	21.81
dissectie	nl	descriptoren-bevindingen	gecureerd,templates	8	ja	21.69
longparenchym	nl	anatomie-nl	gecureerd,templates	8	ja	21.69
trombose	nl	descriptoren-bevindingen	gecureerd,opentaal,templates	4	ja	21.63
Conclusie	nl	verslagtaal	gecureerd,templates	7	ja	21.28
scoliose	nl	descriptoren-bevindingen	gecureerd,opentaal,templates	3	ja	20.85
bloeding	nl	descriptoren-bevindingen	gecureerd,templates	6	ja	20.81
residu	nl	descriptoren-bevindingen	gecureerd,templates	6	ja	20.81
hyperintens	nl	descriptoren-bevindingen	gecureerd,templates	4	ja	20.63
post-operatieve status	nl	materiaal-interventie	gecureerd,templates-veld	80		20.38
leverparenchym	nl	anatomie-nl	gecureerd,templates	5	ja	20.27
mammografie	nl	technieken-sequenties	gecureerd,opentaal,templates	2	ja	19.85
aankleuring	nl	descriptoren-bevindingen	gecureerd,templates	4	ja	19.63
aneurysma	nl	descriptoren-bevindingen	gecureerd,templates	4	ja	19.63
calcificatie	nl	descriptoren-bevindingen	gecureerd,templates	4	ja	19.63
hersenparenchym	nl	anatomie-nl	gecureerd,templates	4	ja	19.63
letsel	nl	descriptoren-bevindingen	gecureerd,templates	4	ja	19.63
TFCC	nl	anatomie-nl	gecureerd,templates	4	ja	19.63
Lisfranc	nl	classificaties-scores	gecureerd,templates	22		19.47
angulatie	nl	descriptoren-bevindingen	gecureerd,templates	3	ja	18.85
pericardvocht	nl	descriptoren-bevindingen	gecureerd,templates	2	ja	18.85
pancreas	nl	anatomie-nl	gecureerd,telnyx,templates,uberon	17		18.62
lymfeklieren	nl	descriptoren-bevindingen	gecureerd,templates	35		18.54
COPD	afk	afkortingen	gecureerd,telnyx	0	ja	18.5
PTT	afk	afkortingen	gecureerd,telnyx	0	ja	18.5
mediaal	nl	verslagtaal	gecureerd,templates	33		18.34
lateraal	nl	verslagtaal	gecureerd,templates	31		18.13
HCC	afk	afkortingen	gecureerd,telnyx	0	ja	18.0
divertikels	nl	descriptoren-bevindingen	gecureerd,templates	2	ja	17.85
fractuur	nl	descriptoren-bevindingen	gecureerd,templates	2	ja	17.85
galstenen	nl	descriptoren-bevindingen	gecureerd,templates	2	ja	17.85
vochtcollectie	nl	descriptoren-bevindingen	gecureerd,templates	2	ja	17.85
Guyon	nl	tekens-eponiemen	gecureerd,templates	13		17.74
anterieur	nl	verslagtaal	gecureerd,templates	36		17.64
bursitis	nl	descriptoren-bevindingen	gecureerd,opentaal,templates	17		17.62
AAA	afk	afkortingen	gecureerd	0	ja	17.5
ACL	afk	afkortingen	gecureerd	0	ja	17.5
AMS	afk	afkortingen	gecureerd	0	ja	17.5
APL	afk	afkortingen	gecureerd	0	ja	17.5
AVM	afk	afkortingen	gecureerd	0	ja	17.5
CBD	afk	afkortingen	gecureerd	0	ja	17.5
FCU	afk	afkortingen	gecureerd	0	ja	17.5
FNH	afk	afkortingen	gecureerd	0	ja	17.5
GIST	afk	afkortingen	gecureerd	0	ja	17.5
LAD	afk	afkortingen	gecureerd	0	ja	17.5
LVEF	afk	afkortingen	gecureerd	0	ja	17.5
MPD	afk	afkortingen	gecureerd	0	ja	17.5
NPH	afk	afkortingen	gecureerd	0	ja	17.5
NSCLC	afk	afkortingen	gecureerd	0	ja	17.5
PCL	afk	afkortingen	gecureerd	0	ja	17.5
PFO	afk	afkortingen	gecureerd	0	ja	17.5
RCA	afk	afkortingen	gecureerd	0	ja	17.5
RIVA	afk	afkortingen	gecureerd	0	ja	17.5
TWZ	afk	afkortingen	gecureerd	0	ja	17.5
semitendinosus	la	latijn-msk-kern	gecureerd,templates,uberon	12		17.48
semimembranosus	la	latijn-msk-kern	gecureerd,templates	16		17.42
AITFL	afk	afkortingen	gecureerd	0	ja	17.0
AKB	afk	afkortingen	gecureerd	0	ja	17.0
C5-C6	afk	afkortingen	gecureerd	0	ja	17.0
C6-C7	afk	afkortingen	gecureerd	0	ja	17.0
CFL	afk	afkortingen	gecureerd	0	ja	17.0
CWZ	afk	afkortingen	gecureerd	0	ja	17.0
ECU	afk	afkortingen	gecureerd	0	ja	17.0
EDH	afk	afkortingen	gecureerd	0	ja	17.0
EPL	afk	afkortingen	gecureerd	0	ja	17.0
FCR	afk	afkortingen	gecureerd	0	ja	17.0
FDL	afk	afkortingen	gecureerd	0	ja	17.0
FHL	afk	afkortingen	gecureerd	0	ja	17.0
IMH	afk	afkortingen	gecureerd	0	ja	17.0
IPMN	afk	afkortingen	gecureerd	0	ja	17.0
L4-L5	afk	afkortingen	gecureerd	0	ja	17.0
L5-S1	afk	afkortingen	gecureerd	0	ja	17.0
LCL	afk	afkortingen	gecureerd	0	ja	17.0
LCX	afk	afkortingen	gecureerd	0	ja	17.0
LGE	afk	afkortingen	gecureerd	0	ja	17.0
LHB	afk	afkortingen	gecureerd	0	ja	17.0
LWZ	afk	afkortingen	gecureerd	0	ja	17.0
MCL	afk	afkortingen	gecureerd	0	ja	17.0
MPFL	afk	afkortingen	gecureerd	0	ja	17.0
NSIP	afk	afkortingen	gecureerd	0	ja	17.0
PAU	afk	afkortingen	gecureerd	0	ja	17.0
PRES	afk	afkortingen	gecureerd	0	ja	17.0
RCC	afk	afkortingen	gecureerd	0	ja	17.0
SAB	afk	afkortingen	gecureerd	0	ja	17.0
SDH	afk	afkortingen	gecureerd	0	ja	17.0
SIG	afk	afkortingen	gecureerd	0	ja	17.0
SSC	afk	afkortingen	gecureerd	0	ja	17.0
SST	afk	afkortingen	gecureerd	0	ja	17.0
UIP	afk	afkortingen	gecureerd	0	ja	17.0
VCI	afk	afkortingen	gecureerd	0	ja	17.0
VCS	afk	afkortingen	gecureerd	0	ja	17.0
VKB	afk	afkortingen	gecureerd	0	ja	17.0
VMS	afk	afkortingen	gecureerd	0	ja	17.0
dorsaal	nl	verslagtaal	gecureerd,templates	20		16.66
DISH	nl	tekens-eponiemen	gecureerd	0	ja	16.5
Fleischner	nl	classificaties-scores	gecureerd	0	ja	16.5
foramina	nl	anatomie-nl	gecureerd,telnyx,templates	16		16.42
bilateraal	nl	descriptoren-bevindingen	gecureerd,templates	18		16.31
BI-RADS	nl	classificaties-scores	gecureerd	0	ja	16.0
LI-RADS	nl	classificaties-scores	gecureerd	0	ja	16.0
O-RADS	nl	classificaties-scores	gecureerd	0	ja	16.0
PI-RADS	nl	classificaties-scores	gecureerd	0	ja	16.0
TI-RADS	nl	classificaties-scores	gecureerd	0	ja	16.0
spinaal kanaal	nl	anatomie-nl	gecureerd,templates-veld	16		15.92
epididymis	nl	anatomie-nl	gecureerd,telnyx,templates,uberon	7		15.78
botoedeem	nl	descriptoren-bevindingen	gecureerd,templates	15		15.7
diverticulitis	nl	descriptoren-bevindingen	gecureerd,telnyx	0	ja	15.5
iliopsoas	nl	anatomie-nl	gecureerd,templates,uberon	12		15.48
syndesmose	nl	anatomie-nl	gecureerd,templates	14		15.48
post-operatieve	nl	template	templates	82		15.47
status na	nl	materiaal-interventie	gecureerd,templates-veld	18		15.31
subscapularis	la	latijn-msk-kern	gecureerd,templates	6		15.31
supraspinatus	la	latijn-msk-kern	gecureerd,templates	6		15.31
intra-articulair	nl	verslagtaal	gecureerd,templates	13		15.24
botpatroon	nl	template	templates	76		15.2
labrum	nl	anatomie-nl	gecureerd,templates	15		15.2
angiografie	nl	technieken-sequenties	gecureerd,opentaal	0	ja	15.0
carcinoom	nl	descriptoren-bevindingen	gecureerd,opentaal	0	ja	15.0
computertomografie	nl	technieken-sequenties	gecureerd,opentaal	0	ja	15.0
echografie	nl	technieken-sequenties	gecureerd,opentaal	0	ja	15.0
hematoom	nl	descriptoren-bevindingen	gecureerd,opentaal	0	ja	15.0
hersenatrofie	nl	descriptoren-bevindingen	gecureerd,opentaal	0	ja	15.0
ischemie	nl	descriptoren-bevindingen	gecureerd,opentaal	0	ja	15.0
lymfoom	nl	descriptoren-bevindingen	gecureerd,opentaal	0	ja	15.0
radiografie	nl	technieken-sequenties	gecureerd,opentaal	0	ja	15.0
sarcoom	nl	descriptoren-bevindingen	gecureerd,opentaal	0	ja	15.0
adductoren	nl	anatomie-nl	gecureerd,templates	16		14.92
acromion	nl	anatomie-nl	gecureerd,templates,uberon	10		14.89
Goutallier	nl	classificaties-scores	gecureerd,templates	6		14.81
os acromiale	nl	tekens-eponiemen	gecureerd,templates-veld	6		14.81
flexor digitorum profundus	la	latijn-msk-kern	gecureerd,templates-veld,uberon	7		14.78
anterior	la	template	templates	32		14.74
noduli	nl	descriptoren-bevindingen	gecureerd,templates	13		14.74
posterior	la	template	templates	32		14.74
cyste	nl	pathologie	gecureerd,templates	11		14.7
dysplasie	nl	descriptoren-bevindingen	gecureerd,opentaal,templates	8		14.69
ulnaris	la	template	templates	31		14.63
kanaal	nl	template	templates	47		14.55
retinaculum	la	template	templates	30		14.52
tibialis	la	template	templates	30		14.52
pacemaker	nl	materiaal-interventie	gecureerd,telnyx	0	ja	14.5
sinus tarsi	nl	anatomie-nl	gecureerd,templates-veld	14		14.48
digitorum	la	template	templates	29		14.4
adenopathieën	nl	descriptoren-bevindingen	gecureerd,templates	10		14.39
subluxatie	nl	descriptoren-bevindingen	gecureerd,templates	10		14.39
fracturen	nl	descriptoren-bevindingen	gecureerd,templates	80		14.38
infraspinatus	la	latijn-msk-kern	gecureerd,templates	6		14.31
urethra	nl	anatomie-nl	gecureerd,templates,uberon	6		14.31
synovitis	nl	descriptoren-bevindingen	gecureerd,templates	8		14.19
peroneus	la	template	templates	20		14.16
Hoffa	nl	tekens-eponiemen	gecureerd,templates	4		14.13
chondropathie	nl	descriptoren-bevindingen	gecureerd	0	ja	14.0
discopathie	nl	descriptoren-bevindingen	gecureerd	0	ja	14.0
echo-doppler	nl	technieken-sequenties	gecureerd	0	ja	14.0
ectasie	nl	descriptoren-bevindingen	gecureerd	0	ja	14.0
elastografie	nl	technieken-sequenties	gecureerd	0	ja	14.0
endotracheale tube	nl	materiaal-interventie	gecureerd	0	ja	14.0
epiduraal hematoom	nl	descriptoren-bevindingen	gecureerd	0	ja	14.0
fluoroscopie	nl	technieken-sequenties	gecureerd	0	ja	14.0
foraminale stenose	nl	descriptoren-bevindingen	gecureerd	0	ja	14.0
hepatomegalie	nl	descriptoren-bevindingen	gecureerd	0	ja	14.0
hydronefrose	nl	descriptoren-bevindingen	gecureerd	0	ja	14.0
hyperdens	nl	descriptoren-bevindingen	gecureerd	0	ja	14.0
hyperechogeen	nl	descriptoren-bevindingen	gecureerd	0	ja	14.0
hypo-echogeen	nl	descriptoren-bevindingen	gecureerd	0	ja	14.0
hypodens	nl	descriptoren-bevindingen	gecureerd	0	ja	14.0
hypointens	nl	descriptoren-bevindingen	gecureerd	0	ja	14.0
incidentaloom	nl	descriptoren-bevindingen	gecureerd	0	ja	14.0
kanaalstenose	nl	descriptoren-bevindingen	gecureerd	0	ja	14.0
leukoaraiose	nl	descriptoren-bevindingen	gecureerd	0	ja	14.0
lymfadenopathie	nl	descriptoren-bevindingen	gecureerd	0	ja	14.0
meningeoom	nl	descriptoren-bevindingen	gecureerd	0	ja	14.0
nefrolithiasis	nl	descriptoren-bevindingen	gecureerd	0	ja	14.0
osteofyten	nl	descriptoren-bevindingen	gecureerd	0	ja	14.0
osteonecrose	nl	descriptoren-bevindingen	gecureerd	0	ja	14.0
osteopenie	nl	descriptoren-bevindingen	gecureerd	0	ja	14.0
osteosynthesemateriaal	nl	materiaal-interventie	gecureerd	0	ja	14.0
scintigrafie	nl	technieken-sequenties	gecureerd	0	ja	14.0
splenomegalie	nl	descriptoren-bevindingen	gecureerd	0	ja	14.0
steatose	nl	descriptoren-bevindingen	gecureerd	0	ja	14.0
subarachnoïdale bloeding	nl	descriptoren-bevindingen	gecureerd	0	ja	14.0
subchondrale sclerose	nl	descriptoren-bevindingen	gecureerd	0	ja	14.0
subduraal hematoom	nl	descriptoren-bevindingen	gecureerd	0	ja	14.0
tendinose	nl	descriptoren-bevindingen	gecureerd	0	ja	14.0
corticomedullaire differentiatie	nl	descriptoren-bevindingen	gecureerd,templates-veld	12		13.98
weke delen	nl	template	templates-veld	53		13.96
fascia	nl	template	telnyx,templates,uberon	25		13.9
medianus	la	template	templates	25		13.9
bursa	nl	template	telnyx,templates	33		13.84
hypertrofie	nl	descriptoren-bevindingen	gecureerd,opentaal,templates	6		13.81
spring ligament	la	latijn-msk-kern	gecureerd,templates-veld	6		13.81
flexor pollicis longus	la	latijn-msk-kern	gecureerd,templates-veld	7		13.78
retroperitoneum	nl	anatomie-nl	gecureerd,telnyx,templates	5		13.77
superficialis	la	template	templates	24		13.77
vrij vocht	nl	descriptoren-bevindingen	gecureerd,templates-veld	11		13.7
Fazekas	nl	classificaties-scores	gecureerd,templates	4		13.63
Koedam	nl	classificaties-scores	gecureerd,templates	4		13.63
ligamentum teres	la	latijn-msk-kern	gecureerd,telnyx,templates-veld	4		13.63
Bosniak	nl	descriptoren-bevindingen	gecureerd	0	ja	13.5
callus	nl	descriptoren-bevindingen	gecureerd	0	ja	13.5
infarct	nl	descriptoren-bevindingen	gecureerd	0	ja	13.5
nodulus	nl	descriptoren-bevindingen	gecureerd	0	ja	13.5
pneumoperitoneum	nl	descriptoren-bevindingen	gecureerd	0	ja	13.5
stent	nl	materiaal-interventie	gecureerd	0	ja	13.5
femoralis	la	template	templates	22		13.47
nervus	la	template	templates	22		13.47
gluteus	la	template	templates	16		13.42
flexor	nl	template	templates	39		13.41
Bakercyste	nl	anatomie-nl	gecureerd,templates	10		13.39
patellapees	nl	anatomie-nl	gecureerd,templates	10		13.39
quadricepspees	nl	anatomie-nl	gecureerd,templates	10		13.39
Bankart	nl	classificaties-scores	gecureerd,templates	3		13.35
duodenum	nl	anatomie-nl	gecureerd,telnyx,templates,uberon	3		13.35
longus	la	template	templates	21		13.32
hydrocoele	nl	pathologie	gecureerd,templates	7		13.28
toegenomen	nl	descriptoren-bevindingen	gecureerd,templates	7		13.28
varicocoele	nl	pathologie	gecureerd,templates	7		13.28
radialis	la	template	templates	15		13.2
arteria iliaca communis	nl	anatomie-nl	gecureerd,templates-veld,uberon	8		13.19
arteria iliaca externa	nl	anatomie-nl	gecureerd,templates-veld,uberon	8		13.19
plica	nl	pathologie	gecureerd,templates	8		13.19
endometrium	nl	anatomie-nl	gecureerd,templates,uberon	4		13.13
gastrocnemius	nl	anatomie-nl	gecureerd,templates,uberon	4		13.13
osteo-articulaire	nl	template	templates	31		13.13
AC-gewricht	nl	anatomie-nl	gecureerd,templates	9		13.06
vena	nl	template	templates,uberon	26		13.04
anechogeen	nl	descriptoren-bevindingen	gecureerd	0	ja	13.0
aneurysmatisch	nl	descriptoren-bevindingen	gecureerd	0	ja	13.0
atherosclerotische plaques	nl	descriptoren-bevindingen	gecureerd	0	ja	13.0
avulsie	nl	descriptoren-bevindingen	gecureerd	0	ja	13.0
botcontusie	nl	descriptoren-bevindingen	gecureerd	0	ja	13.0
consolidatie	nl	descriptoren-bevindingen	gecureerd	0	ja	13.0
contrastinjectie	nl	technieken-sequenties	gecureerd	0	ja	13.0
contrastmiddel	nl	contrast-medicatie	gecureerd	0	ja	13.0
demyelinisatie	nl	descriptoren-bevindingen	gecureerd	0	ja	13.0
diffusierestrictie	nl	descriptoren-bevindingen	gecureerd	0	ja	13.0
discushernia	nl	descriptoren-bevindingen	gecureerd	0	ja	13.0
DJ-stent	nl	materiaal-interventie	gecureerd	0	ja	13.0
fissuur	nl	descriptoren-bevindingen	gecureerd	0	ja	13.0
geen bijzonderheden	nl	descriptoren-bevindingen	gecureerd	0	ja	13.0
gewrichtsspleetversmalling	nl	descriptoren-bevindingen	gecureerd	0	ja	13.0
goedaardig	nl	descriptoren-bevindingen	gecureerd	0	ja	13.0
hydrocefalie	nl	descriptoren-bevindingen	gecureerd	0	ja	13.0
iso-echogeen	nl	descriptoren-bevindingen	gecureerd	0	ja	13.0
isodens	nl	descriptoren-bevindingen	gecureerd	0	ja	13.0
isointens	nl	descriptoren-bevindingen	gecureerd	0	ja	13.0
kniegewricht	nl	anatomie-nl	gecureerd	0	ja	13.0
longembolie	nl	descriptoren-bevindingen	gecureerd	0	ja	13.0
luchtbronchogram	nl	descriptoren-bevindingen	gecureerd	0	ja	13.0
luxatie	nl	descriptoren-bevindingen	gecureerd	0	ja	13.0
maagsonde	nl	materiaal-interventie	gecureerd	0	ja	13.0
magnetische resonantie	nl	technieken-sequenties	gecureerd	0	ja	13.0
matglas	nl	descriptoren-bevindingen	gecureerd	0	ja	13.0
Modic-wijzigingen	nl	descriptoren-bevindingen	gecureerd	0	ja	13.0
niercyste	nl	descriptoren-bevindingen	gecureerd	0	ja	13.0
postoperatieve status	nl	materiaal-interventie	gecureerd	0	ja	13.0
prothese	nl	materiaal-interventie	gecureerd	0	ja	13.0
reactieve klieren	nl	descriptoren-bevindingen	gecureerd	0	ja	13.0
retractie	nl	descriptoren-bevindingen	gecureerd	0	ja	13.0
schoudergewricht	nl	anatomie-nl	gecureerd	0	ja	13.0
secundaire letsels	nl	descriptoren-bevindingen	gecureerd	0	ja	13.0
stralingsdosis	nl	technieken-sequenties	gecureerd	0	ja	13.0
suggestief voor	nl	descriptoren-bevindingen	gecureerd	0	ja	13.0
suspect	nl	descriptoren-bevindingen	gecureerd	0	ja	13.0
thoraxdrain	nl	materiaal-interventie	gecureerd	0	ja	13.0
wervellichaam	nl	anatomie-nl	gecureerd	0	ja	13.0
plantaris	la	template	templates,uberon	14		12.98
Hill-Sachs	nl	classificaties-scores	gecureerd,templates	3		12.85
uncartrose	nl	descriptoren-bevindingen	gecureerd,templates	6		12.81
impingement	nl	pathologie	gecureerd,templates	7		12.78
hartschaduw	nl	anatomie-nl	gecureerd,templates	8		12.69
kleurendoppler	nl	technieken-sequenties	gecureerd,templates	8		12.69
ventrikelsysteem	nl	anatomie-nl	gecureerd,templates	8		12.69
zaadblaasjes	nl	anatomie-nl	gecureerd,templates	8		12.69
spinaal	nl	template	templates	27		12.66
osteo-articulaire verhoudingen	nl	template	templates-veld	26		12.54
centraal veneuze katheter	nl	materiaal-interventie	gecureerd	0	ja	12.5
geen evidentie voor	nl	descriptoren-bevindingen	gecureerd	0	ja	12.5
ischium	la	template	templates,uberon	12		12.48
fibularis	la	template	templates	16		12.42
collaterale	nl	template	templates	21		12.32
thalamus	nl	anatomie-nl	gecureerd,templates	6		12.31
extensor	nl	template	templates	28		12.29
externa	nl	template	templates	28		12.29
gewrichtseffusie	nl	descriptoren-bevindingen	gecureerd,templates	7		12.28
atheromatose	nl	descriptoren-bevindingen	gecureerd,templates	5		12.27
hyperplasie	nl	descriptoren-bevindingen	gecureerd,templates	5		12.27
profundus	la	template	templates	15		12.2
subacromialis	la	template	templates	11		12.2
epicondylus	la	template	templates,uberon	8		12.19
enthesitis	nl	descriptoren-bevindingen	gecureerd,templates	4		12.13
epididymitis	nl	pathologie	gecureerd,templates	4		12.13
extensor carpi ulnaris	la	latijn-msk-kern	gecureerd,templates-veld	4		12.13
femur	nl	anatomie-nl	gecureerd,templates,uberon	4		12.13
mediastinum	nl	anatomie-nl	gecureerd,templates,uberon	4		12.13
orchitis	nl	pathologie	gecureerd,templates	4		12.13
tibia	nl	anatomie-nl	gecureerd,templates,uberon	4		12.13
arteria	nl	template	templates	26		12.04
lateralisatie	nl	template	templates	30		12.02
abdomen	nl	template	templates,uberon	14		11.98
brevis	la	template	templates	14		11.98
deltoideum	la	template	templates	14		11.98
hallucis	la	template	templates	14		11.98
aortaboog	nl	anatomie-nl	gecureerd,templates	6		11.81
fascia plantaris	nl	anatomie-nl	gecureerd,templates-veld	6		11.81
SI-gewrichten	nl	anatomie-nl	gecureerd,templates	6		11.81
isthmus	nl	anatomie-nl	gecureerd,templates	5		11.77
arterieel	nl	template	templates	20		11.66
aorta abdominalis	nl	anatomie-nl	gecureerd,templates-veld,uberon	4		11.63
beenmergoedeem	nl	descriptoren-bevindingen	gecureerd,templates	4		11.63
enthesopathie	nl	descriptoren-bevindingen	gecureerd,templates	4		11.63
ovaria	nl	anatomie-nl	gecureerd,templates	4		11.63
prevertebraal	nl	verslagtaal	gecureerd,templates	4		11.63
pyelum	nl	anatomie-nl	gecureerd,templates	4		11.63
sinus sphenoidalis	nl	anatomie-nl	gecureerd,templates-veld,uberon	4		11.63
subacromiale ruimte	nl	anatomie-nl	gecureerd,templates-veld	4		11.63
transitiezone	nl	anatomie-nl	gecureerd,templates	4		11.63
vergeleken met het vorige onderzoek	nl	descriptoren-bevindingen	gecureerd	0	ja	11.5
anserinus	la	template	templates	12		11.48
femoris	la	template	templates	12		11.48
medius	la	template	templates	12		11.48
minimus	la	template	templates	12		11.48
rectus	la	template	templates	12		11.48
sartorius	la	template	templates	12		11.48
teres	nl	template	templates	22		11.47
epiglottis	nl	anatomie-nl	gecureerd,templates,uberon	2		11.35
adnexen	nl	anatomie-nl	gecureerd,templates	5		11.27
syndroom	nl	template	opentaal,templates	13		11.24
hepaticae	la	template	templates	8		11.19
interna	nl	template	templates	20		11.16
gyri	nl	anatomie-nl	gecureerd,templates	4		11.13
sulci	nl	anatomie-nl	gecureerd,templates	4		11.13
focale	nl	template	templates	23		11.12
letsels	nl	descriptoren-bevindingen	gecureerd,templates	30		11.02
beenderige	nl	template	templates	22		10.97
reflectiviteit	nl	template	templates	22		10.97
radiografisch	nl	template	templates	16		10.92
signaal	nl	template	templates	16		10.92
carotis	la	template	templates	10		10.89
jugularis	la	template	templates	10		10.89
recessus	la	template	templates	10		10.89
thorax	nl	template	templates,uberon	10		10.89
distaal	nl	verslagtaal	gecureerd,templates	3		10.85
endometriose	nl	pathologie	gecureerd,opentaal,templates	2		10.85
kyfose	nl	descriptoren-bevindingen	gecureerd,templates	3		10.85
lordose	nl	descriptoren-bevindingen	gecureerd,templates	3		10.85
proximaal	nl	verslagtaal	gecureerd,templates	3		10.85
posterieur	nl	verslagtaal	gecureerd,templates	28		10.79
spondylolysis	la	template	templates	7		10.78
bicepspees	nl	anatomie-nl	gecureerd,templates	27		10.66
popliteale	nl	template	templates	20		10.66
vetplan	nl	template	templates	20		10.66
achterste kruisband	nl	anatomie-nl	gecureerd,templates-veld	4		10.63
diffusiebeperking	nl	descriptoren-bevindingen	gecureerd,templates	4		10.63
facetgewrichten	nl	anatomie-nl	gecureerd,templates	4		10.63
gewrichtsvocht	nl	descriptoren-bevindingen	gecureerd,templates	4		10.63
longvelden	nl	anatomie-nl	gecureerd,templates	4		10.63
pes anserinus	nl	anatomie-nl	gecureerd,templates-veld	4		10.63
sinus frontalis	nl	anatomie-nl	gecureerd,templates-veld	4		10.63
voorste kruisband	nl	anatomie-nl	gecureerd,templates-veld	4		10.63
vrije lucht	nl	descriptoren-bevindingen	gecureerd,templates-veld	4		10.63
insertio	nl	template	templates	17		10.62
cysten	nl	template	templates	14		10.48
intermediolair	nl	template	templates	14		10.48
meniscus	nl	anatomie-nl	gecureerd,telnyx,templates,uberon	12		10.48
tibiofibulair	nl	template	templates	14		10.48
tibiofibulaire syndesmose	nl	template	templates-veld	14		10.48
trochanter	nl	template	templates,uberon	12		10.48
chopart	nl	template	templates	16		10.42
profunda	nl	template	templates	16		10.42
pronator	nl	template	templates	16		10.42
hyperintense	en	descriptoren-bevindingen	gecureerd,templates	2		10.35
mediastinitis	nl	pathologie	gecureerd,templates	2		10.35
ulna	nl	anatomie-nl	gecureerd,templates,uberon	2		10.35
urolithiasis	nl	descriptoren-bevindingen	gecureerd,templates	2		10.35
inguinaal	nl	template	templates	13		10.24
axillaris	la	template	templates	8		10.19
brachialis	la	template	templates	8		10.19
lateralis	la	template	templates	8		10.19
medialis	la	template	templates	8		10.19
vertebralis	la	template	templates	8		10.19
septum	la	template	telnyx,templates,uberon	4		10.13
vascularisatie	nl	template	templates	17		10.12
tarsi	nl	template	templates	14		9.98
cubitale	nl	template	templates	16		9.92
ligament	nl	template	telnyx,templates,uberon	45		9.9
botdensitometrie	nl	technieken-sequenties	gecureerd,templates	3		9.85
epiduraal	nl	verslagtaal	gecureerd,templates	2		9.85
invaginatie	nl	descriptoren-bevindingen	gecureerd,templates	3		9.85
labrumletsel	nl	pathologie	gecureerd,templates	3		9.85
metastasen	nl	descriptoren-bevindingen	gecureerd,templates	2		9.85
middenvoet	nl	anatomie-nl	gecureerd,templates	3		9.85
osteosynthese	nl	materiaal-interventie	gecureerd,templates	2		9.85
pancreasstaart	nl	anatomie-nl	gecureerd,templates	2		9.85
spondylolyse	nl	descriptoren-bevindingen	gecureerd,templates	2		9.85
stenose	nl	descriptoren-bevindingen	gecureerd,templates	2		9.85
subcorticaal	nl	verslagtaal	gecureerd,templates	2		9.85
subduraal	nl	verslagtaal	gecureerd,templates	2		9.85
galwegen	nl	anatomie-nl	gecureerd,templates	21		9.82
lever	nl	anatomie-nl	gecureerd,templates	21		9.82
listhesis	la	template	templates	7		9.78
palmaris	la	template	templates	7		9.78
pollicis	la	template	templates	7		9.78
proprius	la	template	templates	7		9.78
carpale	nl	template	templates	13		9.74
collateraal	nl	template	templates	11		9.7
paravertebrale	nl	template	templates	11		9.7
Graf	nl	classificaties-scores	gecureerd,templates	8		9.69
post-anastomosis	la	template	templates	8		9.69
pre-anastomosis	la	template	templates	8		9.69
weke	nl	template	templates	84		9.55
CVA	afk	afkortingen	gecureerd,telnyx	0		9.5
DVT	afk	afkortingen	gecureerd,telnyx	0		9.5
ultrasound	en	technieken-sequenties	gecureerd	0	ja	9.5
blaas	nl	anatomie-nl	gecureerd,templates	19		9.49
nieren	nl	anatomie-nl	gecureerd,templates	19		9.49
chopard	nl	template	templates	14		9.48
interosseuze	nl	template	templates	14		9.48
interosseuze ligamenten	nl	template	templates-veld	14		9.48
kager vetplan	nl	template	templates-veld	14		9.48
tibiofibulaire	nl	template	templates	14		9.48
trachea	nl	anatomie-nl	gecureerd,templates,uberon	12		9.48
intra-articulair vocht	nl	template	templates-veld	10		9.39
materiaal	nl	template	templates	10		9.39
veneus	nl	template	templates	10		9.39
acetabulum	nl	anatomie-nl	gecureerd,templates	2		9.35
lunatum	nl	anatomie-nl	gecureerd,templates	2		9.35
vena jugularis interna	nl	anatomie-nl	gecureerd,templates-veld,uberon	2		9.35
abdominalis	la	template	templates	6		9.31
callosum	la	template	templates	6		9.31
extensorum	la	template	templates	6		9.31
fibrosis	la	template	templates	6		9.31
galblaas	nl	anatomie-nl	gecureerd,templates	18		9.31
heup	nl	anatomie-nl	gecureerd,templates	18		9.31
lacertus	la	template	templates	6		9.31
carpi	nl	template	templates	11		9.2
labrale	nl	template	templates	11		9.2
cortex	nl	anatomie-nl	gecureerd,telnyx,templates,uberon	8		9.19
hepatica	nl	template	templates	8		9.19
intima	nl	template	telnyx,templates	8		9.19
processus	la	template	templates,uberon	4		9.13
styloideus	la	template	templates	4		9.13
transversum	la	template	templates	4		9.13
milt	nl	anatomie-nl	gecureerd,templates	17		9.12
schildklier	nl	anatomie-nl	gecureerd,templates	17		9.12
palmair	nl	template	templates	9		9.06
subacromiale	nl	template	templates	9		9.06
CEUS	afk	afkortingen	gecureerd	0		9.0
CKD	afk	afkortingen	gecureerd,telnyx	0		9.0
computed tomography	en	technieken-sequenties	gecureerd	0	ja	9.0
CT	afk	afkortingen	gecureerd,telnyx	0		9.0
PD	afk	afkortingen	gecureerd,telnyx	0		9.0
PE	afk	afkortingen	gecureerd,telnyx	0		9.0
RX	afk	afkortingen	gecureerd,telnyx	0		9.0
SC	afk	afkortingen	gecureerd,telnyx	0		9.0
T1-weighted	en	technieken-sequenties	gecureerd	0	ja	9.0
T2-weighted	en	technieken-sequenties	gecureerd	0	ja	9.0
corticomedullaire	nl	template	templates	12		8.98
discusbulging	nl	template	templates	12		8.98
distale	nl	template	templates	12		8.98
linkernier	nl	template	templates	12		8.98
rechternier	nl	template	templates	12		8.98
aantoonbaar	nl	template	templates	71		8.97
gewricht	nl	template	templates	71		8.97
prostaat	nl	anatomie-nl	gecureerd,templates	16		8.92
iliaca	nl	template	templates	10		8.89
iliofemorale	nl	template	templates	10		8.89
paravertebrale weke delen	nl	template	templates-veld	10		8.89
femurkop	nl	anatomie-nl	gecureerd,templates	2		8.85
verkalkingen	nl	descriptoren-bevindingen	gecureerd,templates	2		8.85
gewrichtsmuis	la	template	templates	6		8.81
parotis	la	template	templates	6		8.81
tussenwervelruimte	nl	template	templates	11		8.7
wandaflijning	nl	template	templates	11		8.7
wervelhoogte	nl	template	templates	11		8.7
arteria fibularis	nl	template	templates-veld,uberon	8		8.69
arterieel signaal	nl	template	templates-veld	8		8.69
calcaneo-fibulair	nl	template	templates	8		8.69
collaterale ligamenten	nl	template	templates-veld	8		8.69
echografisch	nl	template	templates	8		8.69
echotextuur	nl	template	templates	8		8.69
peritrochanterica	nl	template	templates	8		8.69
subglutale	nl	template	templates	8		8.69
talo-fibulair	nl	template	templates	8		8.69
talo-naviculair	nl	template	templates	8		8.69
ulnair	nl	template	templates	8		8.69
vena cephalica	nl	template	templates-veld,uberon	8		8.69
thromboflebitis	la	template	templates	4		8.63
uterus	nl	anatomie-nl	gecureerd,templates,uberon	9		8.56
ACA	afk	afkortingen	gecureerd	0		8.5
ACC	afk	afkortingen	gecureerd	0		8.5
ACI	afk	afkortingen	gecureerd	0		8.5
ACP	afk	afkortingen	gecureerd	0		8.5
AFP	afk	afkortingen	gecureerd	0		8.5
AMI	afk	afkortingen	gecureerd	0		8.5
ASD	afk	afkortingen	gecureerd	0		8.5
BMI	afk	afkortingen	gecureerd	0		8.5
CCF	afk	afkortingen	gecureerd	0		8.5
CEA	afk	afkortingen	gecureerd	0		8.5
CHD	afk	afkortingen	gecureerd	0		8.5
COP	afk	afkortingen	gecureerd	0		8.5
CPR	afk	afkortingen	gecureerd	0		8.5
CRP	afk	afkortingen	gecureerd	0		8.5
CTA	afk	afkortingen	gecureerd	0		8.5
ECOG	afk	afkortingen	gecureerd	0		8.5
eGFR	afk	afkortingen	gecureerd	0		8.5
FDP	afk	afkortingen	gecureerd	0		8.5
FDS	afk	afkortingen	gecureerd	0		8.5
GFR	afk	afkortingen	gecureerd	0		8.5
HOCM	afk	afkortingen	gecureerd	0		8.5
HRCT	afk	afkortingen	gecureerd	0		8.5
ICH	afk	afkortingen	gecureerd	0		8.5
IMA	afk	afkortingen	gecureerd	0		8.5
IST	afk	afkortingen	gecureerd	0		8.5
IVC	afk	afkortingen	gecureerd	0		8.5
IVS	afk	afkortingen	gecureerd	0		8.5
LVEDV	afk	afkortingen	gecureerd	0		8.5
magnetic resonance imaging	en	technieken-sequenties	gecureerd	0	ja	8.5
MPR	afk	afkortingen	gecureerd	0		8.5
MRA	afk	afkortingen	gecureerd	0		8.5
MRV	afk	afkortingen	gecureerd	0		8.5
PSA	afk	afkortingen	gecureerd	0		8.5
RCVS	afk	afkortingen	gecureerd	0		8.5
SCLC	afk	afkortingen	gecureerd	0		8.5
SVC	afk	afkortingen	gecureerd	0		8.5
VSD	afk	afkortingen	gecureerd	0		8.5
achillespees	nl	anatomie-nl	gecureerd,templates	14		8.48
discusbulging / hernia	nl	template	templates-veld	12		8.48
hoogte en alignatie	nl	template	templates-veld	12		8.48
scheur	nl	descriptoren-bevindingen	gecureerd,templates	14		8.48
avulsiefragmenten	nl	template	templates	10		8.39
bigliani	nl	template	templates	10		8.39
extensorpezen	nl	template	templates	10		8.39
facet gewrichten	nl	template	templates-veld	10		8.39
flexorpezen	nl	template	templates	10		8.39
gedilateerde	nl	template	templates	10		8.39
tricepspees	nl	template	templates	10		8.39
capsulitis	la	template	templates	3		8.35
radii	nl	template	templates	6		8.31
subdeltoidea	nl	template	templates	6		8.31
supra	nl	template	templates	6		8.31
trans	nl	template	templates	6		8.31
intersectie syndroom	nl	template	templates-veld	7		8.28
lymfklieren	nl	template	templates	7		8.28
valgus-varus	la	template	templates	5		8.27
acromiale	nl	template	templates	8		8.19
arteria tibialis anterior	nl	template	templates-veld,uberon	8		8.19
arteria tibialis posterior	nl	template	templates-veld,uberon	8		8.19
bennett's	nl	template	templates	8		8.19
cephalica	nl	template	templates	8		8.19
disc- en facetartrose	nl	template	templates-veld	8		8.19
dorsal	nl	template	templates	8		8.19
magna	nl	template	templates	8		8.19
mean	nl	template	templates	8		8.19
mediastinale	nl	template	templates	8		8.19
parva	nl	template	templates	8		8.19
renale	nl	template	templates	8		8.19
saphena	nl	template	templates	8		8.19
surales	nl	template	templates	8		8.19
velocity	nl	template	templates	8		8.19
vena saphena magna	nl	template	templates-veld,uberon	8		8.19
vena saphena parva	nl	template	templates-veld,uberon	8		8.19
annulus	la	template	templates	4		8.13
ethmoidalis	la	template	templates	4		8.13
frontalis	la	template	templates	4		8.13
inguinalis	la	template	templates	4		8.13
ischiadicus	la	template	templates	4		8.13
latae	la	template	templates	4		8.13
ligamentum	la	template	templates	4		8.13
maxillaris	la	template	templates	4		8.13
parvus	la	template	templates	4		8.13
pleurae	la	template	templates	4		8.13
sphenoidalis	la	template	templates	4		8.13
stroma	nl	template	telnyx,templates,uberon	4		8.13
tardus	la	template	templates	4		8.13
AC	afk	afkortingen	gecureerd	0		8.0
ACM	afk	afkortingen	gecureerd	0		8.0
ALPSA	afk	afkortingen	gecureerd	0		8.0
ARVC	afk	afkortingen	gecureerd	0		8.0
AV	afk	afkortingen	gecureerd	0		8.0
C1	afk	afkortingen	gecureerd	0		8.0
C2	afk	afkortingen	gecureerd	0		8.0
C3	afk	afkortingen	gecureerd	0		8.0
C4	afk	afkortingen	gecureerd	0		8.0
C5	afk	afkortingen	gecureerd	0		8.0
C6	afk	afkortingen	gecureerd	0		8.0
C7	afk	afkortingen	gecureerd	0		8.0
CA 19-9	afk	afkortingen	gecureerd	0		8.0
CA-125	afk	afkortingen	gecureerd	0		8.0
CADASIL	afk	afkortingen	gecureerd	0		8.0
CBCT	afk	afkortingen	gecureerd	0		8.0
colitis ulcerosa	nl	tekens-eponiemen	gecureerd	0		8.0
Colles-fractuur	nl	tekens-eponiemen	gecureerd	0		8.0
Collin	nl	classificaties-scores	gecureerd	0		8.0
collum femoris	la	latijn-msk-kern	gecureerd,uberon	0		8.0
CTPA	afk	afkortingen	gecureerd	0		8.0
CTU	afk	afkortingen	gecureerd	0		8.0
DAVF	afk	afkortingen	gecureerd	0		8.0
DCM	afk	afkortingen	gecureerd	0		8.0
DECT	afk	afkortingen	gecureerd	0		8.0
DLP	afk	afkortingen	gecureerd	0		8.0
DSA	afk	afkortingen	gecureerd	0		8.0
EF	afk	afkortingen	gecureerd	0		8.0
EPB	afk	afkortingen	gecureerd	0		8.0
epifysiolyse	nl	tekens-eponiemen	gecureerd	0		8.0
FFE	afk	afkortingen	gecureerd	0		8.0
FOV	afk	afkortingen	gecureerd	0		8.0
FSE	afk	afkortingen	gecureerd	0		8.0
GH	afk	afkortingen	gecureerd	0		8.0
HAGL	afk	afkortingen	gecureerd	0		8.0
ILD	afk	afkortingen	gecureerd	0		8.0
IR	afk	afkortingen	gecureerd	0		8.0
ITB	afk	afkortingen	gecureerd	0		8.0
IVH	afk	afkortingen	gecureerd	0		8.0
L1	afk	afkortingen	gecureerd	0		8.0
L2	afk	afkortingen	gecureerd	0		8.0
L3	afk	afkortingen	gecureerd	0		8.0
L4	afk	afkortingen	gecureerd	0		8.0
L5	afk	afkortingen	gecureerd	0		8.0
LDCT	afk	afkortingen	gecureerd	0		8.0
LM	afk	afkortingen	gecureerd	0		8.0
LTL	afk	afkortingen	gecureerd	0		8.0
MinIP	afk	afkortingen	gecureerd	0		8.0
MIP	afk	afkortingen	gecureerd	0		8.0
MOG	afk	afkortingen	gecureerd	0		8.0
Morton-neuroom	nl	tekens-eponiemen	gecureerd	0		8.0
musculus anconeus	la	latijn-msk-kern	gecureerd,uberon	0		8.0
musculus deltoideus	la	latijn-msk-kern	gecureerd,uberon	0		8.0
musculus pectineus	la	latijn-msk-kern	gecureerd,uberon	0		8.0
musculus popliteus	la	latijn-msk-kern	gecureerd,uberon	0		8.0
musculus rhomboideus	la	latijn-msk-kern	gecureerd,uberon	0		8.0
musculus sternocleidomastoideus	la	latijn-msk-kern	gecureerd,uberon	0		8.0
nervus glossopharyngeus	la	latijn-msk-kern	gecureerd,uberon	0		8.0
nervus musculocutaneus	la	latijn-msk-kern	gecureerd,uberon	0		8.0
NMO	afk	afkortingen	gecureerd	0		8.0
os trigonum	nl	tekens-eponiemen	gecureerd,uberon	0		8.0
paraoesofageale hernia	nl	tekens-eponiemen	gecureerd	0		8.0
PDFS	afk	afkortingen	gecureerd	0		8.0
perivasculaire ruimten	nl	tekens-eponiemen	gecureerd	0		8.0
PITFL	afk	afkortingen	gecureerd	0		8.0
PML	afk	afkortingen	gecureerd	0		8.0
processus coracoideus	la	latijn-msk-kern	gecureerd,uberon	0		8.0
PTFL	afk	afkortingen	gecureerd	0		8.0
RB-ILD	afk	afkortingen	gecureerd	0		8.0
ROI	afk	afkortingen	gecureerd	0		8.0
RV	afk	afkortingen	gecureerd	0		8.0
RVEDV	afk	afkortingen	gecureerd	0		8.0
RVEF	afk	afkortingen	gecureerd	0		8.0
S1	afk	afkortingen	gecureerd	0		8.0
S2	afk	afkortingen	gecureerd	0		8.0
SLL	afk	afkortingen	gecureerd	0		8.0
SMV	afk	afkortingen	gecureerd	0		8.0
sublabraal foramen	nl	tekens-eponiemen	gecureerd	0		8.0
T1FS	afk	afkortingen	gecureerd	0		8.0
T1W	afk	afkortingen	gecureerd	0		8.0
T2FS	afk	afkortingen	gecureerd	0		8.0
T2W	afk	afkortingen	gecureerd	0		8.0
TCC	afk	afkortingen	gecureerd	0		8.0
tendo calcaneus	la	latijn-msk-kern	gecureerd,uberon	0		8.0
TGA	afk	afkortingen	gecureerd	0		8.0
Th1	afk	afkortingen	gecureerd	0		8.0
Th10	afk	afkortingen	gecureerd	0		8.0
Th11	afk	afkortingen	gecureerd	0		8.0
Th12	afk	afkortingen	gecureerd	0		8.0
Th2	afk	afkortingen	gecureerd	0		8.0
Th3	afk	afkortingen	gecureerd	0		8.0
Th4	afk	afkortingen	gecureerd	0		8.0
Th5	afk	afkortingen	gecureerd	0		8.0
Th6	afk	afkortingen	gecureerd	0		8.0
Th7	afk	afkortingen	gecureerd	0		8.0
Th8	afk	afkortingen	gecureerd	0		8.0
Th9	afk	afkortingen	gecureerd	0		8.0
TP	afk	afkortingen	gecureerd	0		8.0
US	afk	afkortingen	gecureerd	0		8.0
VOI	afk	afkortingen	gecureerd	0		8.0
bijnieren	nl	anatomie-nl	gecureerd,templates	12		7.98
dislocatie	nl	descriptoren-bevindingen	gecureerd,templates	12		7.98
elleboog	nl	anatomie-nl	gecureerd,templates	12		7.98
beenmergsignaal	nl	template	templates	6		7.81
extra-hepatisch	nl	template	templates	6		7.81
fibulo-calcaneair	nl	template	templates	6		7.81
fibulotalair	nl	template	templates	6		7.81
glenohumeraal	nl	template	templates	6		7.81
hydro-ureteronefrose	nl	template	templates	6		7.81
infra-patellair	nl	template	templates	6		7.81
intracraniele	nl	template	templates	6		7.81
pericerebrale	nl	template	templates	6		7.81
perifere	nl	template	templates	6		7.81
periventriculaire	nl	template	templates	6		7.81
plantair	nl	template	templates	6		7.81
preproceduraal	nl	template	templates	6		7.81
radiair	nl	template	templates	6		7.81
retroversie	nl	template	templates	6		7.81
subcorticale	nl	template	templates	6		7.81
supra-patellaire	nl	template	templates	6		7.81
tibio-calcaneair	nl	template	templates	6		7.81
ulno-humeraal	nl	template	templates	6		7.81
cervicale	nl	template	templates	7		7.78
quervain	nl	template	templates	7		7.78
testis	nl	anatomie-nl	gecureerd,templates,uberon	7		7.78
triphasic	nl	template	templates	7		7.78
vagina	nl	anatomie-nl	gecureerd,templates,uberon	7		7.78
rectum	nl	anatomie-nl	gecureerd,telnyx,templates,uberon	5		7.77
blaaswand	nl	anatomie-nl	gecureerd,templates	11		7.7
arteria popliteale	nl	template	templates-veld	8		7.69
beenderig	nl	template	templates	8		7.69
bifurcal	nl	template	templates	8		7.69
birads	nl	template	templates	8		7.69
calcaneo-cuboideal	nl	template	templates	8		7.69
chopart gewricht	nl	template	templates-veld	8		7.69
costodiafragmatische	nl	template	templates	8		7.69
diafragmakoepel	nl	template	templates	8		7.69
femoroacetabulaire	nl	template	templates	8		7.69
femoroacetabulaire hydrops	nl	template	templates-veld	8		7.69
flowrichting	nl	template	templates	8		7.69
focale letsels	nl	template	templates-veld	8		7.69
iliofemorale ligament	nl	template	templates-veld	8		7.69
iliotibiale	nl	template	templates	8		7.69
iliotibiale band	nl	template	templates-veld	8		7.69
intercarpale	nl	template	templates	8		7.69
intercarpale gewrichten	nl	template	templates-veld	8		7.69
intertarsale	nl	template	templates	8		7.69
intertarsale gewrichten	nl	template	templates-veld	8		7.69
kraakbenige	nl	template	templates	8		7.69
lisfranc gewricht	nl	template	templates-veld	8		7.69
massa-componenten	nl	template	templates	8		7.69
mediastinale schaduw	nl	template	templates-veld	8		7.69
niercortex	nl	template	templates	8		7.69
parenchymdikte	nl	template	templates	8		7.69
parentchym	nl	template	templates	8		7.69
piekstroomsnelheid	nl	template	templates	8		7.69
posterolaterale	nl	template	templates	8		7.69
reflectiviteit niercortex	nl	template	templates-veld	8		7.69
resistentie-index	nl	template	templates	8		7.69
SIAI	nl	template	templates	8		7.69
SIAS	nl	template	templates	8		7.69
tibio-calcaneare	nl	template	templates	8		7.69
vena basilica	nl	template	templates-veld	8		7.69
vena fibularis	nl	template	templates-veld	8		7.69
vena popliteale	nl	template	templates-veld	8		7.69
venae surales	nl	template	templates-veld	8		7.69
discusstatus	la	template	templates	4		7.63
neusseptum	la	template	templates	4		7.63
romanus	la	template	templates	4		7.63
verhoudingen	nl	template	templates	47		7.55
appendicitis	nl	descriptoren-bevindingen	gecureerd,opentaal,telnyx	0		7.5
ASPECTS	nl	classificaties-scores	gecureerd	0		7.5
Baastrup	nl	tekens-eponiemen	gecureerd	0		7.5
Barrett	nl	tekens-eponiemen	gecureerd	0		7.5
Bechterew	nl	tekens-eponiemen	gecureerd	0		7.5
Bochdalek	nl	tekens-eponiemen	gecureerd	0		7.5
Budd-Chiari	nl	tekens-eponiemen	gecureerd	0		7.5
Caroli	nl	tekens-eponiemen	gecureerd	0		7.5
cellulitis	nl	pathologie	gecureerd,opentaal,telnyx	0		7.5
Chiari	nl	tekens-eponiemen	gecureerd	0		7.5
Chilaiditi	nl	tekens-eponiemen	gecureerd	0		7.5
Cockett	nl	tekens-eponiemen	gecureerd	0		7.5
Courvoisier	nl	tekens-eponiemen	gecureerd	0		7.5
Creutzfeldt-Jakob	nl	tekens-eponiemen	gecureerd	0		7.5
Crohn	nl	tekens-eponiemen	gecureerd	0		7.5
DeBakey	nl	classificaties-scores	gecureerd	0		7.5
Ehlers-Danlos	nl	tekens-eponiemen	gecureerd	0		7.5
fabella	nl	tekens-eponiemen	gecureerd	0		7.5
Fisher	nl	classificaties-scores	gecureerd	0		7.5
Forestier	nl	tekens-eponiemen	gecureerd	0		7.5
Fournier	nl	tekens-eponiemen	gecureerd	0		7.5
Frykman	nl	classificaties-scores	gecureerd	0		7.5
Gartland	nl	classificaties-scores	gecureerd	0		7.5
gastritis	nl	pathologie	gecureerd,opentaal,telnyx	0		7.5
Haglund	nl	tekens-eponiemen	gecureerd	0		7.5
Hashimoto	nl	tekens-eponiemen	gecureerd	0		7.5
Hirschsprung	nl	tekens-eponiemen	gecureerd	0		7.5
Hounsfield	nl	tekens-eponiemen	gecureerd	0		7.5
ileum	nl	anatomie-nl	gecureerd,telnyx,uberon	0		7.5
jejunum	nl	anatomie-nl	gecureerd,telnyx,uberon	0		7.5
Kanavel	nl	classificaties-scores	gecureerd	0		7.5
Kawasaki	nl	tekens-eponiemen	gecureerd	0		7.5
Kienböck	nl	tekens-eponiemen	gecureerd	0		7.5
Klatskin	nl	tekens-eponiemen	gecureerd	0		7.5
Legg-Calvé-Perthes	nl	tekens-eponiemen	gecureerd	0		7.5
Leriche	nl	tekens-eponiemen	gecureerd	0		7.5
Madelung	nl	tekens-eponiemen	gecureerd	0		7.5
mandibula	la	latijn-msk-kern	gecureerd,uberon	0		7.5
Marfan	nl	tekens-eponiemen	gecureerd	0		7.5
maxilla	la	latijn-msk-kern	gecureerd,uberon	0		7.5
meningitis	nl	pathologie	gecureerd,opentaal,telnyx	0		7.5
Modic	nl	classificaties-scores	gecureerd	0		7.5
Morgagni	nl	tekens-eponiemen	gecureerd	0		7.5
Moyamoya	nl	tekens-eponiemen	gecureerd	0		7.5
NASCET	nl	classificaties-scores	gecureerd	0		7.5
Nutcracker	nl	tekens-eponiemen	gecureerd	0		7.5
Ollier	nl	tekens-eponiemen	gecureerd	0		7.5
Osgood-Schlatter	nl	tekens-eponiemen	gecureerd	0		7.5
Paget	nl	tekens-eponiemen	gecureerd	0		7.5
pancreatitis	nl	pathologie	gecureerd,opentaal,telnyx	0		7.5
pericarditis	nl	pathologie	gecureerd,opentaal,telnyx	0		7.5
peritoneum	nl	anatomie-nl	gecureerd,telnyx,uberon	0		7.5
peritonitis	nl	pathologie	gecureerd,opentaal,telnyx	0		7.5
Perthes	nl	tekens-eponiemen	gecureerd	0		7.5
Peyronie	nl	tekens-eponiemen	gecureerd	0		7.5
Schatzker	nl	classificaties-scores	gecureerd	0		7.5
Scheuermann	nl	tekens-eponiemen	gecureerd	0		7.5
Stafne	nl	tekens-eponiemen	gecureerd	0		7.5
Stoller	nl	classificaties-scores	gecureerd	0		7.5
Sturge-Weber	nl	tekens-eponiemen	gecureerd	0		7.5
Takayasu	nl	tekens-eponiemen	gecureerd	0		7.5
thumbprinting	nl	tekens-eponiemen	gecureerd	0		7.5
TNM	nl	classificaties-scores	gecureerd	0		7.5
Warthin	nl	tekens-eponiemen	gecureerd	0		7.5
Wernicke	nl	tekens-eponiemen	gecureerd	0		7.5
Wilkie	nl	tekens-eponiemen	gecureerd	0		7.5
enkel	nl	anatomie-nl	gecureerd,templates	10		7.39
sinussen	nl	anatomie-nl	gecureerd,templates	10		7.39
vernauwing	nl	descriptoren-bevindingen	gecureerd,templates	10		7.39
cardia	nl	template	telnyx,templates	3		7.35
descensus	la	template	templates	3		7.35
fibromatosis	la	template	templates	3		7.35
fibrosus	la	template	templates	3		7.35
inferius	la	template	templates	3		7.35
peristalsis	la	template	templates	2		7.35
sagittalis	la	template	templates	3		7.35
subcutis	la	template	templates	2		7.35
superius	la	template	templates	3		7.35
glenoidale	nl	template	templates	6		7.31
radiair collateraal ligament	nl	template	templates-veld	6		7.31
radio/ulno-humeraal & hydrops	nl	template	templates-veld	6		7.31
snapping	nl	template	templates	6		7.31
spine	nl	template	templates	6		7.31
triceps	nl	template	templates	6		7.31
tuberositas	nl	template	templates	6		7.31
architectuurverstoringen	nl	template	templates	7		7.28
brev	nl	template	templates	7		7.28
fascia palmaris	nl	template	templates-veld	7		7.28
flexor indices	nl	template	templates-veld	7		7.28
glenohumerale	nl	template	templates	7		7.28
middenste	nl	template	templates	7		7.28
palmaris longus	nl	template	templates-veld	7		7.28
pulleys	nl	template	templates	7		7.28
ulnaire	nl	template	templates	7		7.28
axillair	nl	template	templates	5		7.27
collecties	nl	template	templates	5		7.27
cystische	nl	template	templates	5		7.27
defaecografie	nl	template	templates	5		7.27
infraclaviculair	nl	template	templates	5		7.27
inguinaal kanaal	nl	template	templates-veld	5		7.27
arteria femoralis communis	nl	template	templates-veld	8		7.19
arteria femoralis profunda	nl	template	templates-veld	8		7.19
arteria femoralis superficialis	nl	template	templates-veld	8		7.19
follow-up	nl	descriptoren-bevindingen	gecureerd,templates	8		7.19
galblaas en galwegen	nl	template	templates-veld	8		7.19
mean velocity post-anastomosis	nl	template	templates-veld	8		7.19
mean velocity pre-anastomosis	nl	template	templates-veld	8		7.19
pees extensor digitorum	nl	template	templates-veld	8		7.19
rectus femoris spierbuik	nl	template	templates-veld	8		7.19
subglutale bursa / bursa peritrochanterica	nl	template	templates-veld	8		7.19
tibio-calcaneare en -spring	nl	template	templates-veld	8		7.19
vena femoralis communis	nl	template	templates-veld	8		7.19
vena femoralis profunda	nl	template	templates-veld	8		7.19
vena femoralis superficialis	nl	template	templates-veld	8		7.19
vena tibialis anterior	nl	template	templates-veld	8		7.19
vena tibialis posterior	nl	template	templates-veld	8		7.19
ligamenten	nl	template	templates	42		7.16
epicondyl	nl	template	templates	4		7.13
laryngopharynx	nl	template	templates	4		7.13
medulla	nl	template	telnyx,templates	4		7.13
neuroforamina	nl	template	templates	4		7.13
gewrichten	nl	template	templates	41		7.08
pols	nl	anatomie-nl	gecureerd,templates	9		7.06
A-lijnen	nl	tekens-eponiemen	gecureerd	0		7.0
AAST graad	nl	classificaties-scores	gecureerd	0		7.0
ACR A	nl	classificaties-scores	gecureerd	0		7.0
ACR B	nl	classificaties-scores	gecureerd	0		7.0
ACR C	nl	classificaties-scores	gecureerd	0		7.0
ACR D	nl	classificaties-scores	gecureerd	0		7.0
Agatston	nl	classificaties-scores	gecureerd	0		7.0
Agatston-score	nl	classificaties-scores	gecureerd	0		7.0
Ahlbäck	nl	classificaties-scores	gecureerd	0		7.0
alfahoek	nl	classificaties-scores	gecureerd	0		7.0
Allman	nl	classificaties-scores	gecureerd	0		7.0
ALPSA-letsel	nl	tekens-eponiemen	gecureerd	0		7.0
Alvarado	nl	classificaties-scores	gecureerd	0		7.0
Ann Arbor	nl	classificaties-scores	gecureerd	0		7.0
AO-classificatie	nl	classificaties-scores	gecureerd	0		7.0
AO/OTA	nl	classificaties-scores	gecureerd	0		7.0
AOSpine	nl	classificaties-scores	gecureerd	0		7.0
appelklokhuis	nl	tekens-eponiemen	gecureerd	0		7.0
apple core	nl	tekens-eponiemen	gecureerd	0		7.0
arcus vertebrae	la	latijn-msk-kern	gecureerd,uberon	0		7.0
Arnold-Chiari	nl	tekens-eponiemen	gecureerd	0		7.0
Atlanta-classificatie	nl	classificaties-scores	gecureerd	0		7.0
atoll-teken	nl	tekens-eponiemen	gecureerd	0		7.0
B-lijnen	nl	tekens-eponiemen	gecureerd	0		7.0
Baker-cyste	nl	tekens-eponiemen	gecureerd	0		7.0
Balthazar	nl	classificaties-scores	gecureerd	0		7.0
Bankart-letsel	nl	tekens-eponiemen	gecureerd	0		7.0
barcode sign	nl	tekens-eponiemen	gecureerd	0		7.0
Barkhof	nl	classificaties-scores	gecureerd	0		7.0
Barton-fractuur	nl	tekens-eponiemen	gecureerd	0		7.0
benige Bankart	nl	tekens-eponiemen	gecureerd	0		7.0
Bennett-fractuur	nl	tekens-eponiemen	gecureerd	0		7.0
Bertolotti	nl	tekens-eponiemen	gecureerd	0		7.0
BI-RADS 0	nl	classificaties-scores	gecureerd	0		7.0
BI-RADS 1	nl	classificaties-scores	gecureerd	0		7.0
BI-RADS 2	nl	classificaties-scores	gecureerd	0		7.0
BI-RADS 3	nl	classificaties-scores	gecureerd	0		7.0
BI-RADS 4	nl	classificaties-scores	gecureerd	0		7.0
BI-RADS 4a	nl	classificaties-scores	gecureerd	0		7.0
BI-RADS 4b	nl	classificaties-scores	gecureerd	0		7.0
BI-RADS 4c	nl	classificaties-scores	gecureerd	0		7.0
BI-RADS 5	nl	classificaties-scores	gecureerd	0		7.0
BI-RADS 6	nl	classificaties-scores	gecureerd	0		7.0
Binswanger	nl	tekens-eponiemen	gecureerd	0		7.0
bipartite patella	nl	tekens-eponiemen	gecureerd	0		7.0
bird's beak	nl	tekens-eponiemen	gecureerd	0		7.0
Blackburne-Peel	nl	classificaties-scores	gecureerd	0		7.0
Bone-RADS	nl	classificaties-scores	gecureerd	0		7.0
boomknoppatroon	nl	tekens-eponiemen	gecureerd	0		7.0
Bosniak I	nl	classificaties-scores	gecureerd	0		7.0
Bosniak II	nl	classificaties-scores	gecureerd	0		7.0
Bosniak IIF	nl	classificaties-scores	gecureerd	0		7.0
Bosniak III	nl	classificaties-scores	gecureerd	0		7.0
Bosniak IV	nl	classificaties-scores	gecureerd	0		7.0
Bouveret	nl	tekens-eponiemen	gecureerd	0		7.0
boxersfractuur	nl	tekens-eponiemen	gecureerd	0		7.0
Brooker	nl	classificaties-scores	gecureerd	0		7.0
bucket handle	nl	tekens-eponiemen	gecureerd	0		7.0
Buford-complex	nl	tekens-eponiemen	gecureerd	0		7.0
bètahoek	nl	classificaties-scores	gecureerd	0		7.0
C-RADS	nl	classificaties-scores	gecureerd	0		7.0
CAC-score	nl	classificaties-scores	gecureerd	0		7.0
CAD-RADS	nl	classificaties-scores	gecureerd	0		7.0
calciumscore	nl	classificaties-scores	gecureerd	0		7.0
cam-impingement	nl	tekens-eponiemen	gecureerd	0		7.0
caput femoris	la	latijn-msk-kern	gecureerd,uberon	0		7.0
caput radii	la	latijn-msk-kern	gecureerd,uberon	0		7.0
cartilago cricoidea	la	latijn-msk-kern	gecureerd,uberon	0		7.0
cartilago thyroidea	la	latijn-msk-kern	gecureerd,uberon	0		7.0
Caton-Deschamps	nl	classificaties-scores	gecureerd	0		7.0
cavitas glenoidalis	la	latijn-msk-kern	gecureerd,uberon	0		7.0
chauffeursfractuur	nl	tekens-eponiemen	gecureerd	0		7.0
Chiari-malformatie	nl	tekens-eponiemen	gecureerd	0		7.0
Child-Pugh	nl	classificaties-scores	gecureerd	0		7.0
Choi-criteria	nl	classificaties-scores	gecureerd	0		7.0
Clavien-Dindo	nl	classificaties-scores	gecureerd	0		7.0
cN	nl	classificaties-scores	gecureerd	0		7.0
collum anatomicum	la	latijn-msk-kern	gecureerd	0		7.0
collum chirurgicum	la	latijn-msk-kern	gecureerd	0		7.0
comet tail	nl	tekens-eponiemen	gecureerd	0		7.0
concha bullosa	nl	tekens-eponiemen	gecureerd	0		7.0
Crowe	nl	classificaties-scores	gecureerd	0		7.0
Dandy-Walker	nl	tekens-eponiemen	gecureerd	0		7.0
Danis-Weber	nl	classificaties-scores	gecureerd	0		7.0
dawson fingers	nl	tekens-eponiemen	gecureerd	0		7.0
Dawson-vingers	nl	tekens-eponiemen	gecureerd	0		7.0
de Quervain	nl	tekens-eponiemen	gecureerd	0		7.0
Deauville	nl	classificaties-scores	gecureerd	0		7.0
Deauville-score	nl	classificaties-scores	gecureerd	0		7.0
Dejour	nl	classificaties-scores	gecureerd	0		7.0
doelwitteken	nl	tekens-eponiemen	gecureerd	0		7.0
dot sign	nl	tekens-eponiemen	gecureerd	0		7.0
Douglas-holte	nl	tekens-eponiemen	gecureerd	0		7.0
draaikolkteken	nl	tekens-eponiemen	gecureerd	0		7.0
dubbele ductus	nl	tekens-eponiemen	gecureerd	0		7.0
dubbele PCL	nl	tekens-eponiemen	gecureerd	0		7.0
ECST	nl	classificaties-scores	gecureerd	0		7.0
Ellman	nl	classificaties-scores	gecureerd	0		7.0
emmerhengselscheur	nl	tekens-eponiemen	gecureerd	0		7.0
empty sella	nl	tekens-eponiemen	gecureerd	0		7.0
Essex-Lopresti	nl	classificaties-scores	gecureerd	0		7.0
EU-TIRADS	nl	classificaties-scores	gecureerd	0		7.0
FAI	nl	tekens-eponiemen	gecureerd	0		7.0
Fairbank	nl	classificaties-scores	gecureerd	0		7.0
fallen fragment	nl	tekens-eponiemen	gecureerd	0		7.0
Fazekas 1	nl	classificaties-scores	gecureerd	0		7.0
Fazekas 2	nl	classificaties-scores	gecureerd	0		7.0
Fazekas 3	nl	classificaties-scores	gecureerd	0		7.0
Ficat	nl	classificaties-scores	gecureerd	0		7.0
fish vertebra	nl	tekens-eponiemen	gecureerd	0		7.0
Fleischner-criteria	nl	classificaties-scores	gecureerd	0		7.0
Fleischner-teken	nl	tekens-eponiemen	gecureerd	0		7.0
flipped meniscus	nl	tekens-eponiemen	gecureerd	0		7.0
football sign	nl	tekens-eponiemen	gecureerd	0		7.0
foramen magnum	la	latijn-msk-kern	gecureerd,uberon	0		7.0
Freiberg	nl	tekens-eponiemen	gecureerd	0		7.0
Galeazzi-fractuur	nl	tekens-eponiemen	gecureerd	0		7.0
Garden I	nl	classificaties-scores	gecureerd	0		7.0
Garden II	nl	classificaties-scores	gecureerd	0		7.0
Garden III	nl	classificaties-scores	gecureerd	0		7.0
Garden IV	nl	classificaties-scores	gecureerd	0		7.0
GCA-score	nl	classificaties-scores	gecureerd	0		7.0
Genant	nl	classificaties-scores	gecureerd	0		7.0
ghost meniscus	nl	tekens-eponiemen	gecureerd	0		7.0
GLAD-letsel	nl	tekens-eponiemen	gecureerd	0		7.0
Golden S-teken	nl	tekens-eponiemen	gecureerd	0		7.0
Graves	nl	tekens-eponiemen	gecureerd	0		7.0
Gruen-zones	nl	classificaties-scores	gecureerd	0		7.0
Gustilo-Anderson	nl	classificaties-scores	gecureerd	0		7.0
HAGL-letsel	nl	tekens-eponiemen	gecureerd	0		7.0
Haglund-deformiteit	nl	tekens-eponiemen	gecureerd	0		7.0
Haller-cellen	nl	tekens-eponiemen	gecureerd	0		7.0
halo-teken	nl	tekens-eponiemen	gecureerd	0		7.0
Hamada	nl	classificaties-scores	gecureerd	0		7.0
Hampton-hump	nl	tekens-eponiemen	gecureerd	0		7.0
hangman-fractuur	nl	classificaties-scores	gecureerd	0		7.0
Hayashi	nl	classificaties-scores	gecureerd	0		7.0
hernia femoralis	nl	tekens-eponiemen	gecureerd	0		7.0
hernia inguinalis	nl	tekens-eponiemen	gecureerd	0		7.0
hernia umbilicalis	nl	tekens-eponiemen	gecureerd	0		7.0
hiatushernia	nl	tekens-eponiemen	gecureerd	0		7.0
Hill-Sachs-letsel	nl	tekens-eponiemen	gecureerd	0		7.0
Hinchey	nl	classificaties-scores	gecureerd	0		7.0
Hinchey Ia	nl	classificaties-scores	gecureerd	0		7.0
Hinchey Ib	nl	classificaties-scores	gecureerd	0		7.0
Hoffa-vetlichaam	nl	tekens-eponiemen	gecureerd	0		7.0
Hounsfield-eenheden	nl	classificaties-scores	gecureerd	0		7.0
hummingbird	nl	tekens-eponiemen	gecureerd	0		7.0
ICRS	nl	classificaties-scores	gecureerd	0		7.0
Insall-Salvati	nl	classificaties-scores	gecureerd	0		7.0
iRECIST	nl	classificaties-scores	gecureerd	0		7.0
ivoren wervel	nl	tekens-eponiemen	gecureerd	0		7.0
ivory vertebra	nl	tekens-eponiemen	gecureerd	0		7.0
Jefferson-fractuur	nl	classificaties-scores	gecureerd	0		7.0
Jones-fractuur	nl	tekens-eponiemen	gecureerd	0		7.0
Judet-Letournel	nl	classificaties-scores	gecureerd	0		7.0
Kager-vetlichaam	nl	tekens-eponiemen	gecureerd	0		7.0
Kalbfleisch	nl	classificaties-scores	gecureerd	0		7.0
Kang-classificatie	nl	classificaties-scores	gecureerd	0		7.0
Kellgren-Lawrence	nl	classificaties-scores	gecureerd	0		7.0
Kerley B-lijnen	nl	tekens-eponiemen	gecureerd	0		7.0
Kerley-lijnen	nl	tekens-eponiemen	gecureerd	0		7.0
Kircher	nl	classificaties-scores	gecureerd	0		7.0
kissing contusions	nl	tekens-eponiemen	gecureerd	0		7.0
knipogende uil	nl	tekens-eponiemen	gecureerd	0		7.0
Kocher-criteria	nl	classificaties-scores	gecureerd	0		7.0
koffieboonteken	nl	tekens-eponiemen	gecureerd	0		7.0
kolibrieteken	nl	tekens-eponiemen	gecureerd	0		7.0
Kommerell-divertikel	nl	tekens-eponiemen	gecureerd	0		7.0
korfhengselscheur	nl	tekens-eponiemen	gecureerd	0		7.0
Lauge-Hansen	nl	classificaties-scores	gecureerd	0		7.0
lead pipe	nl	tekens-eponiemen	gecureerd	0		7.0
Lee-classificatie	nl	classificaties-scores	gecureerd	0		7.0
lege sella	nl	tekens-eponiemen	gecureerd	0		7.0
Letournel	nl	classificaties-scores	gecureerd	0		7.0
ligamentum calcaneofibulare	la	latijn-msk-kern	gecureerd,uberon	0		7.0
Lisfranc-letsel	nl	tekens-eponiemen	gecureerd	0		7.0
loodpijp	nl	tekens-eponiemen	gecureerd	0		7.0
LR-1	nl	classificaties-scores	gecureerd	0		7.0
LR-2	nl	classificaties-scores	gecureerd	0		7.0
LR-3	nl	classificaties-scores	gecureerd	0		7.0
LR-4	nl	classificaties-scores	gecureerd	0		7.0
LR-5	nl	classificaties-scores	gecureerd	0		7.0
LR-M	nl	classificaties-scores	gecureerd	0		7.0
LR-TIV	nl	classificaties-scores	gecureerd	0		7.0
Luftsichel-teken	nl	tekens-eponiemen	gecureerd	0		7.0
lung point	nl	tekens-eponiemen	gecureerd	0		7.0
lung sliding	nl	tekens-eponiemen	gecureerd	0		7.0
Lung-RADS	nl	classificaties-scores	gecureerd	0		7.0
M0	nl	classificaties-scores	gecureerd	0		7.0
M1	nl	classificaties-scores	gecureerd	0		7.0
Maffucci	nl	tekens-eponiemen	gecureerd	0		7.0
Maisonneuve-fractuur	nl	tekens-eponiemen	gecureerd	0		7.0
mallet-vinger	nl	tekens-eponiemen	gecureerd	0		7.0
Mallory-Weiss	nl	tekens-eponiemen	gecureerd	0		7.0
Mastora	nl	classificaties-scores	gecureerd	0		7.0
May-Thurner	nl	tekens-eponiemen	gecureerd	0		7.0
McDonald-criteria	nl	classificaties-scores	gecureerd	0		7.0
Meckel-divertikel	nl	tekens-eponiemen	gecureerd	0		7.0
Meyerding	nl	classificaties-scores	gecureerd	0		7.0
Michigan State	nl	classificaties-scores	gecureerd	0		7.0
Mickey Mouse	nl	tekens-eponiemen	gecureerd	0		7.0
Milch	nl	classificaties-scores	gecureerd	0		7.0
Mirizzi	nl	tekens-eponiemen	gecureerd	0		7.0
modified Fisher	nl	classificaties-scores	gecureerd	0		7.0
Monteggia-fractuur	nl	tekens-eponiemen	gecureerd	0		7.0
Morison	nl	tekens-eponiemen	gecureerd	0		7.0
Morison-ruimte	nl	tekens-eponiemen	gecureerd	0		7.0
mRECIST	nl	classificaties-scores	gecureerd	0		7.0
MSU-classificatie	nl	classificaties-scores	gecureerd	0		7.0
MTA-score	nl	classificaties-scores	gecureerd	0		7.0
Murphy-teken	nl	tekens-eponiemen	gecureerd	0		7.0
musculus brachialis	la	latijn-msk-kern	gecureerd,uberon	0		7.0
musculus brachioradialis	la	latijn-msk-kern	gecureerd,uberon	0		7.0
musculus gastrocnemius	la	latijn-msk-kern	gecureerd,uberon	0		7.0
musculus gracilis	la	latijn-msk-kern	gecureerd,uberon	0		7.0
musculus iliacus	la	latijn-msk-kern	gecureerd,uberon	0		7.0
musculus iliopsoas	la	latijn-msk-kern	gecureerd,uberon	0		7.0
musculus infraspinatus	la	latijn-msk-kern	gecureerd,uberon	0		7.0
musculus masseter	la	latijn-msk-kern	gecureerd,uberon	0		7.0
musculus piriformis	la	latijn-msk-kern	gecureerd,uberon	0		7.0
musculus plantaris	la	latijn-msk-kern	gecureerd,uberon	0		7.0
musculus sartorius	la	latijn-msk-kern	gecureerd,uberon	0		7.0
musculus semimembranosus	la	latijn-msk-kern	gecureerd,uberon	0		7.0
musculus semitendinosus	la	latijn-msk-kern	gecureerd,uberon	0		7.0
musculus soleus	la	latijn-msk-kern	gecureerd	0		7.0
musculus subscapularis	la	latijn-msk-kern	gecureerd,uberon	0		7.0
musculus supinator	la	latijn-msk-kern	gecureerd,uberon	0		7.0
musculus supraspinatus	la	latijn-msk-kern	gecureerd,uberon	0		7.0
musculus temporalis	la	latijn-msk-kern	gecureerd,uberon	0		7.0
musculus trapezius	la	latijn-msk-kern	gecureerd,uberon	0		7.0
N0	nl	classificaties-scores	gecureerd	0		7.0
N1	nl	classificaties-scores	gecureerd	0		7.0
N2	nl	classificaties-scores	gecureerd	0		7.0
N3	nl	classificaties-scores	gecureerd	0		7.0
Neer-classificatie	nl	classificaties-scores	gecureerd	0		7.0
nervus abducens	la	latijn-msk-kern	gecureerd,uberon	0		7.0
nervus axillaris	la	latijn-msk-kern	gecureerd,uberon	0		7.0
nervus facialis	la	latijn-msk-kern	gecureerd,uberon	0		7.0
nervus femoralis	la	latijn-msk-kern	gecureerd,uberon	0		7.0
nervus hypoglossus	la	latijn-msk-kern	gecureerd,uberon	0		7.0
nervus ischiadicus	la	latijn-msk-kern	gecureerd,uberon	0		7.0
nervus medianus	la	latijn-msk-kern	gecureerd,uberon	0		7.0
nervus obturatorius	la	latijn-msk-kern	gecureerd,uberon	0		7.0
nervus oculomotorius	la	latijn-msk-kern	gecureerd,uberon	0		7.0
nervus phrenicus	la	latijn-msk-kern	gecureerd,uberon	0		7.0
nervus radialis	la	latijn-msk-kern	gecureerd,uberon	0		7.0
nervus trigeminus	la	latijn-msk-kern	gecureerd,uberon	0		7.0
nervus trochlearis	la	latijn-msk-kern	gecureerd,uberon	0		7.0
nervus ulnaris	la	latijn-msk-kern	gecureerd,uberon	0		7.0
nervus vagus	la	latijn-msk-kern	gecureerd,uberon	0		7.0
NI-RADS	nl	classificaties-scores	gecureerd	0		7.0
NIHSS	nl	classificaties-scores	gecureerd	0		7.0
Node-RADS	nl	classificaties-scores	gecureerd	0		7.0
Noyes	nl	classificaties-scores	gecureerd	0		7.0
O'Donoghue	nl	tekens-eponiemen	gecureerd	0		7.0
Ogilvie	nl	tekens-eponiemen	gecureerd	0		7.0
omgekeerd halo-teken	nl	tekens-eponiemen	gecureerd	0		7.0
omgekeerde napoleonhoed	nl	tekens-eponiemen	gecureerd	0		7.0
onion skin	nl	tekens-eponiemen	gecureerd	0		7.0
Onodi-cellen	nl	tekens-eponiemen	gecureerd	0		7.0
os cuboideum	la	latijn-msk-kern	gecureerd,uberon	0		7.0
os ethmoidale	la	latijn-msk-kern	gecureerd,uberon	0		7.0
os frontale	la	latijn-msk-kern	gecureerd,uberon	0		7.0
os hamatum	la	latijn-msk-kern	gecureerd,uberon	0		7.0
os hyoideum	la	latijn-msk-kern	gecureerd,uberon	0		7.0
os lunatum	la	latijn-msk-kern	gecureerd,uberon	0		7.0
os naviculare	la	latijn-msk-kern	gecureerd,uberon	0		7.0
os occipitale	la	latijn-msk-kern	gecureerd,uberon	0		7.0
os parietale	la	latijn-msk-kern	gecureerd,uberon	0		7.0
os peroneum	nl	tekens-eponiemen	gecureerd	0		7.0
os pisiforme	la	latijn-msk-kern	gecureerd,uberon	0		7.0
os sphenoidale	la	latijn-msk-kern	gecureerd,uberon	0		7.0
os temporale	la	latijn-msk-kern	gecureerd,uberon	0		7.0
os triquetrum	la	latijn-msk-kern	gecureerd,uberon	0		7.0
os zygomaticum	la	latijn-msk-kern	gecureerd,uberon	0		7.0
Outerbridge	nl	classificaties-scores	gecureerd	0		7.0
Paget-ziekte	nl	tekens-eponiemen	gecureerd	0		7.0
Pancoast-tumor	nl	tekens-eponiemen	gecureerd	0		7.0
panda sign	nl	tekens-eponiemen	gecureerd	0		7.0
papegaaiensnavel	nl	tekens-eponiemen	gecureerd	0		7.0
Paprosky	nl	classificaties-scores	gecureerd	0		7.0
parelsnoerteken	nl	tekens-eponiemen	gecureerd	0		7.0
parrot beak	nl	tekens-eponiemen	gecureerd	0		7.0
Patte	nl	classificaties-scores	gecureerd	0		7.0
pc-ASPECTS	nl	classificaties-scores	gecureerd	0		7.0
Pellegrini-Stieda	nl	tekens-eponiemen	gecureerd	0		7.0
PERCIST	nl	classificaties-scores	gecureerd	0		7.0
Perthes-letsel	nl	tekens-eponiemen	gecureerd	0		7.0
pezen	nl	template	templates	40		7.0
Pfirrmann	nl	classificaties-scores	gecureerd	0		7.0
PI-RADS 1	nl	classificaties-scores	gecureerd	0		7.0
PI-RADS 2	nl	classificaties-scores	gecureerd	0		7.0
PI-RADS 3	nl	classificaties-scores	gecureerd	0		7.0
PI-RADS 4	nl	classificaties-scores	gecureerd	0		7.0
PI-RADS 5	nl	classificaties-scores	gecureerd	0		7.0
picture frame	nl	tekens-eponiemen	gecureerd	0		7.0
Pilon-fractuur	nl	tekens-eponiemen	gecureerd	0		7.0
pincer-impingement	nl	tekens-eponiemen	gecureerd	0		7.0
plexus brachialis	la	latijn-msk-kern	gecureerd,uberon	0		7.0
plexus lumbosacralis	la	latijn-msk-kern	gecureerd,uberon	0		7.0
porseleinen galblaas	nl	tekens-eponiemen	gecureerd	0		7.0
Preiser	nl	tekens-eponiemen	gecureerd	0		7.0
processus odontoideus	la	latijn-msk-kern	gecureerd	0		7.0
pseudo-Jones	nl	tekens-eponiemen	gecureerd	0		7.0
Qanadli	nl	classificaties-scores	gecureerd	0		7.0
RECIST	nl	classificaties-scores	gecureerd	0		7.0
Regan-Morrey	nl	classificaties-scores	gecureerd	0		7.0
reverse Hill-Sachs	nl	tekens-eponiemen	gecureerd	0		7.0
reverse Segond	nl	tekens-eponiemen	gecureerd	0		7.0
reversed halo	nl	tekens-eponiemen	gecureerd	0		7.0
Rigler-teken	nl	tekens-eponiemen	gecureerd	0		7.0
Rockwood	nl	classificaties-scores	gecureerd	0		7.0
Rolando-fractuur	nl	tekens-eponiemen	gecureerd	0		7.0
rugger jersey	nl	tekens-eponiemen	gecureerd	0		7.0
Salter-Harris	nl	classificaties-scores	gecureerd	0		7.0
SCFE	nl	tekens-eponiemen	gecureerd	0		7.0
Schizas	nl	classificaties-scores	gecureerd	0		7.0
Scottie dog	nl	tekens-eponiemen	gecureerd	0		7.0
Scotty dog	nl	tekens-eponiemen	gecureerd	0		7.0
seashore sign	nl	tekens-eponiemen	gecureerd	0		7.0
Segond-fractuur	nl	tekens-eponiemen	gecureerd	0		7.0
Sever	nl	tekens-eponiemen	gecureerd	0		7.0
Shepherd	nl	classificaties-scores	gecureerd	0		7.0
silhouetteken	nl	tekens-eponiemen	gecureerd	0		7.0
Sinding-Larsen-Johansson	nl	tekens-eponiemen	gecureerd	0		7.0
skiduim	nl	tekens-eponiemen	gecureerd	0		7.0
SLAP-letsel	nl	classificaties-scores	gecureerd	0		7.0
SLIC	nl	classificaties-scores	gecureerd	0		7.0
Smith-fractuur	nl	tekens-eponiemen	gecureerd	0		7.0
Snyder	nl	classificaties-scores	gecureerd	0		7.0
sonografisch Murphy-teken	nl	tekens-eponiemen	gecureerd	0		7.0
Spetzler-Martin	nl	classificaties-scores	gecureerd	0		7.0
Spigelse hernia	nl	tekens-eponiemen	gecureerd	0		7.0
spot sign	nl	tekens-eponiemen	gecureerd	0		7.0
Steinberg	nl	classificaties-scores	gecureerd	0		7.0
Stener-letsel	nl	tekens-eponiemen	gecureerd	0		7.0
Stieda-proces	nl	tekens-eponiemen	gecureerd	0		7.0
sub finem	la	latijn-msk-kern	gecureerd	0		7.0
Sugaya	nl	classificaties-scores	gecureerd	0		7.0
sunburst	nl	tekens-eponiemen	gecureerd	0		7.0
swirl sign	nl	tekens-eponiemen	gecureerd	0		7.0
T1a	nl	classificaties-scores	gecureerd	0		7.0
T1b	nl	classificaties-scores	gecureerd	0		7.0
T2a	nl	classificaties-scores	gecureerd	0		7.0
T2b	nl	classificaties-scores	gecureerd	0		7.0
T3a	nl	classificaties-scores	gecureerd	0		7.0
T3b	nl	classificaties-scores	gecureerd	0		7.0
T4a	nl	classificaties-scores	gecureerd	0		7.0
T4b	nl	classificaties-scores	gecureerd	0		7.0
target lesion	nl	tekens-eponiemen	gecureerd	0		7.0
target sign	nl	tekens-eponiemen	gecureerd	0		7.0
terrible triad	nl	tekens-eponiemen	gecureerd	0		7.0
tibialis anterior	la	latijn-msk-kern	gecureerd,uberon	0		7.0
tibialis posterior	la	latijn-msk-kern	gecureerd,uberon	0		7.0
Tile	nl	classificaties-scores	gecureerd	0		7.0
Tillaux-fractuur	nl	tekens-eponiemen	gecureerd	0		7.0
TLICS	nl	classificaties-scores	gecureerd	0		7.0
Tolosa-Hunt	nl	tekens-eponiemen	gecureerd	0		7.0
Tossy	nl	classificaties-scores	gecureerd	0		7.0
TR1	nl	classificaties-scores	gecureerd	0		7.0
TR2	nl	classificaties-scores	gecureerd	0		7.0
TR3	nl	classificaties-scores	gecureerd	0		7.0
TR4	nl	classificaties-scores	gecureerd	0		7.0
TR5	nl	classificaties-scores	gecureerd	0		7.0
triplane fractuur	nl	tekens-eponiemen	gecureerd	0		7.0
TT-TG	nl	classificaties-scores	gecureerd	0		7.0
Tönnis	nl	classificaties-scores	gecureerd	0		7.0
unhappy triad	nl	tekens-eponiemen	gecureerd	0		7.0
vallend fragment	nl	tekens-eponiemen	gecureerd	0		7.0
VI-RADS	nl	classificaties-scores	gecureerd	0		7.0
Virchow-Robin-ruimten	nl	tekens-eponiemen	gecureerd	0		7.0
vissenwervel	nl	tekens-eponiemen	gecureerd	0		7.0
vogelbekteken	nl	tekens-eponiemen	gecureerd	0		7.0
von Hippel-Lindau	nl	tekens-eponiemen	gecureerd	0		7.0
Wallerse degeneratie	nl	tekens-eponiemen	gecureerd	0		7.0
Weber A	nl	classificaties-scores	gecureerd	0		7.0
Weber B	nl	classificaties-scores	gecureerd	0		7.0
Weber C	nl	classificaties-scores	gecureerd	0		7.0
Wells-score	nl	classificaties-scores	gecureerd	0		7.0
WES-teken	nl	tekens-eponiemen	gecureerd	0		7.0
Westermark-teken	nl	tekens-eponiemen	gecureerd	0		7.0
WFNS	nl	classificaties-scores	gecureerd	0		7.0
whirlpool sign	nl	tekens-eponiemen	gecureerd	0		7.0
Wiberg	nl	classificaties-scores	gecureerd	0		7.0
winking owl	nl	tekens-eponiemen	gecureerd	0		7.0
Wormse beentjes	nl	tekens-eponiemen	gecureerd	0		7.0
Young-Burgess	nl	classificaties-scores	gecureerd	0		7.0
Zenker-divertikel	nl	tekens-eponiemen	gecureerd	0		7.0
zonnestraalpatroon	nl	tekens-eponiemen	gecureerd	0		7.0
eosophagus	la	template	templates	3		6.85
ac gewricht	nl	template	templates-veld	6		6.81
acromiohumerale	nl	template	templates	6		6.81
acromiohumerale afstand	nl	template	templates-veld	6		6.81
andere ligamenten	nl	template	templates-veld	6		6.81
annulaire	nl	template	templates	6		6.81
annulaire ligament	nl	template	templates-veld	6		6.81
aorta	nl	template	telnyx,templates,uberon	18		6.81
bassett's	nl	template	templates	6		6.81
bicespees	nl	template	templates	6		6.81
bowing	nl	template	templates	6		6.81
bursa subdeltoidea/subacromialis	nl	template	templates-veld	6		6.81
coxo-femorale	nl	template	templates	6		6.81
coxo-femorale gewricht	nl	template	templates-veld	6		6.81
darmwanden	nl	template	templates	6		6.81
dip gewricht	nl	template	templates-veld	6		6.81
femor	nl	template	templates	6		6.81
femorales	nl	template	templates	6		6.81
gewrichtsverhoudingen	nl	template	templates	6		6.81
kraakbeenaflijning	nl	template	templates	6		6.81
kraakbeenletsels	nl	template	templates	6		6.81
massa-component	nl	template	templates	6		6.81
mcp gewricht	nl	template	templates-veld	6		6.81
mictie	nl	template	templates	6		6.81
midiaanlijn	nl	template	templates	6		6.81
parenchym	nl	template	templates	6		6.81
patellaire	nl	template	templates	6		6.81
patello-tibiale	nl	template	templates	6		6.81
pharyngeale	nl	template	templates	6		6.81
pip gewricht	nl	template	templates-veld	6		6.81
postmictioneel	nl	template	templates	6		6.81
prepatellaire	nl	template	templates	6		6.81
prepatellaire bursa	nl	template	templates-veld	6		6.81
proc	nl	template	templates	6		6.81
pron	nl	template	templates	6		6.81
protrusie	nl	template	templates	6		6.81
pubisgewricht	nl	template	templates	6		6.81
sghl	nl	template	templates	6		6.81
signaalintensiteit	nl	template	templates	6		6.81
tibio-calcaneair ligament	nl	template	templates-veld	6		6.81
triceps snapping	nl	template	templates-veld	6		6.81
turbulente flow	nl	template	templates-veld	6		6.81
ulno-carpale	nl	template	templates	6		6.81
vasculatuur	nl	template	templates	6		6.81
wittestof	nl	template	templates	6		6.81
glenoid	nl	template	templates	5		6.77
NOTCH	nl	template	templates	5		6.77
POUCH	nl	template	templates	5		6.77
benigne	nl	descriptoren-bevindingen	gecureerd,templates	8		6.69
calcaneo-fibulair en posterieur retinaculum	nl	template	templates-veld	8		6.69
costodiafragmatische sinussen / pleuravocht	nl	template	templates-veld	8		6.69
iliopsoas spier en bursa	nl	template	templates-veld	8		6.69
klier	nl	descriptoren-bevindingen	gecureerd,templates	8		6.69
kraakbenige en beenderige structuren	nl	template	templates-veld	8		6.69
kraakbeen	nl	template	templates	36		6.64
verplaatste	nl	template	templates	36		6.64
annulair	nl	template	templates	4		6.63
ascending aorta	nl	template	templates-veld,uberon	4		6.63
atrose	nl	template	templates	4		6.63
bovenste abdomen	nl	template	templates-veld	4		6.63
costovertebraal	nl	template	templates	4		6.63
discovertebraal	nl	template	templates	4		6.63
endometrioma's	nl	template	templates	4		6.63
extra-axiale	nl	template	templates	4		6.63
extra-axiale ruimten	nl	template	templates-veld	4		6.63
femoro-acetabulair	nl	template	templates	4		6.63
fibula-femoraal	nl	template	templates	4		6.63
gastrocnemius pezen	nl	template	templates-veld	4		6.63
grafisch	nl	template	templates	4		6.63
hepatopetale	nl	template	templates	4		6.63
lunatotriquetraal	nl	template	templates	4		6.63
musculair	nl	template	templates	4		6.63
osteochondrale	nl	template	templates	4		6.63
ovariële	nl	template	templates	4		6.63
patellair	nl	template	templates	4		6.63
peritrochanterische	nl	template	templates	4		6.63
popliteaal	nl	template	templates	4		6.63
popliteo-femoraal	nl	template	templates	4		6.63
radio-carpaal	nl	template	templates	4		6.63
radio-carpale	nl	template	templates	4		6.63
radio-en	nl	template	templates	4		6.63
radio-ulnair	nl	template	templates	4		6.63
radio-ulnaire	nl	template	templates	4		6.63
retropharyngeale	nl	template	templates	4		6.63
sacro-iliacaal	nl	template	templates	4		6.63
scapholunair	nl	template	templates	4		6.63
sinus-tot-sino-tubulair	nl	template	templates	4		6.63
subgluteale	nl	template	templates	4		6.63
subgluteale/peritrochanterische bursa	nl	template	templates-veld	4		6.63
subtalaire	nl	template	templates	4		6.63
suprapatellaire	nl	template	templates	4		6.63
transitie	nl	template	templates	4		6.63
ulno-carpaal	nl	template	templates	4		6.63
ureterletsels	nl	template	templates	4		6.63
urografie	nl	template	templates	4		6.63
veneuze trombose	nl	template	templates-veld	4		6.63
vesico-uteriene	nl	template	templates	4		6.63
vesico-uteriene plooi	nl	template	templates-veld	4		6.63
communis	nl	template	templates	30		6.52
abductor pollicis longus	la	latijn-msk-kern	gecureerd,uberon	0		6.5
Anderson en D'Alonzo	nl	classificaties-scores	gecureerd	0		6.5
calcaneus	nl	anatomie-nl	gecureerd,uberon	0		6.5
central dot sign	nl	tekens-eponiemen	gecureerd	0		6.5
central vein sign	nl	tekens-eponiemen	gecureerd	0		6.5
cholecystitis	nl	pathologie	gecureerd,telnyx	0		6.5
choledocholithiasis	nl	descriptoren-bevindingen	gecureerd,telnyx	0		6.5
choledochus	nl	anatomie-nl	gecureerd,telnyx	0		6.5
cholelithiasis	nl	descriptoren-bevindingen	gecureerd,telnyx	0		6.5
clivus	la	latijn-msk-kern	gecureerd	0		6.5
coffee bean sign	nl	tekens-eponiemen	gecureerd	0		6.5
colitis	nl	pathologie	gecureerd,telnyx	0		6.5
CT severity index	nl	classificaties-scores	gecureerd	0		6.5
cystitis	nl	pathologie	gecureerd,telnyx	0		6.5
deep sulcus sign	nl	tekens-eponiemen	gecureerd	0		6.5
DeLee en Charnley	nl	classificaties-scores	gecureerd	0		6.5
dense MCA sign	nl	tekens-eponiemen	gecureerd	0		6.5
double duct sign	nl	tekens-eponiemen	gecureerd	0		6.5
double PCL sign	nl	tekens-eponiemen	gecureerd	0		6.5
empty delta sign	nl	tekens-eponiemen	gecureerd	0		6.5
extensor digitorum longus	la	latijn-msk-kern	gecureerd,uberon	0		6.5
fibrose	nl	descriptoren-bevindingen	gecureerd,opentaal	0		6.5
Ficat en Arlet	nl	classificaties-scores	gecureerd	0		6.5
flexor digitorum longus	la	latijn-msk-kern	gecureerd,uberon	0		6.5
flexor digitorum superficialis	la	latijn-msk-kern	gecureerd,uberon	0		6.5
flexor hallucis longus	la	latijn-msk-kern	gecureerd,uberon	0		6.5
Genant graad 1	nl	classificaties-scores	gecureerd	0		6.5
Genant graad 2	nl	classificaties-scores	gecureerd	0		6.5
Genant graad 3	nl	classificaties-scores	gecureerd	0		6.5
Graf type I	nl	classificaties-scores	gecureerd	0		6.5
Graf type II	nl	classificaties-scores	gecureerd	0		6.5
hondje van Lachapèle	nl	tekens-eponiemen	gecureerd	0		6.5
hot cross bun	nl	tekens-eponiemen	gecureerd	0		6.5
Hunt en Hess	nl	classificaties-scores	gecureerd	0		6.5
ileus	nl	descriptoren-bevindingen	gecureerd,telnyx	0		6.5
insular ribbon sign	nl	tekens-eponiemen	gecureerd	0		6.5
inverted Napoleon hat	nl	tekens-eponiemen	gecureerd	0		6.5
Levine en Edwards	nl	classificaties-scores	gecureerd	0		6.5
ligamentum anulare radii	la	latijn-msk-kern	gecureerd,uberon	0		6.5
ligamentum talofibulare anterius	la	latijn-msk-kern	gecureerd,uberon	0		6.5
ligamentum talofibulare posterius	la	latijn-msk-kern	gecureerd,uberon	0		6.5
mastitis	nl	pathologie	gecureerd,opentaal	0		6.5
Modic type 1	nl	classificaties-scores	gecureerd	0		6.5
Modic type 2	nl	classificaties-scores	gecureerd	0		6.5
Modic type 3	nl	classificaties-scores	gecureerd	0		6.5
musculus abductor hallucis	la	latijn-msk-kern	gecureerd,uberon	0		6.5
musculus adductor longus	la	latijn-msk-kern	gecureerd,uberon	0		6.5
musculus adductor magnus	la	latijn-msk-kern	gecureerd,uberon	0		6.5
musculus biceps brachii	la	latijn-msk-kern	gecureerd,uberon	0		6.5
musculus biceps femoris	la	latijn-msk-kern	gecureerd,uberon	0		6.5
musculus extensor digitorum	la	latijn-msk-kern	gecureerd,uberon	0		6.5
musculus gluteus maximus	la	latijn-msk-kern	gecureerd,uberon	0		6.5
musculus gluteus medius	la	latijn-msk-kern	gecureerd,uberon	0		6.5
musculus gluteus minimus	la	latijn-msk-kern	gecureerd,uberon	0		6.5
musculus latissimus dorsi	la	latijn-msk-kern	gecureerd,uberon	0		6.5
musculus levator scapulae	la	latijn-msk-kern	gecureerd,uberon	0		6.5
musculus longus colli	la	latijn-msk-kern	gecureerd,uberon	0		6.5
musculus obturatorius externus	la	latijn-msk-kern	gecureerd,uberon	0		6.5
musculus obturatorius internus	la	latijn-msk-kern	gecureerd,uberon	0		6.5
musculus palmaris longus	la	latijn-msk-kern	gecureerd,uberon	0		6.5
musculus pectoralis major	la	latijn-msk-kern	gecureerd,uberon	0		6.5
musculus pectoralis minor	la	latijn-msk-kern	gecureerd,uberon	0		6.5
musculus peroneus brevis	la	latijn-msk-kern	gecureerd,uberon	0		6.5
musculus peroneus longus	la	latijn-msk-kern	gecureerd,uberon	0		6.5
musculus pronator teres	la	latijn-msk-kern	gecureerd,uberon	0		6.5
musculus pterygoideus lateralis	la	latijn-msk-kern	gecureerd,uberon	0		6.5
musculus pterygoideus medialis	la	latijn-msk-kern	gecureerd,uberon	0		6.5
musculus quadratus femoris	la	latijn-msk-kern	gecureerd,uberon	0		6.5
musculus quadriceps femoris	la	latijn-msk-kern	gecureerd,uberon	0		6.5
musculus serratus anterior	la	latijn-msk-kern	gecureerd,uberon	0		6.5
musculus teres major	la	latijn-msk-kern	gecureerd,uberon	0		6.5
musculus teres minor	la	latijn-msk-kern	gecureerd,uberon	0		6.5
musculus tibialis anterior	la	latijn-msk-kern	gecureerd,uberon	0		6.5
musculus tibialis posterior	la	latijn-msk-kern	gecureerd,uberon	0		6.5
musculus transversus abdominis	la	latijn-msk-kern	gecureerd,uberon	0		6.5
musculus triceps brachii	la	latijn-msk-kern	gecureerd,uberon	0		6.5
myocarditis	nl	pathologie	gecureerd,telnyx	0		6.5
nervus fibularis communis	la	latijn-msk-kern	gecureerd,uberon	0		6.5
nervus laryngeus recurrens	la	latijn-msk-kern	gecureerd,uberon	0		6.5
nervus peroneus communis	la	latijn-msk-kern	gecureerd,uberon	0		6.5
omentum	nl	anatomie-nl	gecureerd,telnyx,uberon	0		6.5
open ring sign	nl	tekens-eponiemen	gecureerd	0		6.5
os cuneiforme intermedium	la	latijn-msk-kern	gecureerd,uberon	0		6.5
os cuneiforme laterale	la	latijn-msk-kern	gecureerd,uberon	0		6.5
os cuneiforme mediale	la	latijn-msk-kern	gecureerd,uberon	0		6.5
os naviculare externum	nl	tekens-eponiemen	gecureerd	0		6.5
osteomyelitis	nl	descriptoren-bevindingen	gecureerd,telnyx	0		6.5
pleuritis	nl	pathologie	gecureerd,opentaal	0		6.5
processus styloideus ulnae	la	latijn-msk-kern	gecureerd,uberon	0		6.5
pylorus	nl	anatomie-nl	gecureerd,telnyx,uberon	0		6.5
Salter-Harris type I	nl	classificaties-scores	gecureerd	0		6.5
Salter-Harris type II	nl	classificaties-scores	gecureerd	0		6.5
Salter-Harris type III	nl	classificaties-scores	gecureerd	0		6.5
Salter-Harris type IV	nl	classificaties-scores	gecureerd	0		6.5
Salter-Harris type V	nl	classificaties-scores	gecureerd	0		6.5
sclerose	nl	descriptoren-bevindingen	gecureerd,opentaal	0		6.5
sialadenitis	nl	pathologie	gecureerd,telnyx	0		6.5
signet ring sign	nl	tekens-eponiemen	gecureerd	0		6.5
sinusitis	nl	pathologie	gecureerd,opentaal	0		6.5
Stanford type A	nl	classificaties-scores	gecureerd	0		6.5
Stanford type B	nl	classificaties-scores	gecureerd	0		6.5
string of pearls	nl	tekens-eponiemen	gecureerd	0		6.5
tendinitis	nl	descriptoren-bevindingen	gecureerd,opentaal	0		6.5
tonsillitis	nl	pathologie	gecureerd,opentaal	0		6.5
ureter	nl	anatomie-nl	gecureerd,uberon	0		6.5
ziekte van Crohn	nl	tekens-eponiemen	gecureerd	0		6.5
laterale	nl	template	templates	29		6.4
tunnel	nl	template	templates	29		6.4
enterocoele	nl	template	templates	3		6.35
hyper	nl	template	templates	3		6.35
inferior	la	template	templates	2		6.35
muscularis	la	template	templates	2		6.35
quadratus	la	template	templates	2		6.35
radiale	nl	template	templates,uberon	2		6.35
retrograde	nl	template	templates	3		6.35
pees	nl	template	templates	33		6.34
arteria vertebralis links	nl	template	templates-veld	6		6.31
arteria vertebralis rechts	nl	template	templates-veld	6		6.31
biceps femoralis insertio	nl	template	templates-veld	6		6.31
carotis bifurcatie links	nl	template	templates-veld	6		6.31
carotis bifurcatie rechts	nl	template	templates-veld	6		6.31
chl en sghl	nl	template	templates-veld	6		6.31
driehoekige triphasic flow	nl	template	templates-veld	6		6.31
hydrops / gewrichtsmuis	nl	template	templates-veld	6		6.31
laterale collaterale ligament	nl	template	templates-veld	6		6.31
mediale collaterale ligament	nl	template	templates-veld	6		6.31
pes anserinus pees	nl	template	templates-veld	6		6.31
pubisgewricht en si-gewrichten	nl	template	templates-veld	6		6.31
anorectale	nl	template	templates	5		6.27
bekkenscheefstand	nl	template	templates	5		6.27
femuras	nl	template	templates	5		6.27
heuphoek	nl	template	templates	5		6.27
IGHL	nl	template	templates	5		6.27
spierbuiken	nl	template	templates	5		6.27
diameter	nl	template	templates	27		6.16
arcuate	nl	template	templates	4		6.13
ascendens	nl	template	templates	4		6.13
ascending	nl	template	templates	4		6.13
bamboo	nl	template	templates	4		6.13
benigne prostaat hypertrofie	nl	template	templates-veld	4		6.13
calvaria	nl	template	templates	4		6.13
cerebellum	nl	anatomie-nl	gecureerd,templates,uberon	4		6.13
danger	nl	template	templates	4		6.13
descendens	nl	template	templates	4		6.13
foot	nl	template	templates	4		6.13
FULL	nl	template	templates	4		6.13
humerale	nl	template	templates	4		6.13
iliopectineale	nl	template	templates	4		6.13
iliotibial	nl	template	templates	4		6.13
ischiofemorale	nl	template	templates	4		6.13
junction	nl	template	templates	4		6.13
kraakbeen femur lateraal	nl	template	templates-veld	4		6.13
kraakbeen femur mediaal	nl	template	templates-veld	4		6.13
kraakbeen tibia lateraal	nl	template	templates-veld	4		6.13
kraakbeen tibia mediaal	nl	template	templates-veld	4		6.13
naso	nl	template	templates	4		6.13
omliggend musculair oedeem	nl	template	templates-veld	4		6.13
orthograde	nl	template	templates	4		6.13
ostia	nl	template	templates	4		6.13
plica of bursitis	nl	template	templates-veld	4		6.13
pons	nl	anatomie-nl	gecureerd,templates,uberon	4		6.13
radio-en ulno-humerale verhoudingen	nl	template	templates-veld	4		6.13
rectovaginale	nl	template	templates	4		6.13
side	nl	template	templates	4		6.13
SPACE	nl	template	templates	4		6.13
tensor	nl	template	templates	4		6.13
unci	nl	template	templates	4		6.13
valsalva	nl	template	templates	4		6.13
vocht	nl	template	templates	31		6.13
ad axim	la	latijn-msk-kern	gecureerd	0		6.0
ad latus	la	latijn-msk-kern	gecureerd	0		6.0
ad longitudinem	la	latijn-msk-kern	gecureerd	0		6.0
ad peripheriam	la	latijn-msk-kern	gecureerd	0		6.0
aponeurosis plantaris	la	latijn-msk-kern	gecureerd	0		6.0
artritis	nl	descriptoren-bevindingen	gecureerd,opentaal	0		6.0
asbestose	nl	pathologie	gecureerd,opentaal	0		6.0
atherosclerose	nl	descriptoren-bevindingen	gecureerd,opentaal	0		6.0
bursa iliopectinea	la	latijn-msk-kern	gecureerd	0		6.0
bursa infrapatellaris	la	latijn-msk-kern	gecureerd	0		6.0
bursa olecrani	la	latijn-msk-kern	gecureerd	0		6.0
bursa prepatellaris	la	latijn-msk-kern	gecureerd	0		6.0
bursa retrocalcanea	la	latijn-msk-kern	gecureerd	0		6.0
bursa subacromialis	la	latijn-msk-kern	gecureerd	0		6.0
bursa subdeltoidea	la	latijn-msk-kern	gecureerd	0		6.0
bursa trochanterica	la	latijn-msk-kern	gecureerd	0		6.0
caput humeri	la	latijn-msk-kern	gecureerd	0		6.0
carpaletunnelsyndroom	nl	pathologie	gecureerd,opentaal	0		6.0
cauda equina	nl	anatomie-nl	gecureerd,telnyx,uberon	0		6.0
colon ascendens	nl	anatomie-nl	gecureerd,uberon	0		6.0
colon descendens	nl	anatomie-nl	gecureerd,uberon	0		6.0
colon transversum	nl	anatomie-nl	gecureerd,uberon	0		6.0
coloncarcinoom	nl	pathologie	gecureerd,opentaal	0		6.0
condylus lateralis	la	latijn-msk-kern	gecureerd	0		6.0
condylus medialis	la	latijn-msk-kern	gecureerd	0		6.0
conus medullaris	nl	anatomie-nl	gecureerd,telnyx,uberon	0		6.0
corpus vertebrae	la	latijn-msk-kern	gecureerd	0		6.0
differentiaaldiagnose	nl	descriptoren-bevindingen	gecureerd,opentaal	0		6.0
encefalitis	nl	pathologie	gecureerd,opentaal	0		6.0
eye of the tiger	nl	tekens-eponiemen	gecureerd	0		6.0
fibroom	nl	pathologie	gecureerd,opentaal	0		6.0
hemochromatose	nl	pathologie	gecureerd,opentaal	0		6.0
heupdysplasie	nl	pathologie	gecureerd,opentaal	0		6.0
hysterectomie	nl	materiaal-interventie	gecureerd,opentaal	0		6.0
in situ	la	latijn-msk-kern	gecureerd	0		6.0
in toto	la	latijn-msk-kern	gecureerd	0		6.0
lateral femoral notch sign	nl	tekens-eponiemen	gecureerd	0		6.0
lege artis	la	latijn-msk-kern	gecureerd	0		6.0
levercirrose	nl	descriptoren-bevindingen	gecureerd,opentaal	0		6.0
ligamenta alaria	la	latijn-msk-kern	gecureerd	0		6.0
ligamentum acromioclaviculare	la	latijn-msk-kern	gecureerd	0		6.0
ligamentum coracoacromiale	la	latijn-msk-kern	gecureerd	0		6.0
ligamentum coracoclaviculare	la	latijn-msk-kern	gecureerd	0		6.0
ligamentum deltoideum	la	latijn-msk-kern	gecureerd	0		6.0
ligamentum iliolumbale	la	latijn-msk-kern	gecureerd	0		6.0
ligamentum inguinale	la	latijn-msk-kern	gecureerd	0		6.0
ligamentum interspinale	la	latijn-msk-kern	gecureerd	0		6.0
ligamentum lunotriquetrum	la	latijn-msk-kern	gecureerd	0		6.0
ligamentum meniscofemorale	la	latijn-msk-kern	gecureerd	0		6.0
ligamentum patellae	la	latijn-msk-kern	gecureerd	0		6.0
ligamentum sacrotuberale	la	latijn-msk-kern	gecureerd	0		6.0
ligamentum scapholunatum	la	latijn-msk-kern	gecureerd	0		6.0
ligamentum supraspinale	la	latijn-msk-kern	gecureerd	0		6.0
lobectomie	nl	materiaal-interventie	gecureerd,opentaal	0		6.0
longcarcinoom	nl	pathologie	gecureerd,opentaal	0		6.0
longfibrose	nl	pathologie	gecureerd,opentaal	0		6.0
malleolus lateralis	la	latijn-msk-kern	gecureerd	0		6.0
malleolus medialis	la	latijn-msk-kern	gecureerd	0		6.0
mastectomie	nl	materiaal-interventie	gecureerd,opentaal	0		6.0
mesothelioom	nl	pathologie	gecureerd,opentaal	0		6.0
musculi multifidi	la	latijn-msk-kern	gecureerd	0		6.0
musculus abductor pollicis longus	la	latijn-msk-kern	gecureerd,uberon	0		6.0
musculus extensor digitorum longus	la	latijn-msk-kern	gecureerd,uberon	0		6.0
musculus extensor pollicis longus	la	latijn-msk-kern	gecureerd,uberon	0		6.0
musculus flexor carpi ulnaris	la	latijn-msk-kern	gecureerd,uberon	0		6.0
musculus flexor digitorum profundus	la	latijn-msk-kern	gecureerd,uberon	0		6.0
musculus flexor digitorum superficialis	la	latijn-msk-kern	gecureerd,uberon	0		6.0
musculus flexor pollicis longus	la	latijn-msk-kern	gecureerd,uberon	0		6.0
musculus gemellus	la	latijn-msk-kern	gecureerd	0		6.0
musculus psoas	la	latijn-msk-kern	gecureerd	0		6.0
musculus tensor fasciae latae	la	latijn-msk-kern	gecureerd,uberon	0		6.0
nervus accessorius	la	latijn-msk-kern	gecureerd	0		6.0
nervus pudendus	la	latijn-msk-kern	gecureerd	0		6.0
nervus suprascapularis	la	latijn-msk-kern	gecureerd	0		6.0
nervus suralis	la	latijn-msk-kern	gecureerd	0		6.0
nervus tibialis	la	latijn-msk-kern	gecureerd	0		6.0
nervus vestibulocochlearis	la	latijn-msk-kern	gecureerd	0		6.0
os capitatum	la	latijn-msk-kern	gecureerd	0		6.0
os trapezium	la	latijn-msk-kern	gecureerd	0		6.0
os trapezoideum	la	latijn-msk-kern	gecureerd	0		6.0
osteoporose	nl	descriptoren-bevindingen	gecureerd,opentaal	0		6.0
pars interarticularis	la	latijn-msk-kern	gecureerd	0		6.0
pars petrosa	la	latijn-msk-kern	gecureerd	0		6.0
per continuitatem	la	latijn-msk-kern	gecureerd	0		6.0
peroneus brevis	la	latijn-msk-kern	gecureerd	0		6.0
peroneus longus	la	latijn-msk-kern	gecureerd	0		6.0
processus styloideus	nl	anatomie-nl	gecureerd,uberon	0		6.0
prostaatcarcinoom	nl	pathologie	gecureerd,opentaal	0		6.0
retinaculum extensorum	la	latijn-msk-kern	gecureerd	0		6.0
retinaculum flexorum	la	latijn-msk-kern	gecureerd	0		6.0
retinaculum peroneorum	la	latijn-msk-kern	gecureerd	0		6.0
sarcoïdose	nl	pathologie	gecureerd,opentaal	0		6.0
silicose	nl	pathologie	gecureerd,opentaal	0		6.0
tuberculose	nl	pathologie	gecureerd,opentaal	0		6.0
vesiculae seminales	nl	anatomie-nl	gecureerd,uberon	0		6.0
sinus	nl	template	templates	25		5.9
calcaneotalair	nl	template	templates	3		5.85
interosseii	la	template	templates	2		5.85
intracraniële	nl	template	templates	3		5.85
lumbaal	nl	template	templates	3		5.85
osteofytvorming	nl	template	templates	3		5.85
radiaire	nl	template	templates	3		5.85
rectocoele	nl	template	templates	3		5.85
subchondrale	nl	template	templates	3		5.85
subtalair	nl	template	templates	3		5.85
tibiotalair	nl	template	templates	3		5.85
vesico-ureterale	nl	template	templates	3		5.85
arteria carotis communis links	nl	template	templates-veld	6		5.81
arteria carotis communis rechts	nl	template	templates-veld	6		5.81
arteria carotis externa links	nl	template	templates-veld	6		5.81
arteria carotis externa rechts	nl	template	templates-veld	6		5.81
arteria carotis interna links	nl	template	templates-veld	6		5.81
arteria carotis interna rechts	nl	template	templates-veld	6		5.81
chopard en lisfranc ligamenten	nl	template	templates-veld	6		5.81
femor- en patello-tibiale gewricht	nl	template	templates-veld	6		5.81
lacertus fibrosis en bicespees	nl	template	templates-veld	6		5.81
ligging en labrale aanhechting	nl	template	templates-veld	6		5.81
nervus radialis en pin	nl	template	templates-veld	6		5.81
pees flexor digitorum profundus	nl	template	templates-veld	6		5.81
pees flexor digitorum superficialis	nl	template	templates-veld	6		5.81
wervellichamen	nl	anatomie-nl	gecureerd,templates	6		5.81
significante	nl	template	templates	27		5.66
aflijning disci	nl	template	templates-veld	4		5.63
alzheimer kenmerken	nl	template	templates-veld	4		5.63
andere transitiezone	nl	template	templates-veld	4		5.63
aortaboog diameter	nl	template	templates-veld	4		5.63
aortaklep area	nl	template	templates-veld	4		5.63
aortawand	nl	template	templates	4		5.63
aortawortel	nl	template	templates	4		5.63
ap-diameter	nl	template	templates	4		5.63
ap-diameter nier	nl	template	templates-veld	4		5.63
ap-diameter pyelum	nl	template	templates-veld	4		5.63
atlanto-dentale	nl	template	templates	4		5.63
atlanto-dentale gewricht	nl	template	templates-veld	4		5.63
atlantodentale	nl	template	templates	4		5.63
atlantodentale verhoudingen	nl	template	templates-veld	4		5.63
basale cisternes	nl	template	templates-veld	4		5.63
bekkenorganen	nl	template	templates	4		5.63
beperkt parenchymverlies	nl	template	templates-veld	4		5.63
bigliani type	nl	template	templates-veld	4		5.63
blaas vulling	nl	template	templates-veld	4		5.63
bot en gewrichtsvocht ulno-carpaal	nl	template	templates-veld	4		5.63
bot en kraakbeen radio-carpaal	nl	template	templates-veld	4		5.63
calcium score	nl	template	templates-veld	4		5.63
capitolunaire	nl	template	templates	4		5.63
capsulaire	nl	template	templates	4		5.63
capsulaire ligamenten	nl	template	templates-veld	4		5.63
carpotid	nl	template	templates	4		5.63
castellvi	nl	template	templates	4		5.63
cisternes	nl	template	templates	4		5.63
cl-hoek	nl	template	templates	4		5.63
cmc gewrichten	nl	template	templates-veld	4		5.63
cortex dikte	nl	template	templates-veld	4		5.63
craniale	nl	template	templates	4		5.63
craniocervicale	nl	template	templates	4		5.63
craniocervicale overgang	nl	template	templates-veld	4		5.63
darmstructuren	nl	template	templates	4		5.63
degeneratieve omvormingen	nl	template	templates-veld	4		5.63
diafragmakoepels	nl	template	templates	4		5.63
disc- en facet atrose	nl	template	templates-veld	4		5.63
discoradiculaire	nl	template	templates	4		5.63
discoradiculaire conflicten	nl	template	templates-veld	4		5.63
distale bicepspees	nl	template	templates-veld	4		5.63
douglasholte	nl	template	templates	4		5.63
dru-gewricht	nl	template	templates	4		5.63
dru-gewricht effusie	nl	template	templates-veld	4		5.63
ECRB	nl	template	templates	4		5.63
ECRL	nl	template	templates	4		5.63
effusie	nl	template	templates	4		5.63
endometrium en junctionele zone	nl	template	templates-veld	4		5.63
fecale spreiding	nl	template	templates-veld	4		5.63
fibromusculaire	nl	template	templates	4		5.63
flowcurve	nl	template	templates	4		5.63
flowcurven	nl	template	templates	4		5.63
flowversnellingen	nl	template	templates	4		5.63
gewrichtsverhouding	nl	template	templates	4		5.63
gewrichtsvocht en synovitis radio-carpaal	nl	template	templates-veld	4		5.63
gleno-humerale	nl	template	templates	4		5.63
gleno-humerale gewricht	nl	template	templates-veld	4		5.63
hercontroleren	nl	template	templates	4		5.63
hoffa vet	nl	template	templates-veld	4		5.63
iliopectineale bursa	nl	template	templates-veld	4		5.63
indeukingsfracturen	nl	template	templates	4		5.63
interphalangeale	nl	template	templates	4		5.63
interphalangeale gewrichten	nl	template	templates-veld	4		5.63
interpolaire	nl	template	templates	4		5.63
interpolaire afstand	nl	template	templates-veld	4		5.63
ischiofemorale ruimte	nl	template	templates-veld	4		5.63
kraakbeen patellofemorale	nl	template	templates-veld	4		5.63
ligamentum transversum	nl	template	templates-veld	4		5.63
lucht spreiding	nl	template	templates-veld	4		5.63
lunatotriquetraal ligament	nl	template	templates-veld	4		5.63
matig parenchymverlies	nl	template	templates-veld	4		5.63
mediale band	nl	template	templates-veld	4		5.63
mediotemporale	nl	template	templates	4		5.63
meegescande	nl	template	templates	4		5.63
meniscocapsulaire	nl	template	templates	4		5.63
middellijnstructuren	nl	template	templates	4		5.63
nevenbevindingen	nl	template	templates	4		5.63
oesophagusregio	nl	template	templates	4		5.63
omliggende collecties	nl	template	templates-veld	4		5.63
ostio-meatale	nl	template	templates	4		5.63
ostio-meatale complexen	nl	template	templates-veld	4		5.63
overgangsanomalie	nl	template	templates	4		5.63
overige bevindingen	nl	template	templates-veld	4		5.63
overige fracturen	nl	template	templates-veld	4		5.63
parenchymletsels	nl	template	templates	4		5.63
parenchymverlies	nl	template	templates	4		5.63
pariëtale	nl	template	templates	4		5.63
patellair retinaculum	nl	template	templates-veld	4		5.63
patellaire en/of trochlaire dysplasie	nl	template	templates-veld	4		5.63
patellofemorale	nl	template	templates	4		5.63
pelvische	nl	template	templates	4		5.63
pelvische organen	nl	template	templates-veld	4		5.63
polscyste	nl	template	templates	4		5.63
pompverloop	nl	template	templates	4		5.63
posteromediale	nl	template	templates	4		5.63
predominant	nl	template	templates	4		5.63
prevertebrale	nl	template	templates	4		5.63
quadrator	nl	template	templates	4		5.63
radio-ulnaire verhoudingen en variantie	nl	template	templates-veld	4		5.63
recto-uteriene	nl	template	templates	4		5.63
recto-uteriene recessus	nl	template	templates-veld	4		5.63
rectovaginale septum	nl	template	templates-veld	4		5.63
resultaat tnm	nl	template	templates-veld	4		5.63
sacro-iliacale	nl	template	templates	4		5.63
sacro-iliacale gewrichten	nl	template	templates-veld	4		5.63
sacro-uteriene	nl	template	templates	4		5.63
scapholunair ligament	nl	template	templates-veld	4		5.63
scapholunaire	nl	template	templates	4		5.63
sfincter	nl	template	templates	4		5.63
shading	nl	template	templates	4		5.63
shiny	nl	template	templates	4		5.63
signaalintensiteit wervellichamen	nl	template	templates-veld	4		5.63
sinus ethmoidalis	nl	template	templates-veld	4		5.63
spinosi	nl	template	templates	4		5.63
squaring	nl	template	templates	4		5.63
symmetrische aantasting	nl	template	templates-veld	4		5.63
talocrurale	nl	template	templates	4		5.63
tfcc aanhechtingen	nl	template	templates-veld	4		5.63
tfcc corpus	nl	template	templates-veld	4		5.63
tfcc ligamenten	nl	template	templates-veld	4		5.63
torsio	nl	template	templates	4		5.63
triphasisch	nl	template	templates	4		5.63
trochlaire	nl	template	templates	4		5.63
uitgesproken parenchymverlies	nl	template	templates-veld	4		5.63
ulno-carpale gewricht	nl	template	templates-veld	4		5.63
ulno-humerale	nl	template	templates	4		5.63
vetplannen	nl	template	templates	4		5.63
volume ovaria	nl	template	templates-veld	4		5.63
volumetrie	nl	template	templates	4		5.63
wervelhoogten	nl	template	templates	4		5.63
wervelzuilafwijkingen	nl	template	templates	4		5.63
compartiment	nl	template	templates	26		5.54
adenosine	nl	contrast-medicatie	gecureerd	0		5.5
anastomose	nl	materiaal-interventie	gecureerd	0		5.5
antrum	nl	anatomie-nl	gecureerd,telnyx	0		5.5
areola	nl	anatomie-nl	gecureerd,uberon	0		5.5
bronchi	nl	anatomie-nl	gecureerd	0		5.5
bronchiolitis	nl	pathologie	gecureerd	0		5.5
bulbus	nl	anatomie-nl	gecureerd,uberon	0		5.5
CABG	nl	materiaal-interventie	gecureerd,telnyx	0		5.5
caecum	nl	anatomie-nl	gecureerd,uberon	0		5.5
cholangitis	nl	pathologie	gecureerd	0		5.5
clopidogrel	nl	contrast-medicatie	gecureerd,telnyx	0		5.5
coccyx	nl	anatomie-nl	gecureerd,uberon	0		5.5
cochlea	nl	anatomie-nl	gecureerd,uberon	0		5.5
dabigatran	nl	contrast-medicatie	gecureerd,telnyx	0		5.5
discitis	nl	descriptoren-bevindingen	gecureerd	0		5.5
endoleak	nl	materiaal-interventie	gecureerd	0		5.5
enteritis	nl	pathologie	gecureerd	0		5.5
epicondylitis	nl	pathologie	gecureerd	0		5.5
extensor hallucis longus	la	latijn-msk-kern	gecureerd	0		5.5
extensor pollicis brevis	la	latijn-msk-kern	gecureerd	0		5.5
extensor pollicis longus	la	latijn-msk-kern	gecureerd	0		5.5
fasciitis	nl	pathologie	gecureerd	0		5.5
flexor carpi radialis	la	latijn-msk-kern	gecureerd	0		5.5
flexor carpi ulnaris	la	latijn-msk-kern	gecureerd	0		5.5
fundus	nl	anatomie-nl	gecureerd,telnyx	0		5.5
furosemide	nl	contrast-medicatie	gecureerd,telnyx	0		5.5
Gastrografin	nl	contrast-medicatie	gecureerd	0		5.5
hallux	nl	anatomie-nl	gecureerd,uberon	0		5.5
hilus	nl	anatomie-nl	gecureerd,telnyx	0		5.5
ICD	nl	materiaal-interventie	gecureerd,telnyx	0		5.5
ileitis	nl	pathologie	gecureerd	0		5.5
insula	nl	anatomie-nl	gecureerd,uberon	0		5.5
ligament van Humphrey	la	latijn-msk-kern	gecureerd	0		5.5
ligament van Wrisberg	la	latijn-msk-kern	gecureerd	0		5.5
ligamentum calcaneonaviculare plantare	la	latijn-msk-kern	gecureerd	0		5.5
ligamentum collaterale laterale	la	latijn-msk-kern	gecureerd	0		5.5
ligamentum collaterale mediale	la	latijn-msk-kern	gecureerd	0		5.5
ligamentum collaterale radiale	la	latijn-msk-kern	gecureerd	0		5.5
ligamentum collaterale ulnare	la	latijn-msk-kern	gecureerd	0		5.5
ligamentum cruciatum anterius	la	latijn-msk-kern	gecureerd	0		5.5
ligamentum cruciatum posterius	la	latijn-msk-kern	gecureerd	0		5.5
ligamentum glenohumerale inferius	la	latijn-msk-kern	gecureerd	0		5.5
ligamentum glenohumerale medium	la	latijn-msk-kern	gecureerd	0		5.5
ligamentum glenohumerale superius	la	latijn-msk-kern	gecureerd	0		5.5
ligamentum longitudinale anterius	la	latijn-msk-kern	gecureerd	0		5.5
ligamentum longitudinale posterius	la	latijn-msk-kern	gecureerd	0		5.5
ligamentum tibiofibulare anterius	la	latijn-msk-kern	gecureerd	0		5.5
ligamentum tibiofibulare posterius	la	latijn-msk-kern	gecureerd	0		5.5
ligamentum transversum atlantis	la	latijn-msk-kern	gecureerd	0		5.5
musculus adductor brevis	la	latijn-msk-kern	gecureerd	0		5.5
musculus erector spinae	la	latijn-msk-kern	gecureerd	0		5.5
musculus extensor carpi radialis brevis	la	latijn-msk-kern	gecureerd,uberon	0		5.5
musculus extensor carpi radialis longus	la	latijn-msk-kern	gecureerd,uberon	0		5.5
musculus fibularis brevis	la	latijn-msk-kern	gecureerd	0		5.5
musculus fibularis longus	la	latijn-msk-kern	gecureerd	0		5.5
musculus obliquus externus	la	latijn-msk-kern	gecureerd	0		5.5
musculus obliquus internus	la	latijn-msk-kern	gecureerd	0		5.5
musculus pronator quadratus	la	latijn-msk-kern	gecureerd	0		5.5
musculus quadratus lumborum	la	latijn-msk-kern	gecureerd	0		5.5
musculus quadratus plantae	la	latijn-msk-kern	gecureerd	0		5.5
musculus rectus abdominis	la	latijn-msk-kern	gecureerd	0		5.5
musculus rectus femoris	la	latijn-msk-kern	gecureerd	0		5.5
musculus vastus intermedius	la	latijn-msk-kern	gecureerd	0		5.5
musculus vastus lateralis	la	latijn-msk-kern	gecureerd	0		5.5
musculus vastus medialis	la	latijn-msk-kern	gecureerd	0		5.5
myometrium	nl	anatomie-nl	gecureerd,uberon	0		5.5
nodule	nl	descriptoren-bevindingen	gecureerd,telnyx	0		5.5
olecranon	nl	anatomie-nl	gecureerd,uberon	0		5.5
pansinusitis	nl	pathologie	gecureerd	0		5.5
patella	nl	anatomie-nl	gecureerd,uberon	0		5.5
peritendinitis	nl	descriptoren-bevindingen	gecureerd	0		5.5
pleura	nl	anatomie-nl	gecureerd,uberon	0		5.5
processus articularis inferior	la	latijn-msk-kern	gecureerd	0		5.5
processus articularis superior	la	latijn-msk-kern	gecureerd	0		5.5
processus styloideus radii	la	latijn-msk-kern	gecureerd	0		5.5
prostatitis	nl	pathologie	gecureerd	0		5.5
putamen	nl	anatomie-nl	gecureerd,uberon	0		5.5
radius	nl	anatomie-nl	gecureerd	0		5.5
retrolisthesis	nl	descriptoren-bevindingen	gecureerd	0		5.5
rivaroxaban	nl	contrast-medicatie	gecureerd,telnyx	0		5.5
sacroiliitis	nl	pathologie	gecureerd	0		5.5
scapula	nl	anatomie-nl	gecureerd,uberon	0		5.5
septa	nl	descriptoren-bevindingen	gecureerd,telnyx	0		5.5
sialolithiasis	nl	pathologie	gecureerd	0		5.5
soleus	nl	anatomie-nl	gecureerd	0		5.5
spondylolisthesis	nl	descriptoren-bevindingen	gecureerd	0		5.5
status quo ante	la	latijn-msk-kern	gecureerd	0		5.5
talus	nl	anatomie-nl	gecureerd,uberon	0		5.5
tenosynovitis	nl	descriptoren-bevindingen	gecureerd	0		5.5
ureters	nl	anatomie-nl	gecureerd	0		5.5
ventriculitis	nl	pathologie	gecureerd	0		5.5
volvulus	nl	descriptoren-bevindingen	gecureerd,telnyx	0		5.5
aspect	nl	template	templates	22		5.47
duplex	nl	template	templates	22		5.47
mediale	nl	template	templates	22		5.47
posterieure	nl	template	templates	25		5.4
ruimte	nl	template	templates	25		5.4
cable	nl	template	templates	3		5.35
coracohumerale	nl	template	templates	3		5.35
DEXA	nl	template	templates	3		5.35
endometrioma	nl	template	templates	2		5.35
oropharynx	nl	template	templates,uberon	2		5.35
radiocarpale	nl	template	templates	2		5.35
treitz	nl	template	templates	3		5.35
vault	nl	template	templates	3		5.35
weke delen en supra-patellaire recessus	nl	template	templates-veld	6		5.31
homogeen	nl	descriptoren-bevindingen	gecureerd,templates	5		5.27
knie	nl	template	templates	24		5.27
oppervlakkig	nl	template	templates	24		5.27
solide	nl	descriptoren-bevindingen	gecureerd,templates	5		5.27
venae	nl	template	templates	20		5.16
andere perifere zone	nl	template	templates-veld	4		5.13
aorta ascendens diameter	nl	template	templates-veld	4		5.13
aorta descendens diameter	nl	template	templates-veld	4		5.13
aortaklep annulus diameter	nl	template	templates-veld	4		5.13
aortaklep kalk score	nl	template	templates-veld	4		5.13
benigne ovariële cysten	nl	template	templates-veld	4		5.13
botoedeem si gewricht	nl	template	templates-veld	4		5.13
cervix	nl	anatomie-nl	gecureerd,templates	4		5.13
coronaire ostia hoogte	nl	template	templates-veld	4		5.13
enthesitis si gewricht	nl	template	templates-veld	4		5.13
gewrichtseffusie en gewrichtsverhouding	nl	template	templates-veld	4		5.13
grond- en dekplaten	nl	template	templates-veld	4		5.13
kraakbeen en beenmerg	nl	template	templates-veld	4		5.13
longparenchym basale longvelden	nl	template	templates-veld	4		5.13
meniscus en meniscocapsulaire ligamenten mediaal	nl	template	templates-veld	4		5.13
pons en cerebellum	nl	template	templates-veld	4		5.13
sinus maxillaris links	nl	template	templates-veld	4		5.13
sinus maxillaris rechts	nl	template	templates-veld	4		5.13
synovitis si gewricht	nl	template	templates-veld	4		5.13
thorax in beeld	nl	template	templates-veld	4		5.13
thoraxwand en wervelzuil	nl	template	templates-veld	4		5.13
afwijkingen	nl	template	templates	23		5.12
achillestendinopathie	nl	pathologie	gecureerd	0		5.0
acromioplastie	nl	materiaal-interventie	gecureerd	0		5.0
acute cholecystitis	nl	pathologie	gecureerd	0		5.0
acute pancreatitis	nl	pathologie	gecureerd	0		5.0
adenocarcinoom	nl	descriptoren-bevindingen	gecureerd	0		5.0
adenomyose	nl	pathologie	gecureerd	0		5.0
adenoom	nl	pathologie	gecureerd	0		5.0
adenopathie	nl	descriptoren-bevindingen	gecureerd	0		5.0
adhesieve capsulitis	nl	pathologie	gecureerd	0		5.0
afgenomen	nl	descriptoren-bevindingen	gecureerd	0		5.0
agenesie	nl	descriptoren-bevindingen	gecureerd	0		5.0
alithiasische cholecystitis	nl	pathologie	gecureerd	0		5.0
alveolair oedeem	nl	descriptoren-bevindingen	gecureerd	0		5.0
anaal kanaal	nl	anatomie-nl	gecureerd	0		5.0
angiomyolipoom	nl	descriptoren-bevindingen	gecureerd	0		5.0
annulus fibrosus	nl	anatomie-nl	gecureerd,uberon	0		5.0
anterolateraal	nl	verslagtaal	gecureerd	0		5.0
anteromediaal	nl	verslagtaal	gecureerd	0		5.0
aorta ascendens	nl	anatomie-nl	gecureerd,uberon	0		5.0
aorta descendens	nl	anatomie-nl	gecureerd,uberon	0		5.0
aorta thoracalis	nl	anatomie-nl	gecureerd,uberon	0		5.0
aortastenose	nl	pathologie	gecureerd	0		5.0
apixaban	nl	contrast-medicatie	gecureerd,telnyx	0		5.0
aplasie	nl	descriptoren-bevindingen	gecureerd	0		5.0
apofyse	nl	pathologie	gecureerd	0		5.0
appendectomie	nl	materiaal-interventie	gecureerd	0		5.0
arteria pulmonalis	nl	anatomie-nl	gecureerd,uberon	0		5.0
arteria renalis	nl	anatomie-nl	gecureerd,uberon	0		5.0
arteria vertebralis	nl	anatomie-nl	gecureerd,uberon	0		5.0
artritis psoriatica	nl	pathologie	gecureerd	0		5.0
artrodese	nl	materiaal-interventie	gecureerd	0		5.0
artrografie	nl	technieken-sequenties	gecureerd	0		5.0
artrotisch	nl	descriptoren-bevindingen	gecureerd	0		5.0
astrocytoom	nl	pathologie	gecureerd	0		5.0
atlanto-occipitaal	nl	anatomie-nl	gecureerd	0		5.0
atlantodentaal	nl	anatomie-nl	gecureerd	0		5.0
avasculaire necrose	nl	descriptoren-bevindingen	gecureerd	0		5.0
basicervicaal	nl	verslagtaal	gecureerd	0		5.0
benigne prostaathyperplasie	nl	pathologie	gecureerd	0		5.0
bijnieradenoom	nl	pathologie	gecureerd	0		5.0
bijnierincidentaloom	nl	pathologie	gecureerd	0		5.0
bimalleolair	nl	verslagtaal	gecureerd	0		5.0
botscintigrafie	nl	technieken-sequenties	gecureerd	0		5.0
bridenileus	nl	pathologie	gecureerd	0		5.0
bronchiolen	nl	anatomie-nl	gecureerd	0		5.0
bronchiëctasieën	nl	descriptoren-bevindingen	gecureerd	0		5.0
bronchopneumonie	nl	pathologie	gecureerd	0		5.0
calcificerende tendinitis	nl	descriptoren-bevindingen	gecureerd	0		5.0
calicectasie	nl	descriptoren-bevindingen	gecureerd	0		5.0
capsula externa	nl	anatomie-nl	gecureerd,uberon	0		5.0
capsula interna	nl	anatomie-nl	gecureerd,uberon	0		5.0
cardiale MR	nl	technieken-sequenties	gecureerd	0		5.0
cardiomegalie	nl	descriptoren-bevindingen	gecureerd	0		5.0
cardiomyopathie	nl	pathologie	gecureerd	0		5.0
carotisstenose	nl	pathologie	gecureerd	0		5.0
caudaal	nl	verslagtaal	gecureerd	0		5.0
caverneus hemangioom	nl	pathologie	gecureerd	0		5.0
cavernoom	nl	pathologie	gecureerd	0		5.0
cavografie	nl	technieken-sequenties	gecureerd	0		5.0
centrale necrose	nl	descriptoren-bevindingen	gecureerd	0		5.0
centrilobulair	nl	descriptoren-bevindingen	gecureerd	0		5.0
centrum semiovale	nl	anatomie-nl	gecureerd,uberon	0		5.0
cervixcarcinoom	nl	pathologie	gecureerd	0		5.0
chiasma opticum	nl	anatomie-nl	gecureerd,uberon	0		5.0
cholangiocarcinoom	nl	pathologie	gecureerd	0		5.0
cholecystectomie	nl	materiaal-interventie	gecureerd	0		5.0
cholesteatoom	nl	pathologie	gecureerd	0		5.0
chondrocalcinose	nl	pathologie	gecureerd	0		5.0
chondromalacie	nl	descriptoren-bevindingen	gecureerd	0		5.0
chondrosarcoom	nl	pathologie	gecureerd	0		5.0
chronische pancreatitis	nl	pathologie	gecureerd	0		5.0
colectomie	nl	materiaal-interventie	gecureerd	0		5.0
collaterale banden	nl	anatomie-nl	gecureerd	0		5.0
collateralen	nl	descriptoren-bevindingen	gecureerd	0		5.0
colloïdcyste	nl	pathologie	gecureerd	0		5.0
colloïdnodus	nl	pathologie	gecureerd	0		5.0
colon inloop	nl	technieken-sequenties	gecureerd	0		5.0
colostomie	nl	materiaal-interventie	gecureerd	0		5.0
compartimentsyndroom	nl	pathologie	gecureerd	0		5.0
contralateraal	nl	descriptoren-bevindingen	gecureerd	0		5.0
contrastechografie	nl	technieken-sequenties	gecureerd	0		5.0
contrastmammografie	nl	technieken-sequenties	gecureerd	0		5.0
contrastnefropathie	nl	contrast-medicatie	gecureerd	0		5.0
conventionele radiografie	nl	technieken-sequenties	gecureerd	0		5.0
coronaire stenose	nl	pathologie	gecureerd	0		5.0
corpectomie	nl	materiaal-interventie	gecureerd	0		5.0
corpus callosum	nl	anatomie-nl	gecureerd,uberon	0		5.0
corticale atrofie	nl	descriptoren-bevindingen	gecureerd	0		5.0
coxartrose	nl	pathologie	gecureerd	0		5.0
craniaal	nl	verslagtaal	gecureerd	0		5.0
craniofaryngioom	nl	pathologie	gecureerd	0		5.0
craniotomie	nl	materiaal-interventie	gecureerd	0		5.0
CT-angiografie	nl	technieken-sequenties	gecureerd	0		5.0
CT-colonografie	nl	technieken-sequenties	gecureerd	0		5.0
CT-enterografie	nl	technieken-sequenties	gecureerd	0		5.0
CT-geleide biopsie	nl	materiaal-interventie	gecureerd	0		5.0
CT-perfusie	nl	technieken-sequenties	gecureerd	0		5.0
CT-urografie	nl	technieken-sequenties	gecureerd	0		5.0
curvilineair	nl	descriptoren-bevindingen	gecureerd	0		5.0
cystectomie	nl	materiaal-interventie	gecureerd	0		5.0
cystisch	nl	descriptoren-bevindingen	gecureerd	0		5.0
cystisch pancreasletsel	nl	pathologie	gecureerd	0		5.0
cytotoxisch oedeem	nl	descriptoren-bevindingen	gecureerd	0		5.0
dermoïd	nl	pathologie	gecureerd	0		5.0
dermoïdcyste	nl	pathologie	gecureerd	0		5.0
diafysair	nl	verslagtaal	gecureerd	0		5.0
diafyse	nl	pathologie	gecureerd	0		5.0
digitale subtractieangiografie	nl	technieken-sequenties	gecureerd	0		5.0
discectomie	nl	materiaal-interventie	gecureerd	0		5.0
diverticulose	nl	descriptoren-bevindingen	gecureerd	0		5.0
ductale ectasie	nl	pathologie	gecureerd	0		5.0
ductus choledochus	nl	anatomie-nl	gecureerd,uberon	0		5.0
ductus cysticus	nl	anatomie-nl	gecureerd,uberon	0		5.0
ductus pancreaticus	nl	anatomie-nl	gecureerd,uberon	0		5.0
dunnedarmileus	nl	descriptoren-bevindingen	gecureerd	0		5.0
echoarm	nl	descriptoren-bevindingen	gecureerd	0		5.0
echogeleide punctie	nl	materiaal-interventie	gecureerd	0		5.0
echorijk	nl	descriptoren-bevindingen	gecureerd	0		5.0
echovrij	nl	descriptoren-bevindingen	gecureerd	0		5.0
enchondroom	nl	pathologie	gecureerd	0		5.0
endo-echografie	nl	technieken-sequenties	gecureerd	0		5.0
endolek	nl	materiaal-interventie	gecureerd	0		5.0
endometrioom	nl	pathologie	gecureerd	0		5.0
endometriumcarcinoom	nl	pathologie	gecureerd	0		5.0
endometriumpoliep	nl	pathologie	gecureerd	0		5.0
endometriumverdikking	nl	pathologie	gecureerd	0		5.0
endoprothese	nl	materiaal-interventie	gecureerd	0		5.0
ependymoom	nl	pathologie	gecureerd	0		5.0
epicondylus lateralis	nl	anatomie-nl	gecureerd	0		5.0
epicondylus medialis	nl	anatomie-nl	gecureerd	0		5.0
epidermoïdcyste	nl	pathologie	gecureerd	0		5.0
epidurale infiltratie	nl	materiaal-interventie	gecureerd	0		5.0
epifysair	nl	verslagtaal	gecureerd	0		5.0
epifyse	nl	anatomie-nl	gecureerd	0		5.0
EVAR	nl	materiaal-interventie	gecureerd,telnyx	0		5.0
Ewing-sarcoom	nl	pathologie	gecureerd	0		5.0
exostose	nl	pathologie	gecureerd	0		5.0
extra-axiaal	nl	verslagtaal	gecureerd	0		5.0
extra-uteriene zwangerschap	nl	pathologie	gecureerd	0		5.0
extracapsulaire ruptuur	nl	materiaal-interventie	gecureerd	0		5.0
extraduraal	nl	verslagtaal	gecureerd	0		5.0
extraforaminale hernia	nl	descriptoren-bevindingen	gecureerd	0		5.0
extrahepatische galwegen	nl	anatomie-nl	gecureerd	0		5.0
extramedullair	nl	verslagtaal	gecureerd	0		5.0
extraperitoneaal	nl	verslagtaal	gecureerd	0		5.0
femoropatellair	nl	anatomie-nl	gecureerd	0		5.0
femoropatellaire artrose	nl	pathologie	gecureerd	0		5.0
femorotibiaal	nl	anatomie-nl	gecureerd	0		5.0
feochromocytoom	nl	pathologie	gecureerd	0		5.0
fibreuze dysplasie	nl	pathologie	gecureerd	0		5.0
fibroadenoom	nl	pathologie	gecureerd	0		5.0
fistulografie	nl	technieken-sequenties	gecureerd	0		5.0
fladderthorax	nl	pathologie	gecureerd	0		5.0
flebografie	nl	technieken-sequenties	gecureerd	0		5.0
fluorodeoxyglucose	nl	contrast-medicatie	gecureerd	0		5.0
focaal	nl	descriptoren-bevindingen	gecureerd	0		5.0
focale steatose	nl	pathologie	gecureerd	0		5.0
foraminotomie	nl	materiaal-interventie	gecureerd	0		5.0
gastrectomie	nl	materiaal-interventie	gecureerd	0		5.0
gastric bypass	nl	materiaal-interventie	gecureerd	0		5.0
gecompliceerde diverticulitis	nl	pathologie	gecureerd	0		5.0
gedilateerde cardiomyopathie	nl	pathologie	gecureerd	0		5.0
geografisch	nl	descriptoren-bevindingen	gecureerd	0		5.0
geperforeerde appendicitis	nl	pathologie	gecureerd	0		5.0
glandula submandibularis	nl	anatomie-nl	gecureerd,uberon	0		5.0
glioblastoom	nl	pathologie	gecureerd	0		5.0
glioom	nl	descriptoren-bevindingen	gecureerd	0		5.0
globus pallidus	nl	anatomie-nl	gecureerd,uberon	0		5.0
gluteale tendinopathie	nl	pathologie	gecureerd	0		5.0
gluteus medius	nl	anatomie-nl	gecureerd,uberon	0		5.0
gluteus minimus	nl	anatomie-nl	gecureerd,uberon	0		5.0
gonartrose	nl	pathologie	gecureerd	0		5.0
hamartoom	nl	pathologie	gecureerd	0		5.0
heldere zoom	nl	materiaal-interventie	gecureerd	0		5.0
hemangioom	nl	descriptoren-bevindingen	gecureerd	0		5.0
hematomen	nl	descriptoren-bevindingen	gecureerd	0		5.0
hemiartroplastie	nl	materiaal-interventie	gecureerd	0		5.0
hemicolectomie	nl	materiaal-interventie	gecureerd	0		5.0
hemilaminectomie	nl	materiaal-interventie	gecureerd	0		5.0
hemorragie	nl	descriptoren-bevindingen	gecureerd	0		5.0
hemorragisch	nl	descriptoren-bevindingen	gecureerd	0		5.0
hemosiderine	nl	descriptoren-bevindingen	gecureerd	0		5.0
hepatectomie	nl	materiaal-interventie	gecureerd	0		5.0
hepatobiliaire fase	nl	technieken-sequenties	gecureerd	0		5.0
hepatocellulair carcinoom	nl	pathologie	gecureerd	0		5.0
hepatosplenomegalie	nl	descriptoren-bevindingen	gecureerd	0		5.0
hersenoedeem	nl	pathologie	gecureerd	0		5.0
hippocampusatrofie	nl	descriptoren-bevindingen	gecureerd	0		5.0
homolateraal	nl	descriptoren-bevindingen	gecureerd	0		5.0
hyperlordose	nl	descriptoren-bevindingen	gecureerd	0		5.0
hypersensitiviteitspneumonitis	nl	pathologie	gecureerd	0		5.0
hypertrofisch	nl	descriptoren-bevindingen	gecureerd	0		5.0
hypertrofische cardiomyopathie	nl	pathologie	gecureerd	0		5.0
hypertrofische pylorusstenose	nl	pathologie	gecureerd	0		5.0
hypofarynx	nl	anatomie-nl	gecureerd	0		5.0
hypofyse	nl	anatomie-nl	gecureerd	0		5.0
hypofyseadenoom	nl	pathologie	gecureerd	0		5.0
hypofysesteel	nl	anatomie-nl	gecureerd	0		5.0
hypoplasie	nl	descriptoren-bevindingen	gecureerd	0		5.0
hysterosalpingografie	nl	technieken-sequenties	gecureerd	0		5.0
idiopathische longfibrose	nl	pathologie	gecureerd	0		5.0
ileocaecale klep	nl	anatomie-nl	gecureerd	0		5.0
ileostomie	nl	materiaal-interventie	gecureerd	0		5.0
inferomediaal	nl	verslagtaal	gecureerd	0		5.0
infrapatellair	nl	verslagtaal	gecureerd	0		5.0
infraspinaal	nl	verslagtaal	gecureerd	0		5.0
infratentorieel	nl	verslagtaal	gecureerd	0		5.0
intercondylair	nl	verslagtaal	gecureerd	0		5.0
interligamentair	nl	verslagtaal	gecureerd	0		5.0
interstitieel oedeem	nl	descriptoren-bevindingen	gecureerd	0		5.0
intertrochantair	nl	verslagtaal	gecureerd	0		5.0
intra-axiaal	nl	verslagtaal	gecureerd	0		5.0
intracapsulaire ruptuur	nl	materiaal-interventie	gecureerd	0		5.0
intracellulair vet	nl	descriptoren-bevindingen	gecureerd	0		5.0
intracraniaal	nl	verslagtaal	gecureerd	0		5.0
intraductaal papilloom	nl	pathologie	gecureerd	0		5.0
intraduraal	nl	verslagtaal	gecureerd	0		5.0
intrahepatische galwegen	nl	anatomie-nl	gecureerd	0		5.0
intraligamentair	nl	verslagtaal	gecureerd	0		5.0
intramedullair	nl	verslagtaal	gecureerd	0		5.0
intramedullaire pen	nl	materiaal-interventie	gecureerd	0		5.0
intramuraal hematoom	nl	descriptoren-bevindingen	gecureerd	0		5.0
intramusculair	nl	verslagtaal	gecureerd	0		5.0
intraosseus	nl	verslagtaal	gecureerd	0		5.0
intraosseus ganglion	nl	pathologie	gecureerd	0		5.0
intraparenchymateuze bloeding	nl	descriptoren-bevindingen	gecureerd	0		5.0
intraperitoneaal	nl	verslagtaal	gecureerd	0		5.0
intraveneus contrast	nl	technieken-sequenties	gecureerd	0		5.0
intraventriculaire bloeding	nl	descriptoren-bevindingen	gecureerd	0		5.0
ipsilateraal	nl	descriptoren-bevindingen	gecureerd	0		5.0
ischemische colitis	nl	pathologie	gecureerd	0		5.0
jejunostomie	nl	materiaal-interventie	gecureerd	0		5.0
juxta-articulair	nl	verslagtaal	gecureerd	0		5.0
juxtacorticaal	nl	verslagtaal	gecureerd	0		5.0
juxtapleuraal	nl	descriptoren-bevindingen	gecureerd	0		5.0
kyfoplastie	nl	materiaal-interventie	gecureerd	0		5.0
laminectomie	nl	materiaal-interventie	gecureerd	0		5.0
laminotomie	nl	materiaal-interventie	gecureerd	0		5.0
leuko-encefalopathie	nl	pathologie	gecureerd	0		5.0
leveradenoom	nl	pathologie	gecureerd	0		5.0
leverhemangioom	nl	pathologie	gecureerd	0		5.0
leversteatose	nl	descriptoren-bevindingen	gecureerd	0		5.0
lieskanaal	nl	anatomie-nl	gecureerd	0		5.0
ligamentum flavum	nl	anatomie-nl	gecureerd,uberon	0		5.0
lineair	nl	descriptoren-bevindingen	gecureerd	0		5.0
lipoom	nl	pathologie	gecureerd	0		5.0
liposarcoom	nl	pathologie	gecureerd	0		5.0
lithiasische cholecystitis	nl	pathologie	gecureerd	0		5.0
lobair	nl	descriptoren-bevindingen	gecureerd	0		5.0
lobulair	nl	descriptoren-bevindingen	gecureerd	0		5.0
lobus caudatus	nl	anatomie-nl	gecureerd,uberon	0		5.0
longoedeem	nl	pathologie	gecureerd	0		5.0
lumpectomie	nl	materiaal-interventie	gecureerd	0		5.0
lymfeklier	nl	descriptoren-bevindingen	gecureerd	0		5.0
lymfoedeem	nl	pathologie	gecureerd	0		5.0
maagcarcinoom	nl	pathologie	gecureerd	0		5.0
macroadenoom	nl	pathologie	gecureerd	0		5.0
macronodulair	nl	descriptoren-bevindingen	gecureerd	0		5.0
mastopathie	nl	pathologie	gecureerd	0		5.0
mastoïditis	nl	pathologie	gecureerd	0		5.0
medulla oblongata	nl	anatomie-nl	gecureerd,uberon	0		5.0
medulloblastoom	nl	pathologie	gecureerd	0		5.0
meniscectomie	nl	materiaal-interventie	gecureerd	0		5.0
mesenteriale adenitis	nl	pathologie	gecureerd	0		5.0
mesenteriale ischemie	nl	pathologie	gecureerd	0		5.0
mesenteriale trombose	nl	pathologie	gecureerd	0		5.0
metaalartefact	nl	technieken-sequenties	gecureerd	0		5.0
metacarpaal	nl	anatomie-nl	gecureerd	0		5.0
metacarpalen	nl	anatomie-nl	gecureerd	0		5.0
metafysair	nl	verslagtaal	gecureerd	0		5.0
metafyse	nl	pathologie	gecureerd	0		5.0
metastase	nl	descriptoren-bevindingen	gecureerd	0		5.0
metastatisch	nl	descriptoren-bevindingen	gecureerd	0		5.0
metatarsaal	nl	anatomie-nl	gecureerd	0		5.0
metatarsalen	nl	anatomie-nl	gecureerd	0		5.0
microadenoom	nl	pathologie	gecureerd	0		5.0
microangiopathie	nl	descriptoren-bevindingen	gecureerd	0		5.0
microdiscectomie	nl	materiaal-interventie	gecureerd	0		5.0
micronodulair	nl	descriptoren-bevindingen	gecureerd	0		5.0
mictiecystografie	nl	technieken-sequenties	gecureerd	0		5.0
MR-angiografie	nl	technieken-sequenties	gecureerd	0		5.0
MR-artrografie	nl	technieken-sequenties	gecureerd	0		5.0
MR-cholangiopancreaticografie	nl	technieken-sequenties	gecureerd	0		5.0
MR-defaecografie	nl	technieken-sequenties	gecureerd	0		5.0
MR-enterografie	nl	technieken-sequenties	gecureerd	0		5.0
MR-mammografie	nl	technieken-sequenties	gecureerd	0		5.0
MR-perfusie	nl	technieken-sequenties	gecureerd	0		5.0
MR-spectroscopie	nl	technieken-sequenties	gecureerd	0		5.0
MR-venografie	nl	technieken-sequenties	gecureerd	0		5.0
mucocoele	nl	pathologie	gecureerd	0		5.0
multifocaal	nl	descriptoren-bevindingen	gecureerd	0		5.0
multiloculair	nl	descriptoren-bevindingen	gecureerd	0		5.0
multiple sclerose	nl	pathologie	gecureerd	0		5.0
multisysteematrofie	nl	pathologie	gecureerd	0		5.0
musculus extensor carpi ulnaris	la	latijn-msk-kern	gecureerd	0		5.0
musculus extensor hallucis longus	la	latijn-msk-kern	gecureerd	0		5.0
musculus extensor pollicis brevis	la	latijn-msk-kern	gecureerd	0		5.0
musculus flexor carpi radialis	la	latijn-msk-kern	gecureerd	0		5.0
musculus flexor digitorum brevis	la	latijn-msk-kern	gecureerd	0		5.0
musculus flexor digitorum longus	la	latijn-msk-kern	gecureerd	0		5.0
musculus flexor hallucis longus	la	latijn-msk-kern	gecureerd	0		5.0
myelografie	nl	technieken-sequenties	gecureerd	0		5.0
myelolipoom	nl	pathologie	gecureerd	0		5.0
myelomalacie	nl	descriptoren-bevindingen	gecureerd	0		5.0
myeloom	nl	descriptoren-bevindingen	gecureerd	0		5.0
myelopathie	nl	descriptoren-bevindingen	gecureerd	0		5.0
myelum	nl	anatomie-nl	gecureerd	0		5.0
myoom	nl	pathologie	gecureerd	0		5.0
necrotiserende enterocolitis	nl	pathologie	gecureerd	0		5.0
necrotiserende fasciitis	nl	pathologie	gecureerd	0		5.0
nefrectomie	nl	materiaal-interventie	gecureerd	0		5.0
nefrografische fase	nl	technieken-sequenties	gecureerd	0		5.0
nefrostomie	nl	materiaal-interventie	gecureerd	0		5.0
nefrostomiekatheter	nl	materiaal-interventie	gecureerd	0		5.0
nervus cutaneus femoris lateralis	la	latijn-msk-kern	gecureerd	0		5.0
nervus opticus	nl	anatomie-nl	gecureerd,uberon	0		5.0
neurofibroom	nl	pathologie	gecureerd	0		5.0
neuromyelitis optica	nl	pathologie	gecureerd	0		5.0
niercelcarcinoom	nl	pathologie	gecureerd	0		5.0
nodulair	nl	descriptoren-bevindingen	gecureerd	0		5.0
non-ossifiërend fibroom	nl	pathologie	gecureerd	0		5.0
nucleus caudatus	nl	anatomie-nl	gecureerd,uberon	0		5.0
nucleus pulposus	nl	anatomie-nl	gecureerd,uberon	0		5.0
oesofagus	nl	anatomie-nl	gecureerd	0		5.0
oligodendroglioom	nl	pathologie	gecureerd	0		5.0
oncocytoom	nl	pathologie	gecureerd	0		5.0
os ilium	nl	anatomie-nl	gecureerd,uberon	0		5.0
osteoblastisch	nl	descriptoren-bevindingen	gecureerd	0		5.0
osteochondraal defect	nl	descriptoren-bevindingen	gecureerd	0		5.0
osteochondraal letsel	nl	descriptoren-bevindingen	gecureerd	0		5.0
osteochondritis dissecans	nl	pathologie	gecureerd	0		5.0
osteochondroom	nl	pathologie	gecureerd	0		5.0
osteocondensatie	nl	descriptoren-bevindingen	gecureerd	0		5.0
osteofytaire randwoekering	nl	descriptoren-bevindingen	gecureerd	0		5.0
osteolytisch	nl	descriptoren-bevindingen	gecureerd	0		5.0
osteoporotisch	nl	descriptoren-bevindingen	gecureerd	0		5.0
osteosarcoom	nl	pathologie	gecureerd	0		5.0
osteotomie	nl	materiaal-interventie	gecureerd	0		5.0
osteoïd osteoom	nl	pathologie	gecureerd	0		5.0
otosclerose	nl	pathologie	gecureerd	0		5.0
ovalair	nl	descriptoren-bevindingen	gecureerd	0		5.0
ovariumcarcinoom	nl	pathologie	gecureerd	0		5.0
ovariumcyste	nl	pathologie	gecureerd	0		5.0
ovariumtorsie	nl	pathologie	gecureerd	0		5.0
ovariëctomie	nl	materiaal-interventie	gecureerd	0		5.0
pancreasadenocarcinoom	nl	pathologie	gecureerd	0		5.0
pancreascarcinoom	nl	pathologie	gecureerd	0		5.0
pancreascorpus	nl	anatomie-nl	gecureerd	0		5.0
pancreaskop	nl	anatomie-nl	gecureerd	0		5.0
pancreaticoduodenectomie	nl	materiaal-interventie	gecureerd	0		5.0
papilloom	nl	pathologie	gecureerd	0		5.0
paralabraal	nl	verslagtaal	gecureerd	0		5.0
paramediaan	nl	verslagtaal	gecureerd	0		5.0
paramediane hernia	nl	descriptoren-bevindingen	gecureerd	0		5.0
parameniscale cyste	nl	pathologie	gecureerd	0		5.0
parasagittaal	nl	verslagtaal	gecureerd	0		5.0
paraseptaal	nl	descriptoren-bevindingen	gecureerd	0		5.0
paravertebraal	nl	verslagtaal	gecureerd	0		5.0
partiële meniscectomie	nl	materiaal-interventie	gecureerd	0		5.0
partiële nefrectomie	nl	materiaal-interventie	gecureerd	0		5.0
patellofemoraal	nl	anatomie-nl	gecureerd	0		5.0
peri-articulair	nl	verslagtaal	gecureerd	0		5.0
peribronchovasculair	nl	descriptoren-bevindingen	gecureerd	0		5.0
pericard	nl	anatomie-nl	gecureerd	0		5.0
pericardeffusie	nl	descriptoren-bevindingen	gecureerd	0		5.0
perifere aankleuring	nl	descriptoren-bevindingen	gecureerd	0		5.0
perifere zone	nl	anatomie-nl	gecureerd	0		5.0
perifissuraal	nl	descriptoren-bevindingen	gecureerd	0		5.0
perifocaal oedeem	nl	descriptoren-bevindingen	gecureerd	0		5.0
perimeniscaal	nl	verslagtaal	gecureerd	0		5.0
periostreactie	nl	descriptoren-bevindingen	gecureerd	0		5.0
periprothetisch	nl	materiaal-interventie	gecureerd	0		5.0
periprothetische fractuur	nl	materiaal-interventie	gecureerd	0		5.0
peritoneale carcinomatose	nl	pathologie	gecureerd	0		5.0
peritonsillair abces	nl	pathologie	gecureerd	0		5.0
peritrochantair	nl	verslagtaal	gecureerd	0		5.0
periventriculair	nl	verslagtaal	gecureerd	0		5.0
pertrochantair	nl	verslagtaal	gecureerd	0		5.0
pilocytair astrocytoom	nl	pathologie	gecureerd	0		5.0
plaveiselcelcarcinoom	nl	descriptoren-bevindingen	gecureerd	0		5.0
pleomorf adenoom	nl	pathologie	gecureerd	0		5.0
pneumatocoele	nl	descriptoren-bevindingen	gecureerd	0		5.0
pneumonectomie	nl	materiaal-interventie	gecureerd	0		5.0
polylobulair	nl	descriptoren-bevindingen	gecureerd	0		5.0
posterolateraal	nl	verslagtaal	gecureerd	0		5.0
posteromediaal	nl	verslagtaal	gecureerd	0		5.0
prepatellair	nl	verslagtaal	gecureerd	0		5.0
processus uncinatus	nl	anatomie-nl	gecureerd,uberon	0		5.0
prostaathypertrofie	nl	pathologie	gecureerd	0		5.0
prostatectomie	nl	materiaal-interventie	gecureerd	0		5.0
pseudartrose	nl	descriptoren-bevindingen	gecureerd	0		5.0
pseudomembraneuze colitis	nl	pathologie	gecureerd	0		5.0
pulmonale congestie	nl	pathologie	gecureerd	0		5.0
pulmonale hypertensie	nl	pathologie	gecureerd	0		5.0
pyelectasie	nl	descriptoren-bevindingen	gecureerd	0		5.0
pyelocaliëctasie	nl	descriptoren-bevindingen	gecureerd	0		5.0
pyelonefritis	nl	pathologie	gecureerd	0		5.0
pylorushypertrofie	nl	pathologie	gecureerd	0		5.0
radiaal litteken	nl	pathologie	gecureerd	0		5.0
radiaire scheur	nl	pathologie	gecureerd	0		5.0
radiculaire compressie	nl	descriptoren-bevindingen	gecureerd	0		5.0
radiofrequentie-ablatie	nl	materiaal-interventie	gecureerd	0		5.0
radiolucente zoom	nl	materiaal-interventie	gecureerd	0		5.0
radiotherapie	nl	materiaal-interventie	gecureerd	0		5.0
radiuskop	nl	anatomie-nl	gecureerd	0		5.0
recessusstenose	nl	descriptoren-bevindingen	gecureerd	0		5.0
rectumcarcinoom	nl	pathologie	gecureerd	0		5.0
reticulair	nl	descriptoren-bevindingen	gecureerd	0		5.0
reticulonodulair	nl	descriptoren-bevindingen	gecureerd	0		5.0
retrobulbair vet	nl	anatomie-nl	gecureerd	0		5.0
retrocardiaal	nl	verslagtaal	gecureerd	0		5.0
retrocruraal	nl	verslagtaal	gecureerd	0		5.0
retrofaryngeaal abces	nl	pathologie	gecureerd	0		5.0
retromamillair	nl	anatomie-nl	gecureerd	0		5.0
retropatellair	nl	verslagtaal	gecureerd	0		5.0
retroperitoneaal	nl	verslagtaal	gecureerd	0		5.0
retroperitoneale fibrose	nl	pathologie	gecureerd	0		5.0
retroperitoneale ruimte	nl	anatomie-nl	gecureerd	0		5.0
retrosternaal	nl	verslagtaal	gecureerd	0		5.0
reumatoïde artritis	nl	pathologie	gecureerd	0		5.0
schwannoom	nl	pathologie	gecureerd	0		5.0
segmentair	nl	descriptoren-bevindingen	gecureerd	0		5.0
segmentectomie	nl	materiaal-interventie	gecureerd	0		5.0
sella turcica	nl	anatomie-nl	gecureerd,uberon	0		5.0
seminoom	nl	pathologie	gecureerd	0		5.0
septische artritis	nl	descriptoren-bevindingen	gecureerd	0		5.0
septum nasi	nl	anatomie-nl	gecureerd,uberon	0		5.0
serpigineus	nl	descriptoren-bevindingen	gecureerd	0		5.0
sfincterotomie	nl	materiaal-interventie	gecureerd	0		5.0
sinus rectus	nl	anatomie-nl	gecureerd,uberon	0		5.0
sinus sigmoideus	nl	anatomie-nl	gecureerd	0		5.0
sinustrombose	nl	pathologie	gecureerd	0		5.0
skeletscintigrafie	nl	technieken-sequenties	gecureerd	0		5.0
sleeve gastrectomie	nl	materiaal-interventie	gecureerd	0		5.0
spanningspneumothorax	nl	descriptoren-bevindingen	gecureerd	0		5.0
spermatocoele	nl	pathologie	gecureerd	0		5.0
spiculair	nl	descriptoren-bevindingen	gecureerd	0		5.0
spinale kanaalstenose	nl	descriptoren-bevindingen	gecureerd	0		5.0
spondylartrose	nl	descriptoren-bevindingen	gecureerd	0		5.0
spondylitis ankylopoetica	nl	pathologie	gecureerd	0		5.0
spondylodese	nl	materiaal-interventie	gecureerd	0		5.0
spondylodiscitis	nl	descriptoren-bevindingen	gecureerd	0		5.0
spondylofyten	nl	descriptoren-bevindingen	gecureerd	0		5.0
spondylose	nl	descriptoren-bevindingen	gecureerd	0		5.0
sternotomie	nl	materiaal-interventie	gecureerd	0		5.0
subacromiaal	nl	verslagtaal	gecureerd	0		5.0
subacromiaal impingement	nl	pathologie	gecureerd	0		5.0
subacromiale bursa	nl	anatomie-nl	gecureerd	0		5.0
subarachnoïdaal	nl	verslagtaal	gecureerd	0		5.0
subcapitaal	nl	verslagtaal	gecureerd	0		5.0
subchondraal	nl	verslagtaal	gecureerd	0		5.0
subchondrale cysten	nl	descriptoren-bevindingen	gecureerd	0		5.0
subcutaan	nl	verslagtaal	gecureerd	0		5.0
subdeltoïdaal	nl	verslagtaal	gecureerd	0		5.0
subfasciaal	nl	verslagtaal	gecureerd	0		5.0
subileus	nl	descriptoren-bevindingen	gecureerd	0		5.0
subocclusie	nl	descriptoren-bevindingen	gecureerd	0		5.0
suboptimale beeldkwaliteit	nl	verslagtaal	gecureerd	0		5.0
subpleuraal	nl	descriptoren-bevindingen	gecureerd	0		5.0
subscapularispees	nl	anatomie-nl	gecureerd	0		5.0
subsegmentair	nl	descriptoren-bevindingen	gecureerd	0		5.0
subtalair gewricht	nl	anatomie-nl	gecureerd	0		5.0
subtrochantair	nl	verslagtaal	gecureerd	0		5.0
superolateraal	nl	verslagtaal	gecureerd	0		5.0
supracondylair	nl	verslagtaal	gecureerd	0		5.0
supracondylaire fractuur	nl	pathologie	gecureerd	0		5.0
suprapatellair	nl	verslagtaal	gecureerd	0		5.0
suprapubische katheter	nl	materiaal-interventie	gecureerd	0		5.0
supraspinatuspees	nl	anatomie-nl	gecureerd	0		5.0
supraspinatusruptuur	nl	pathologie	gecureerd	0		5.0
supratentorieel	nl	verslagtaal	gecureerd	0		5.0
symphysis pubica	nl	anatomie-nl	gecureerd,uberon	0		5.0
tendinopathie	nl	descriptoren-bevindingen	gecureerd	0		5.0
tenotomie	nl	materiaal-interventie	gecureerd	0		5.0
teratoom	nl	pathologie	gecureerd	0		5.0
TEVAR	nl	materiaal-interventie	gecureerd,telnyx	0		5.0
thoracoscopie	nl	materiaal-interventie	gecureerd	0		5.0
thymoom	nl	pathologie	gecureerd	0		5.0
thyreoïditis	nl	pathologie	gecureerd	0		5.0
tomosynthese	nl	technieken-sequenties	gecureerd	0		5.0
tortueus	nl	descriptoren-bevindingen	gecureerd	0		5.0
tracheostomie	nl	materiaal-interventie	gecureerd	0		5.0
transcervicaal	nl	verslagtaal	gecureerd	0		5.0
transmurale ruptuur	nl	descriptoren-bevindingen	gecureerd	0		5.0
transplantaat	nl	materiaal-interventie	gecureerd	0		5.0
transrectale echografie	nl	technieken-sequenties	gecureerd	0		5.0
transvaginale echografie	nl	technieken-sequenties	gecureerd	0		5.0
trimalleolair	nl	verslagtaal	gecureerd	0		5.0
trochanter major	nl	anatomie-nl	gecureerd,uberon	0		5.0
trochanter minor	nl	anatomie-nl	gecureerd,uberon	0		5.0
trochanteritis	nl	pathologie	gecureerd	0		5.0
trochleadysplasie	nl	pathologie	gecureerd	0		5.0
trombectomie	nl	materiaal-interventie	gecureerd	0		5.0
trombolyse	nl	materiaal-interventie	gecureerd	0		5.0
truncus coeliacus	nl	anatomie-nl	gecureerd,uberon	0		5.0
truncus pulmonalis	nl	anatomie-nl	gecureerd,uberon	0		5.0
tuberculum majus	nl	anatomie-nl	gecureerd,uberon	0		5.0
tuberculum minus	nl	anatomie-nl	gecureerd,uberon	0		5.0
tubulair	nl	descriptoren-bevindingen	gecureerd	0		5.0
tumoraal	nl	descriptoren-bevindingen	gecureerd	0		5.0
tumorectomie	nl	materiaal-interventie	gecureerd	0		5.0
unilateraal	nl	descriptoren-bevindingen	gecureerd	0		5.0
uniloculair	nl	descriptoren-bevindingen	gecureerd	0		5.0
ureterlithiasis	nl	descriptoren-bevindingen	gecureerd	0		5.0
ureterocoele	nl	pathologie	gecureerd	0		5.0
ureterohydronefrose	nl	descriptoren-bevindingen	gecureerd	0		5.0
ureterstent	nl	materiaal-interventie	gecureerd	0		5.0
urethrocystografie	nl	technieken-sequenties	gecureerd	0		5.0
uterusmyoom	nl	pathologie	gecureerd	0		5.0
vasculaire leuko-encefalopathie	nl	descriptoren-bevindingen	gecureerd	0		5.0
vasogeen oedeem	nl	descriptoren-bevindingen	gecureerd	0		5.0
vena azygos	nl	anatomie-nl	gecureerd,uberon	0		5.0
vena lienalis	nl	anatomie-nl	gecureerd,uberon	0		5.0
ventraal	nl	verslagtaal	gecureerd	0		5.0
vertebraal hemangioom	nl	descriptoren-bevindingen	gecureerd	0		5.0
vertebroplastie	nl	materiaal-interventie	gecureerd	0		5.0
vesico-ureterale reflux	nl	pathologie	gecureerd	0		5.0
vestibulair schwannoom	nl	pathologie	gecureerd	0		5.0
vetnecrose	nl	pathologie	gecureerd	0		5.0
walled-off necrose	nl	pathologie	gecureerd	0		5.0
wervelkanaal	nl	anatomie-nl	gecureerd	0		5.0
facet	nl	template	templates	19		4.99
hoek	nl	template	templates	22		4.97
adhesieve	nl	template	templates	3		4.85
anaal	nl	template	templates	2		4.85
anorectale hoek	nl	template	templates-veld	3		4.85
anterosuperieure	nl	template	templates	3		4.85
articulair	nl	template	templates	2		4.85
atlanto-dentaal	nl	template	templates	2		4.85
blaas capaciteit	nl	template	templates-veld	3		4.85
blaas ligging	nl	template	templates-veld	3		4.85
BURS	nl	template	templates	3		4.85
collectie	nl	template	templates	2		4.85
contast	nl	template	templates	3		4.85
contractie patroon	nl	template	templates-veld	3		4.85
contrastlekkages	nl	template	templates	3		4.85
corticaal	nl	template	templates	2		4.85
ct-grafisch	nl	template	templates	2		4.85
defaecatie	nl	template	templates	3		4.85
discartrose	nl	template	templates	2		4.85
distale slokdarm	nl	template	templates-veld	3		4.85
dundarm	nl	template	templates	3		4.85
endometriose-verdachte	nl	template	templates	2		4.85
extramurale	nl	template	templates	2		4.85
gehoorganaal	nl	template	templates	2		4.85
gewrichtsmuizen	nl	template	templates	3		4.85
herniaproef	nl	template	templates	3		4.85
homogeniciteit	nl	template	templates	3		4.85
inguinaal knaal	nl	template	templates-veld	2		4.85
insertioneel	nl	template	templates	3		4.85
intra-abdominaal	nl	template	templates	2		4.85
intragastrisch	nl	template	templates	2		4.85
kapselverdikking	nl	template	templates	3		4.85
laagrectale	nl	template	templates	3		4.85
lumbale scoliose	nl	template	templates-veld	2		4.85
mcl superficieel	nl	template	templates-veld	2		4.85
mesorectaal	nl	template	templates	2		4.85
metacarpophalangeale	nl	template	templates	2		4.85
metacarpophalangeale gewrichten	nl	template	templates-veld	2		4.85
metacarpopofalangeale	nl	template	templates	2		4.85
metacarpopofalangeale gewrichten	nl	template	templates-veld	2		4.85
mictie patroon	nl	template	templates-veld	3		4.85
mobiliteit urethra	nl	template	templates-veld	3		4.85
mucosaplooien	nl	template	templates	3		4.85
mucosareliëf	nl	template	templates	3		4.85
nasopharyngeaal	nl	template	templates	2		4.85
oesophageaal	nl	template	templates	2		4.85
osteoarticulaire	nl	template	templates	2		4.85
osteoporotische	nl	template	templates	2		4.85
osteosynthese materiaal	nl	template	templates-veld	2		4.85
pancreasparenchym	nl	template	templates	2		4.85
parotisklier	nl	template	templates	3		4.85
peri-prothetische	nl	template	templates	2		4.85
peri-prothetische fracturen	nl	template	templates-veld	2		4.85
peritoneale	nl	template	templates	2		4.85
perivasculaire	nl	template	templates	2		4.85
rectale wandaflijning	nl	template	templates-veld	3		4.85
recto-anale	nl	template	templates	3		4.85
refluxproef	nl	template	templates	3		4.85
rotatorcuff	nl	template	templates	3		4.85
sagitale	nl	template	templates	3		4.85
squeezing	nl	template	templates	3		4.85
sublcavia	nl	template	templates	2		4.85
superficieel	nl	template	templates	2		4.85
suprapatellaire bursa	nl	template	templates-veld	2		4.85
thoracale	nl	template	templates	3		4.85
thorocale	nl	template	templates	3		4.85
thorocale scoliose	nl	template	templates-veld	2		4.85
uitlokbaar	nl	template	templates	3		4.85
ulno-radiair	nl	template	templates	2		4.85
ulnohumerale	nl	template	templates	3		4.85
vaginakoepel	nl	template	templates	3		4.85
vena axillaris	nl	template	templates-veld,uberon	2		4.85
veneus signaal	nl	template	templates-veld	2		4.85
verstrijking	nl	template	templates	3		4.85
volair	nl	template	templates	2		4.85
relevante	nl	template	templates	21		4.82
volume	nl	template	templates	18		4.81
avn en osteochondrale fracturen	nl	template	templates-veld	4		4.63
Bevindingen	nl	verslagtaal	gecureerd,templates	4		4.63
enkelgewricht	nl	anatomie-nl	gecureerd,templates	4		4.63
erosies	nl	descriptoren-bevindingen	gecureerd,templates	4		4.63
fracturen aan het enkelgewricht	nl	template	templates-veld	4		4.63
hart	nl	anatomie-nl	gecureerd,templates	4		4.63
lengte tot externe sfincter	nl	template	templates-veld	4		4.63
mechanische / functionele femuras	nl	template	templates-veld	4		4.63
morfologische afwijkingen si gewricht	nl	template	templates-veld	4		4.63
nier	nl	anatomie-nl	gecureerd,templates	4		4.63
squaring of bamboo spine	nl	template	templates-veld	4		4.63
symmetrisch	nl	descriptoren-bevindingen	gecureerd,templates	4		4.63
weke delen danger space	nl	template	templates-veld	4		4.63
linker	nl	template	templates	17		4.62
anterolisthesis	nl	descriptoren-bevindingen	gecureerd	0		4.5
appendicolith	nl	descriptoren-bevindingen	gecureerd	0		4.5
arteria carotis externa	nl	anatomie-nl	gecureerd,uberon	0		4.5
arteria carotis interna	nl	anatomie-nl	gecureerd,uberon	0		4.5
arteria cerebri anterior	nl	anatomie-nl	gecureerd,uberon	0		4.5
arteria cerebri media	nl	anatomie-nl	gecureerd,uberon	0		4.5
arteria cerebri posterior	nl	anatomie-nl	gecureerd,uberon	0		4.5
arteria communicans anterior	nl	anatomie-nl	gecureerd,uberon	0		4.5
arteria iliaca interna	nl	anatomie-nl	gecureerd,uberon	0		4.5
arteria mesenterica inferior	nl	anatomie-nl	gecureerd,uberon	0		4.5
arteria mesenterica superior	nl	anatomie-nl	gecureerd,uberon	0		4.5
ascites	nl	descriptoren-bevindingen	gecureerd	0		4.5
axis	nl	anatomie-nl	gecureerd	0		4.5
bullae	nl	descriptoren-bevindingen	gecureerd	0		4.5
Buscopan	nl	contrast-medicatie	gecureerd	0		4.5
cage	nl	materiaal-interventie	gecureerd	0		4.5
calices	nl	anatomie-nl	gecureerd	0		4.5
capitatum	nl	anatomie-nl	gecureerd	0		4.5
capitulum	nl	anatomie-nl	gecureerd	0		4.5
carpus	nl	anatomie-nl	gecureerd	0		4.5
cerclage	nl	materiaal-interventie	gecureerd	0		4.5
cerebrale veneuze sinustrombose	nl	pathologie	gecureerd	0		4.5
conchae	nl	anatomie-nl	gecureerd	0		4.5
CPPD	nl	pathologie	gecureerd	0		4.5
DCIS	nl	pathologie	gecureerd	0		4.5
dens	nl	anatomie-nl	gecureerd	0		4.5
diepe veneuze trombose	nl	descriptoren-bevindingen	gecureerd	0		4.5
dobutamine	nl	contrast-medicatie	gecureerd	0		4.5
ductus hepaticus communis	nl	anatomie-nl	gecureerd,uberon	0		4.5
dura	nl	anatomie-nl	gecureerd	0		4.5
edoxaban	nl	contrast-medicatie	gecureerd	0		4.5
embolus	nl	descriptoren-bevindingen	gecureerd	0		4.5
ERCP	nl	materiaal-interventie	gecureerd	0		4.5
falx	nl	anatomie-nl	gecureerd	0		4.5
focale corticale dysplasie	nl	pathologie	gecureerd	0		4.5
focale nodulaire hyperplasie	nl	pathologie	gecureerd	0		4.5
fondaparinux	nl	contrast-medicatie	gecureerd	0		4.5
glucagon	nl	contrast-medicatie	gecureerd	0		4.5
hamatum	nl	anatomie-nl	gecureerd	0		4.5
hili	nl	anatomie-nl	gecureerd	0		4.5
hydrosalpinx	nl	pathologie	gecureerd	0		4.5
invasief ductaal carcinoom	nl	pathologie	gecureerd	0		4.5
invasief lobulair carcinoom	nl	pathologie	gecureerd	0		4.5
IUD	nl	materiaal-interventie	gecureerd	0		4.5
kinking	nl	descriptoren-bevindingen	gecureerd	0		4.5
lamina	nl	anatomie-nl	gecureerd	0		4.5
Lasix	nl	contrast-medicatie	gecureerd	0		4.5
liner	nl	materiaal-interventie	gecureerd	0		4.5
lingula	nl	anatomie-nl	gecureerd	0		4.5
malunion	nl	descriptoren-bevindingen	gecureerd	0		4.5
mannitol	nl	contrast-medicatie	gecureerd	0		4.5
mesenterium	nl	anatomie-nl	gecureerd	0		4.5
mesiale temporale sclerose	nl	pathologie	gecureerd	0		4.5
mitraclip	nl	materiaal-interventie	gecureerd	0		4.5
naviculare	nl	anatomie-nl	gecureerd	0		4.5
Omnipaque	nl	contrast-medicatie	gecureerd	0		4.5
Optiray	nl	contrast-medicatie	gecureerd	0		4.5
Optison	nl	contrast-medicatie	gecureerd	0		4.5
orbita	nl	anatomie-nl	gecureerd	0		4.5
pediculus	nl	anatomie-nl	gecureerd	0		4.5
perifeer arterieel vaatlijden	nl	pathologie	gecureerd	0		4.5
periventriculaire witte stof	nl	anatomie-nl	gecureerd	0		4.5
PICC	nl	materiaal-interventie	gecureerd	0		4.5
pigtail	nl	materiaal-interventie	gecureerd	0		4.5
pinealis	nl	anatomie-nl	gecureerd	0		4.5
pisiforme	nl	anatomie-nl	gecureerd	0		4.5
plaat- en schroefmateriaal	nl	materiaal-interventie	gecureerd	0		4.5
pneumatosis	nl	descriptoren-bevindingen	gecureerd	0		4.5
primaire scleroserende cholangitis	nl	pathologie	gecureerd	0		4.5
ProHance	nl	contrast-medicatie	gecureerd	0		4.5
pyosalpinx	nl	pathologie	gecureerd	0		4.5
regadenoson	nl	contrast-medicatie	gecureerd	0		4.5
RFA	nl	materiaal-interventie	gecureerd	0		4.5
sacrum	nl	anatomie-nl	gecureerd	0		4.5
scanogram	nl	technieken-sequenties	gecureerd	0		4.5
sentinel	nl	materiaal-interventie	gecureerd	0		4.5
sequester	nl	descriptoren-bevindingen	gecureerd	0		4.5
shear wave elastografie	nl	technieken-sequenties	gecureerd	0		4.5
sinus sagittalis superior	nl	anatomie-nl	gecureerd,uberon	0		4.5
sludge	nl	descriptoren-bevindingen	gecureerd	0		4.5
syrinx	nl	descriptoren-bevindingen	gecureerd	0		4.5
TACE	nl	materiaal-interventie	gecureerd	0		4.5
Technetium	nl	contrast-medicatie	gecureerd	0		4.5
tentorium	nl	anatomie-nl	gecureerd	0		4.5
triquetrum	nl	anatomie-nl	gecureerd	0		4.5
trochlea	nl	anatomie-nl	gecureerd	0		4.5
TURP	nl	materiaal-interventie	gecureerd	0		4.5
Ultravist	nl	contrast-medicatie	gecureerd	0		4.5
varices	nl	descriptoren-bevindingen	gecureerd	0		4.5
vena cava inferior	nl	anatomie-nl	gecureerd,uberon	0		4.5
vena cava superior	nl	anatomie-nl	gecureerd,uberon	0		4.5
vena mesenterica superior	nl	anatomie-nl	gecureerd,uberon	0		4.5
Visipaque	nl	contrast-medicatie	gecureerd	0		4.5
weke delen oedeem	nl	descriptoren-bevindingen	gecureerd	0		4.5
Whipple	nl	materiaal-interventie	gecureerd	0		4.5
argumenten	nl	template	templates	19		4.49
bekken	nl	template	templates	19		4.49
dikte	nl	template	templates	19		4.49
kapsel	nl	template	templates	19		4.49
rechter	nl	template	templates	19		4.49
pubis	nl	template	templates,uberon	12		4.48
abutment	nl	template	templates	2		4.35
corticale	nl	template	templates	2		4.35
hood	nl	template	templates	2		4.35
ilio	nl	template	templates	2		4.35
obturator	nl	template	templates	2		4.35
propria	nl	template	templates	2		4.35
quadriceps	nl	template	templates	2		4.35
regurgitatie naar nasopharyngeaal	nl	template	templates-veld	2		4.35
scaphoid	nl	template	templates	2		4.35
scrotum	nl	anatomie-nl	gecureerd,templates,uberon	2		4.35
staging	nl	template	templates	2		4.35
syndrome	nl	template	templates	2		4.35
vena jugularis externa	nl	template	templates-veld,uberon	2		4.35
hoogte	nl	template	templates	18		4.31
onderbeen	nl	template	templates	18		4.31
vrije	nl	template	templates	18		4.31
rotator	nl	template	templates	15		4.2
cubitale tunnel en nervus ulnaris	nl	template	templates-veld	4		4.13
humerale vetplannen en weke delen	nl	template	templates-veld	4		4.13
lever, galblaas, milt, pancreas, bijnieren	nl	template	templates-veld	4		4.13
processus styloideus en ulnaire variantie	nl	template	templates-veld	4		4.13
sacro-uteriene banden en ronde ligamenten	nl	template	templates-veld	4		4.13
talocrurale en subtalaire gewricht gewricht	nl	template	templates-veld	4		4.13
grootte	nl	template	templates	17		4.12
vrij	nl	template	templates	17		4.12
aankleurend	nl	descriptoren-bevindingen	gecureerd	0		4.0
aankleurt	nl	descriptoren-bevindingen	gecureerd	0		4.0
abcedering	nl	descriptoren-bevindingen	gecureerd	0		4.0
abdominaal aorta-aneurysma	nl	pathologie	gecureerd	0		4.0
achterhoorn	nl	anatomie-nl	gecureerd	0		4.0
achterste mediastinum	nl	anatomie-nl	gecureerd	0		4.0
acromioclaviculair gewricht	nl	anatomie-nl	gecureerd	0		4.0
acute buik	nl	pathologie	gecureerd	0		4.0
ademhalingsartefact	nl	technieken-sequenties	gecureerd	0		4.0
adhesies	nl	pathologie	gecureerd	0		4.0
aerobilie	nl	descriptoren-bevindingen	gecureerd	0		4.0
afvlakking van de lordose	nl	descriptoren-bevindingen	gecureerd	0		4.0
air trapping	nl	descriptoren-bevindingen	gecureerd	0		4.0
aneurysmaclip	nl	materiaal-interventie	gecureerd	0		4.0
aneurysmatische botcyste	nl	pathologie	gecureerd	0		4.0
annulaire fissuur	nl	descriptoren-bevindingen	gecureerd	0		4.0
annulaire scheur	nl	descriptoren-bevindingen	gecureerd	0		4.0
annuloplastiek	nl	materiaal-interventie	gecureerd	0		4.0
aorta-aneurysma	nl	pathologie	gecureerd	0		4.0
aortadissectie	nl	pathologie	gecureerd	0		4.0
arachnoïdcyste	nl	pathologie	gecureerd	0		4.0
architectuurverstoring	nl	pathologie	gecureerd	0		4.0
arteria basilaris	nl	anatomie-nl	gecureerd	0		4.0
arterioveneuze malformatie	nl	pathologie	gecureerd	0		4.0
arteriële fase	nl	technieken-sequenties	gecureerd	0		4.0
aseptische loslating	nl	materiaal-interventie	gecureerd	0		4.0
aspiratiepneumonie	nl	pathologie	gecureerd	0		4.0
asymmetrische densiteit	nl	pathologie	gecureerd	0		4.0
atelectase	nl	descriptoren-bevindingen	gecureerd	0		4.0
atelectatisch	nl	descriptoren-bevindingen	gecureerd	0		4.0
atrofisch	nl	descriptoren-bevindingen	gecureerd	0		4.0
avulsiefractuur	nl	descriptoren-bevindingen	gecureerd	0		4.0
axiale coupes	nl	technieken-sequenties	gecureerd	0		4.0
axillaire klieren	nl	anatomie-nl	gecureerd	0		4.0
axillaire uitloper	nl	anatomie-nl	gecureerd	0		4.0
basale cisternen	nl	anatomie-nl	gecureerd	0		4.0
basale kernen	nl	anatomie-nl	gecureerd	0		4.0
beam hardening	nl	technieken-sequenties	gecureerd	0		4.0
belaste opname	nl	technieken-sequenties	gecureerd	0		4.0
beperkt beoordeelbaar	nl	verslagtaal	gecureerd	0		4.0
bewegingsartefact	nl	technieken-sequenties	gecureerd	0		4.0
bijmilt	nl	anatomie-nl	gecureerd	0		4.0
biologische klep	nl	materiaal-interventie	gecureerd	0		4.0
blanco CT	nl	technieken-sequenties	gecureerd	0		4.0
blanco opname	nl	technieken-sequenties	gecureerd	0		4.0
blanco reeks	nl	technieken-sequenties	gecureerd	0		4.0
blebs	nl	descriptoren-bevindingen	gecureerd	0		4.0
bloedingsresidu	nl	descriptoren-bevindingen	gecureerd	0		4.0
borstabces	nl	pathologie	gecureerd	0		4.0
borstimplantaat	nl	materiaal-interventie	gecureerd	0		4.0
borstsparende chirurgie	nl	materiaal-interventie	gecureerd	0		4.0
botinfarct	nl	descriptoren-bevindingen	gecureerd	0		4.0
botkneuzing	nl	descriptoren-bevindingen	gecureerd	0		4.0
botmetastasen	nl	pathologie	gecureerd	0		4.0
botvenster	nl	technieken-sequenties	gecureerd	0		4.0
bovenkwab	nl	anatomie-nl	gecureerd	0		4.0
bovenste binnenkwadrant	nl	anatomie-nl	gecureerd	0		4.0
bovenste buitenkwadrant	nl	anatomie-nl	gecureerd	0		4.0
branchiogene cyste	nl	pathologie	gecureerd	0		4.0
brede overgangszone	nl	descriptoren-bevindingen	gecureerd	0		4.0
buckle-fractuur	nl	pathologie	gecureerd	0		4.0
bulging	nl	descriptoren-bevindingen	gecureerd	0		4.0
butylscopolamine	nl	contrast-medicatie	gecureerd	0		4.0
calcaneofibulair ligament	nl	anatomie-nl	gecureerd	0		4.0
calcificaties	nl	descriptoren-bevindingen	gecureerd	0		4.0
callusvorming	nl	descriptoren-bevindingen	gecureerd	0		4.0
capillaire telangiëctasie	nl	pathologie	gecureerd	0		4.0
capsulitis adhaesiva	nl	pathologie	gecureerd	0		4.0
carcinoïd	nl	pathologie	gecureerd	0		4.0
carotisbifurcatie	nl	anatomie-nl	gecureerd	0		4.0
carotisstent	nl	materiaal-interventie	gecureerd	0		4.0
carpale tunnel	nl	anatomie-nl	gecureerd	0		4.0
cavitatie	nl	descriptoren-bevindingen	gecureerd	0		4.0
caviteit	nl	descriptoren-bevindingen	gecureerd	0		4.0
caviterend	nl	descriptoren-bevindingen	gecureerd	0		4.0
cavum Douglasi	nl	anatomie-nl	gecureerd	0		4.0
cementlekkage	nl	materiaal-interventie	gecureerd	0		4.0
centrale zone	nl	anatomie-nl	gecureerd	0		4.0
centripetale vulling	nl	descriptoren-bevindingen	gecureerd	0		4.0
cerclagedraden	nl	materiaal-interventie	gecureerd	0		4.0
cerebellaire hemisferen	nl	anatomie-nl	gecureerd	0		4.0
cervicale wervelzuil	nl	anatomie-nl	gecureerd	0		4.0
cervicothoracale overgang	nl	anatomie-nl	gecureerd	0		4.0
Chopart-gewricht	nl	anatomie-nl	gecureerd	0		4.0
cirrotisch	nl	descriptoren-bevindingen	gecureerd	0		4.0
Clariscan	nl	contrast-medicatie	gecureerd	0		4.0
claudicatio	nl	pathologie	gecureerd	0		4.0
clipmarker	nl	materiaal-interventie	gecureerd	0		4.0
cochleair implantaat	nl	materiaal-interventie	gecureerd	0		4.0
Codman-driehoek	nl	descriptoren-bevindingen	gecureerd	0		4.0
coiling	nl	materiaal-interventie	gecureerd	0		4.0
coils	nl	materiaal-interventie	gecureerd	0		4.0
comminutieve fractuur	nl	descriptoren-bevindingen	gecureerd	0		4.0
compatibel met	nl	descriptoren-bevindingen	gecureerd	0		4.0
complex cystisch	nl	descriptoren-bevindingen	gecureerd	0		4.0
complexe scheur	nl	pathologie	gecureerd	0		4.0
compressieatelectase	nl	descriptoren-bevindingen	gecureerd	0		4.0
compressiefractuur	nl	descriptoren-bevindingen	gecureerd	0		4.0
contourafwijking	nl	descriptoren-bevindingen	gecureerd	0		4.0
contrastallergie	nl	contrast-medicatie	gecureerd	0		4.0
contrastcaptatie	nl	descriptoren-bevindingen	gecureerd	0		4.0
controle aanbevolen	nl	descriptoren-bevindingen	gecureerd	0		4.0
contusiehaard	nl	descriptoren-bevindingen	gecureerd	0		4.0
coracoïd	nl	anatomie-nl	gecureerd	0		4.0
corona radiata	nl	anatomie-nl	gecureerd	0		4.0
coronaire stent	nl	materiaal-interventie	gecureerd	0		4.0
coronaire verkalkingen	nl	descriptoren-bevindingen	gecureerd	0		4.0
coronairlijden	nl	pathologie	gecureerd	0		4.0
coronale reconstructie	nl	technieken-sequenties	gecureerd	0		4.0
cortexdoorbraak	nl	descriptoren-bevindingen	gecureerd	0		4.0
corticale onderbreking	nl	descriptoren-bevindingen	gecureerd	0		4.0
corticale verdikking	nl	descriptoren-bevindingen	gecureerd	0		4.0
corticale verdunning	nl	descriptoren-bevindingen	gecureerd	0		4.0
costofrenische hoek	nl	anatomie-nl	gecureerd	0		4.0
coupedikte	nl	technieken-sequenties	gecureerd	0		4.0
COVID-19-pneumonie	nl	pathologie	gecureerd	0		4.0
craniëctomie	nl	materiaal-interventie	gecureerd	0		4.0
crazy paving	nl	descriptoren-bevindingen	gecureerd	0		4.0
CRT	nl	materiaal-interventie	gecureerd	0		4.0
cryoablatie	nl	materiaal-interventie	gecureerd	0		4.0
CTDIvol	nl	technieken-sequenties	gecureerd	0		4.0
cuboïd	nl	anatomie-nl	gecureerd	0		4.0
cuneiformia	nl	anatomie-nl	gecureerd	0		4.0
cupcomponent	nl	materiaal-interventie	gecureerd	0		4.0
CVK	nl	materiaal-interventie	gecureerd	0		4.0
cytologische punctie	nl	materiaal-interventie	gecureerd	0		4.0
decompensatio cordis	nl	pathologie	gecureerd	0		4.0
deels cystisch	nl	descriptoren-bevindingen	gecureerd	0		4.0
degeneratieve wijzigingen	nl	descriptoren-bevindingen	gecureerd	0		4.0
delayed union	nl	descriptoren-bevindingen	gecureerd	0		4.0
deltoïdligament	nl	anatomie-nl	gecureerd	0		4.0
demineralisatie	nl	descriptoren-bevindingen	gecureerd	0		4.0
demyeliniserende letsels	nl	descriptoren-bevindingen	gecureerd	0		4.0
Depo-Medrol	nl	contrast-medicatie	gecureerd	0		4.0
derde ventrikel	nl	anatomie-nl	gecureerd	0		4.0
DEXA-scan	nl	technieken-sequenties	gecureerd	0		4.0
dexamethason	nl	contrast-medicatie	gecureerd	0		4.0
DHS	nl	materiaal-interventie	gecureerd	0		4.0
diffusiegewogen beeldvorming	nl	technieken-sequenties	gecureerd	0		4.0
dikkedarmobstructie	nl	pathologie	gecureerd	0		4.0
discoïde meniscus	nl	pathologie	gecureerd	0		4.0
discusdegeneratie	nl	descriptoren-bevindingen	gecureerd	0		4.0
discushoogteverlies	nl	descriptoren-bevindingen	gecureerd	0		4.0
discusprotrusie	nl	descriptoren-bevindingen	gecureerd	0		4.0
DISI	nl	pathologie	gecureerd	0		4.0
distale radius	nl	anatomie-nl	gecureerd	0		4.0
dosis-lengteproduct	nl	technieken-sequenties	gecureerd	0		4.0
Dotarem	nl	contrast-medicatie	gecureerd	0		4.0
dual-energy CT	nl	technieken-sequenties	gecureerd	0		4.0
dubbel J-stent	nl	materiaal-interventie	gecureerd	0		4.0
dunne coupes	nl	technieken-sequenties	gecureerd	0		4.0
dunnedarmobstructie	nl	pathologie	gecureerd	0		4.0
duplexonderzoek	nl	technieken-sequenties	gecureerd	0		4.0
durale zak	nl	anatomie-nl	gecureerd	0		4.0
dwarsfractuur	nl	descriptoren-bevindingen	gecureerd	0		4.0
dynamische heupschroef	nl	materiaal-interventie	gecureerd	0		4.0
dystelectase	nl	descriptoren-bevindingen	gecureerd	0		4.0
echografisch niet adequaat evalueerbaar	nl	verslagtaal	gecureerd	0		4.0
ectatisch	nl	descriptoren-bevindingen	gecureerd	0		4.0
eenvoudige botcyste	nl	pathologie	gecureerd	0		4.0
Elucirem	nl	contrast-medicatie	gecureerd	0		4.0
embolisatie	nl	materiaal-interventie	gecureerd	0		4.0
empyeem	nl	pathologie	gecureerd	0		4.0
enkeldistorsie	nl	pathologie	gecureerd	0		4.0
enkelprothese	nl	materiaal-interventie	gecureerd	0		4.0
enkelverstuiking	nl	pathologie	gecureerd	0		4.0
erosief	nl	descriptoren-bevindingen	gecureerd	0		4.0
ethmoïdcellen	nl	anatomie-nl	gecureerd	0		4.0
EVD	nl	materiaal-interventie	gecureerd	0		4.0
evenwichtsfase	nl	technieken-sequenties	gecureerd	0		4.0
excretoire fase	nl	technieken-sequenties	gecureerd	0		4.0
expansief proces	nl	descriptoren-bevindingen	gecureerd	0		4.0
expansieve groei	nl	descriptoren-bevindingen	gecureerd	0		4.0
externe ventrikeldrain	nl	materiaal-interventie	gecureerd	0		4.0
facetinfiltratie	nl	materiaal-interventie	gecureerd	0		4.0
falangen	nl	anatomie-nl	gecureerd	0		4.0
fasciitis plantaris	nl	pathologie	gecureerd	0		4.0
fat-sat	nl	descriptoren-bevindingen	gecureerd	0		4.0
FDG-PET	nl	technieken-sequenties	gecureerd	0		4.0
fecaliet	nl	descriptoren-bevindingen	gecureerd	0		4.0
femorale tunnel	nl	materiaal-interventie	gecureerd	0		4.0
femurcomponent	nl	materiaal-interventie	gecureerd	0		4.0
femurcondyl	nl	anatomie-nl	gecureerd	0		4.0
femurhals	nl	anatomie-nl	gecureerd	0		4.0
femuroacetabulair impingement	nl	pathologie	gecureerd	0		4.0
fibrocystische veranderingen	nl	pathologie	gecureerd	0		4.0
fibroglandulair weefsel	nl	anatomie-nl	gecureerd	0		4.0
fibrotisch	nl	descriptoren-bevindingen	gecureerd	0		4.0
fissuurlijn	nl	descriptoren-bevindingen	gecureerd	0		4.0
flap tear	nl	pathologie	gecureerd	0		4.0
flexie-extensieopnames	nl	technieken-sequenties	gecureerd	0		4.0
flow diverter	nl	materiaal-interventie	gecureerd	0		4.0
fluciclovine	nl	contrast-medicatie	gecureerd	0		4.0
FNAC	nl	materiaal-interventie	gecureerd	0		4.0
focale asymmetrie	nl	pathologie	gecureerd	0		4.0
focale vetsparing	nl	pathologie	gecureerd	0		4.0
foramen intervertebrale	nl	anatomie-nl	gecureerd	0		4.0
foraminale hernia	nl	descriptoren-bevindingen	gecureerd	0		4.0
fractuurlijn	nl	descriptoren-bevindingen	gecureerd	0		4.0
frontotemporale dementie	nl	pathologie	gecureerd	0		4.0
frozen shoulder	nl	pathologie	gecureerd	0		4.0
fullthickness ruptuur	nl	descriptoren-bevindingen	gecureerd	0		4.0
functionele cyste	nl	pathologie	gecureerd	0		4.0
functionele MR	nl	technieken-sequenties	gecureerd	0		4.0
functionele opnames	nl	technieken-sequenties	gecureerd	0		4.0
gadobutrol	nl	contrast-medicatie	gecureerd	0		4.0
gadoliniumhoudend contrast	nl	contrast-medicatie	gecureerd	0		4.0
gadoteraat	nl	contrast-medicatie	gecureerd	0		4.0
Gadovist	nl	contrast-medicatie	gecureerd	0		4.0
gadoxetaat	nl	contrast-medicatie	gecureerd	0		4.0
galblaashydrops	nl	descriptoren-bevindingen	gecureerd	0		4.0
galblaaswand	nl	anatomie-nl	gecureerd	0		4.0
gallium-68	nl	contrast-medicatie	gecureerd	0		4.0
galwegstent	nl	materiaal-interventie	gecureerd	0		4.0
gammanagel	nl	materiaal-interventie	gecureerd	0		4.0
ganglioncyste	nl	pathologie	gecureerd	0		4.0
gecompliceerde cyste	nl	pathologie	gecureerd	0		4.0
gedisloceerd	nl	descriptoren-bevindingen	gecureerd	0		4.0
Geen adenopathieën.	nl	verslagtaal	gecureerd	0		4.0
geen afwijkingen	nl	descriptoren-bevindingen	gecureerd	0		4.0
Geen botoedeem.	nl	verslagtaal	gecureerd	0		4.0
Geen consolidaties.	nl	verslagtaal	gecureerd	0		4.0
Geen fracturen.	nl	verslagtaal	gecureerd	0		4.0
Geen fractuur.	nl	verslagtaal	gecureerd	0		4.0
Geen hydronefrose.	nl	verslagtaal	gecureerd	0		4.0
Geen hydrops.	nl	verslagtaal	gecureerd	0		4.0
Geen kraakbeenletsels.	nl	verslagtaal	gecureerd	0		4.0
Geen massa-effect.	nl	verslagtaal	gecureerd	0		4.0
Geen pleuravocht.	nl	verslagtaal	gecureerd	0		4.0
Geen pneumothorax.	nl	verslagtaal	gecureerd	0		4.0
gelobuleerd	nl	descriptoren-bevindingen	gecureerd	0		4.0
gemengd lytisch-sclerotisch	nl	descriptoren-bevindingen	gecureerd	0		4.0
gemengde plaques	nl	descriptoren-bevindingen	gecureerd	0		4.0
geoccludeerd	nl	descriptoren-bevindingen	gecureerd	0		4.0
geodes	nl	descriptoren-bevindingen	gecureerd	0		4.0
gesepteerd	nl	descriptoren-bevindingen	gecureerd	0		4.0
gesequestreerd	nl	descriptoren-bevindingen	gecureerd	0		4.0
gespiculeerd	nl	descriptoren-bevindingen	gecureerd	0		4.0
gewrichtsspleet	nl	descriptoren-bevindingen	gecureerd	0		4.0
gladde contouren	nl	descriptoren-bevindingen	gecureerd	0		4.0
glandula parotis	nl	anatomie-nl	gecureerd	0		4.0
glenohumeraal gewricht	nl	anatomie-nl	gecureerd	0		4.0
glenoïd	nl	anatomie-nl	gecureerd	0		4.0
goed afgelijnd	nl	descriptoren-bevindingen	gecureerd	0		4.0
golferselleboog	nl	pathologie	gecureerd	0		4.0
greenstick-fractuur	nl	pathologie	gecureerd	0		4.0
grijze stof	nl	anatomie-nl	gecureerd	0		4.0
groeischijffractuur	nl	pathologie	gecureerd	0		4.0
grofkorrelige verkalkingen	nl	descriptoren-bevindingen	gecureerd	0		4.0
grote fissuur	nl	anatomie-nl	gecureerd	0		4.0
grote teen	nl	anatomie-nl	gecureerd	0		4.0
gynaecomastie	nl	pathologie	gecureerd	0		4.0
haakje openen	nl	verslagtaal	gecureerd	0		4.0
haakje sluiten	nl	verslagtaal	gecureerd	0		4.0
haardje	nl	descriptoren-bevindingen	gecureerd	0		4.0
haardletsel	nl	descriptoren-bevindingen	gecureerd	0		4.0
hallux rigidus	nl	pathologie	gecureerd	0		4.0
hallux valgus	nl	pathologie	gecureerd	0		4.0
halsvaten	nl	anatomie-nl	gecureerd	0		4.0
Hartmann-procedure	nl	materiaal-interventie	gecureerd	0		4.0
hechtingsankers	nl	materiaal-interventie	gecureerd	0		4.0
herniatie	nl	descriptoren-bevindingen	gecureerd	0		4.0
hersenvenster	nl	technieken-sequenties	gecureerd	0		4.0
heterotope ossificaties	nl	materiaal-interventie	gecureerd	0		4.0
heterotopie	nl	pathologie	gecureerd	0		4.0
hilair vet	nl	descriptoren-bevindingen	gecureerd	0		4.0
hoefijzernier	nl	pathologie	gecureerd	0		4.0
holoprosencefalie	nl	pathologie	gecureerd	0		4.0
honeycombing	nl	descriptoren-bevindingen	gecureerd	0		4.0
hoofdbronchus	nl	anatomie-nl	gecureerd	0		4.0
horizontale scheur	nl	pathologie	gecureerd	0		4.0
humeruskop	nl	anatomie-nl	gecureerd	0		4.0
hyaluronzuur	nl	contrast-medicatie	gecureerd	0		4.0
hydroxyapatiet	nl	pathologie	gecureerd	0		4.0
iliacale vaten	nl	anatomie-nl	gecureerd	0		4.0
impressiefractuur	nl	descriptoren-bevindingen	gecureerd	0		4.0
in regressie	nl	descriptoren-bevindingen	gecureerd	0		4.0
indeuking	nl	descriptoren-bevindingen	gecureerd	0		4.0
infiltratief	nl	descriptoren-bevindingen	gecureerd	0		4.0
infiltratief proces	nl	descriptoren-bevindingen	gecureerd	0		4.0
infraspinatuspees	nl	anatomie-nl	gecureerd	0		4.0
inguinale hernia	nl	pathologie	gecureerd	0		4.0
inklemming	nl	descriptoren-bevindingen	gecureerd	0		4.0
insufficiëntiefractuur	nl	descriptoren-bevindingen	gecureerd	0		4.0
interbody cage	nl	materiaal-interventie	gecureerd	0		4.0
interstitiële longziekte	nl	pathologie	gecureerd	0		4.0
interventriculair septum	nl	anatomie-nl	gecureerd	0		4.0
intimaflap	nl	descriptoren-bevindingen	gecureerd	0		4.0
inwendige gehoorgang	nl	anatomie-nl	gecureerd	0		4.0
inzakkingsfractuur	nl	descriptoren-bevindingen	gecureerd	0		4.0
Iomeron	nl	contrast-medicatie	gecureerd	0		4.0
ischemisch	nl	descriptoren-bevindingen	gecureerd	0		4.0
ischemisch CVA	nl	pathologie	gecureerd	0		4.0
ivabradine	nl	contrast-medicatie	gecureerd	0		4.0
jodium-131	nl	contrast-medicatie	gecureerd	0		4.0
jodiumhoudend contrast	nl	contrast-medicatie	gecureerd	0		4.0
jumpers knee	nl	pathologie	gecureerd	0		4.0
K-draden	nl	materiaal-interventie	gecureerd	0		4.0
kapselcontractuur	nl	materiaal-interventie	gecureerd	0		4.0
Kirschnerdraden	nl	materiaal-interventie	gecureerd	0		4.0
kleine fissuur	nl	anatomie-nl	gecureerd	0		4.0
kleine hersenen	nl	anatomie-nl	gecureerd	0		4.0
klepprothese	nl	materiaal-interventie	gecureerd	0		4.0
klinische correlatie	nl	descriptoren-bevindingen	gecureerd	0		4.0
Klinische vraagstelling	nl	verslagtaal	gecureerd	0		4.0
knieprothese	nl	materiaal-interventie	gecureerd	0		4.0
kopprothese	nl	materiaal-interventie	gecureerd	0		4.0
korte as	nl	descriptoren-bevindingen	gecureerd	0		4.0
kortsas	nl	descriptoren-bevindingen	gecureerd	0		4.0
kraakbeendefect	nl	descriptoren-bevindingen	gecureerd	0		4.0
kraakbeenverlies	nl	descriptoren-bevindingen	gecureerd	0		4.0
kruisbandplastiek	nl	materiaal-interventie	gecureerd	0		4.0
kruisbandruptuur	nl	pathologie	gecureerd	0		4.0
LAA-occluder	nl	materiaal-interventie	gecureerd	0		4.0
laat-arteriële fase	nl	technieken-sequenties	gecureerd	0		4.0
labrumscheur	nl	pathologie	gecureerd	0		4.0
lacunair infarct	nl	descriptoren-bevindingen	gecureerd	0		4.0
lamellaire periostreactie	nl	descriptoren-bevindingen	gecureerd	0		4.0
lange as	nl	descriptoren-bevindingen	gecureerd	0		4.0
lange bicepspees	nl	anatomie-nl	gecureerd	0		4.0
lappenscheur	nl	pathologie	gecureerd	0		4.0
laterale femurcondyl	nl	anatomie-nl	gecureerd	0		4.0
laterale meniscus	nl	anatomie-nl	gecureerd	0		4.0
leadless pacemaker	nl	materiaal-interventie	gecureerd	0		4.0
leptomeningen	nl	anatomie-nl	gecureerd	0		4.0
lesie	nl	descriptoren-bevindingen	gecureerd	0		4.0
levercyste	nl	pathologie	gecureerd	0		4.0
leverhilus	nl	anatomie-nl	gecureerd	0		4.0
levermetastasen	nl	pathologie	gecureerd	0		4.0
leverresectie	nl	materiaal-interventie	gecureerd	0		4.0
leversegmenten	nl	anatomie-nl	gecureerd	0		4.0
levervenen	nl	anatomie-nl	gecureerd	0		4.0
Lewy body	nl	pathologie	gecureerd	0		4.0
ligamentoplastiek	nl	materiaal-interventie	gecureerd	0		4.0
liggende opname	nl	technieken-sequenties	gecureerd	0		4.0
linker atrium	nl	anatomie-nl	gecureerd	0		4.0
linker leverkwab	nl	anatomie-nl	gecureerd	0		4.0
linker ventrikel	nl	anatomie-nl	gecureerd	0		4.0
Lisfranc-gewricht	nl	anatomie-nl	gecureerd	0		4.0
lissencefalie	nl	pathologie	gecureerd	0		4.0
lobaire pneumonie	nl	pathologie	gecureerd	0		4.0
lobulaire contouren	nl	descriptoren-bevindingen	gecureerd	0		4.0
longabces	nl	pathologie	gecureerd	0		4.0
longbasis	nl	anatomie-nl	gecureerd	0		4.0
longcontusie	nl	pathologie	gecureerd	0		4.0
longitudinale scheur	nl	pathologie	gecureerd	0		4.0
longnodus	nl	pathologie	gecureerd	0		4.0
longvenster	nl	technieken-sequenties	gecureerd	0		4.0
lucht-vochtniveau	nl	descriptoren-bevindingen	gecureerd	0		4.0
lumbale wervelzuil	nl	anatomie-nl	gecureerd	0		4.0
lumbosacrale overgang	nl	anatomie-nl	gecureerd	0		4.0
lytisch	nl	descriptoren-bevindingen	gecureerd	0		4.0
maagulcus	nl	pathologie	gecureerd	0		4.0
macrocalcificaties	nl	descriptoren-bevindingen	gecureerd	0		4.0
macroscopisch vet	nl	descriptoren-bevindingen	gecureerd	0		4.0
malalignatie	nl	descriptoren-bevindingen	gecureerd	0		4.0
maligniteit	nl	descriptoren-bevindingen	gecureerd	0		4.0
malrotatie	nl	pathologie	gecureerd	0		4.0
mass effect	nl	descriptoren-bevindingen	gecureerd	0		4.0
massa-effect	nl	descriptoren-bevindingen	gecureerd	0		4.0
mastoïd	nl	anatomie-nl	gecureerd	0		4.0
mastoïdcellen	nl	anatomie-nl	gecureerd	0		4.0
matglasopaciteit	nl	descriptoren-bevindingen	gecureerd	0		4.0
matglasverdichting	nl	descriptoren-bevindingen	gecureerd	0		4.0
maximale intensiteitsprojectie	nl	technieken-sequenties	gecureerd	0		4.0
mechanische klep	nl	materiaal-interventie	gecureerd	0		4.0
mediale femurcondyl	nl	anatomie-nl	gecureerd	0		4.0
mediale meniscus	nl	anatomie-nl	gecureerd	0		4.0
mediane hernia	nl	descriptoren-bevindingen	gecureerd	0		4.0
mediastinaal venster	nl	technieken-sequenties	gecureerd	0		4.0
meerfragmentaire fractuur	nl	descriptoren-bevindingen	gecureerd	0		4.0
meniscusextrusie	nl	pathologie	gecureerd	0		4.0
meniscushechting	nl	materiaal-interventie	gecureerd	0		4.0
meniscusscheur	nl	pathologie	gecureerd	0		4.0
mergpen	nl	materiaal-interventie	gecureerd	0		4.0
mesencefalon	nl	anatomie-nl	gecureerd	0		4.0
mesenteriaal vet	nl	anatomie-nl	gecureerd	0		4.0
metformine	nl	contrast-medicatie	gecureerd	0		4.0
methylprednisolon	nl	contrast-medicatie	gecureerd	0		4.0
microbloedingen	nl	descriptoren-bevindingen	gecureerd	0		4.0
microcalcificaties	nl	descriptoren-bevindingen	gecureerd	0		4.0
microgolfablatie	nl	materiaal-interventie	gecureerd	0		4.0
Micropaque	nl	contrast-medicatie	gecureerd	0		4.0
middellijnverschuiving	nl	descriptoren-bevindingen	gecureerd	0		4.0
middelste mediastinum	nl	anatomie-nl	gecureerd	0		4.0
middenkwab	nl	anatomie-nl	gecureerd	0		4.0
midline shift	nl	descriptoren-bevindingen	gecureerd	0		4.0
miltinfarct	nl	pathologie	gecureerd	0		4.0
miltlaceratie	nl	pathologie	gecureerd	0		4.0
miltruptuur	nl	pathologie	gecureerd	0		4.0
mitralisinsufficiëntie	nl	pathologie	gecureerd	0		4.0
mottenvraat	nl	descriptoren-bevindingen	gecureerd	0		4.0
mozaïekpatroon	nl	descriptoren-bevindingen	gecureerd	0		4.0
mucosale zwelling	nl	pathologie	gecureerd	0		4.0
mucosaverdikking	nl	pathologie	gecureerd	0		4.0
mucoïde degeneratie	nl	pathologie	gecureerd	0		4.0
MultiHance	nl	contrast-medicatie	gecureerd	0		4.0
multinodulair struma	nl	pathologie	gecureerd	0		4.0
multiplanaire reconstructies	nl	technieken-sequenties	gecureerd	0		4.0
myocard	nl	anatomie-nl	gecureerd	0		4.0
myositis ossificans	nl	pathologie	gecureerd	0		4.0
naadlekkage	nl	materiaal-interventie	gecureerd	0		4.0
naaldbiopsie	nl	materiaal-interventie	gecureerd	0		4.0
nasofarynx	nl	anatomie-nl	gecureerd	0		4.0
nasogastrische sonde	nl	materiaal-interventie	gecureerd	0		4.0
native reeks	nl	technieken-sequenties	gecureerd	0		4.0
necrotisch	nl	descriptoren-bevindingen	gecureerd	0		4.0
neusbijholten	nl	anatomie-nl	gecureerd	0		4.0
neusmaagsonde	nl	materiaal-interventie	gecureerd	0		4.0
nierabces	nl	pathologie	gecureerd	0		4.0
nierarterie	nl	anatomie-nl	gecureerd	0		4.0
nierinfarct	nl	pathologie	gecureerd	0		4.0
niersinus	nl	anatomie-nl	gecureerd	0		4.0
niet-gedisloceerd	nl	descriptoren-bevindingen	gecureerd	0		4.0
niet-specifiek	nl	descriptoren-bevindingen	gecureerd	0		4.0
nieuwe alinea	nl	verslagtaal	gecureerd	0		4.0
nieuwe lijn	nl	verslagtaal	gecureerd	0		4.0
nodulair leveroppervlak	nl	descriptoren-bevindingen	gecureerd	0		4.0
nodulaire aankleuring	nl	descriptoren-bevindingen	gecureerd	0		4.0
non-accidental injury	nl	pathologie	gecureerd	0		4.0
non-union	nl	descriptoren-bevindingen	gecureerd	0		4.0
normaal aspect	nl	descriptoren-bevindingen	gecureerd	0		4.0
Normaal botpatroon.	nl	verslagtaal	gecureerd	0		4.0
normaal kaliber	nl	descriptoren-bevindingen	gecureerd	0		4.0
Normale alignatie.	nl	verslagtaal	gecureerd	0		4.0
normale drukhydrocefalie	nl	descriptoren-bevindingen	gecureerd	0		4.0
normale grootte	nl	descriptoren-bevindingen	gecureerd	0		4.0
normale morfologie	nl	descriptoren-bevindingen	gecureerd	0		4.0
occipitaalkwab	nl	anatomie-nl	gecureerd	0		4.0
okselklieruitruiming	nl	materiaal-interventie	gecureerd	0		4.0
olie-cyste	nl	pathologie	gecureerd	0		4.0
omgekeerde schouderprothese	nl	materiaal-interventie	gecureerd	0		4.0
onder voorbehoud	nl	verslagtaal	gecureerd	0		4.0
onderkaakspeekselklier	nl	anatomie-nl	gecureerd	0		4.0
onderkwab	nl	anatomie-nl	gecureerd	0		4.0
onderste binnenkwadrant	nl	anatomie-nl	gecureerd	0		4.0
onderste buitenkwadrant	nl	anatomie-nl	gecureerd	0		4.0
onregelmatige contouren	nl	descriptoren-bevindingen	gecureerd	0		4.0
onscherp afgelijnd	nl	descriptoren-bevindingen	gecureerd	0		4.0
ontwikkelende asymmetrie	nl	pathologie	gecureerd	0		4.0
oorspeekselklier	nl	anatomie-nl	gecureerd	0		4.0
oraal contrast	nl	technieken-sequenties	gecureerd	0		4.0
organiserende pneumonie	nl	pathologie	gecureerd	0		4.0
orofarynx	nl	anatomie-nl	gecureerd	0		4.0
os ischium	nl	anatomie-nl	gecureerd	0		4.0
os pubis	nl	anatomie-nl	gecureerd	0		4.0
os scaphoideum	nl	anatomie-nl	gecureerd	0		4.0
ostiomeatale complex	nl	anatomie-nl	gecureerd	0		4.0
otitis media	nl	pathologie	gecureerd	0		4.0
pacemakerleads	nl	materiaal-interventie	gecureerd	0		4.0
pariëtaalkwab	nl	anatomie-nl	gecureerd	0		4.0
partial thickness	nl	descriptoren-bevindingen	gecureerd	0		4.0
particelziekte	nl	materiaal-interventie	gecureerd	0		4.0
partiële ruptuur	nl	descriptoren-bevindingen	gecureerd	0		4.0
passagefoto	nl	technieken-sequenties	gecureerd	0		4.0
passend bij	nl	descriptoren-bevindingen	gecureerd	0		4.0
patella alta	nl	pathologie	gecureerd	0		4.0
patella baja	nl	pathologie	gecureerd	0		4.0
patellaluxatie	nl	pathologie	gecureerd	0		4.0
pathologische klieren	nl	descriptoren-bevindingen	gecureerd	0		4.0
pectoralisspier	nl	anatomie-nl	gecureerd	0		4.0
pedikels	nl	anatomie-nl	gecureerd	0		4.0
pedikelschroeven	nl	materiaal-interventie	gecureerd	0		4.0
PEG-sonde	nl	materiaal-interventie	gecureerd	0		4.0
penetrerend ulcus	nl	descriptoren-bevindingen	gecureerd	0		4.0
percutane drainage	nl	materiaal-interventie	gecureerd	0		4.0
permeatief	nl	descriptoren-bevindingen	gecureerd	0		4.0
peroneuspezen	nl	anatomie-nl	gecureerd	0		4.0
PET-CT	nl	technieken-sequenties	gecureerd	0		4.0
PET-MR	nl	technieken-sequenties	gecureerd	0		4.0
PFNA	nl	materiaal-interventie	gecureerd	0		4.0
PICC-lijn	nl	materiaal-interventie	gecureerd	0		4.0
pigtaildrain	nl	materiaal-interventie	gecureerd	0		4.0
pinealiscyste	nl	pathologie	gecureerd	0		4.0
plaatatelectase	nl	descriptoren-bevindingen	gecureerd	0		4.0
plastische vervorming	nl	pathologie	gecureerd	0		4.0
pleura-effusie	nl	descriptoren-bevindingen	gecureerd	0		4.0
pleuradrain	nl	materiaal-interventie	gecureerd	0		4.0
pleurale plaques	nl	descriptoren-bevindingen	gecureerd	0		4.0
pleurale ruimte	nl	anatomie-nl	gecureerd	0		4.0
pleurale verdikking	nl	descriptoren-bevindingen	gecureerd	0		4.0
pleuravochtuitstorting	nl	descriptoren-bevindingen	gecureerd	0		4.0
pneumobilie	nl	descriptoren-bevindingen	gecureerd	0		4.0
polycysteuze nieren	nl	pathologie	gecureerd	0		4.0
polycysteuze ovaria	nl	pathologie	gecureerd	0		4.0
polymicrogyrie	nl	pathologie	gecureerd	0		4.0
pontien	nl	verslagtaal	gecureerd	0		4.0
poortkatheter	nl	materiaal-interventie	gecureerd	0		4.0
popliteale holte	nl	anatomie-nl	gecureerd	0		4.0
port-a-cath	nl	materiaal-interventie	gecureerd	0		4.0
portale hypertensie	nl	descriptoren-bevindingen	gecureerd	0		4.0
posterolaterale hoek	nl	anatomie-nl	gecureerd	0		4.0
postradiotherapeutisch	nl	materiaal-interventie	gecureerd	0		4.0
powerdoppler	nl	technieken-sequenties	gecureerd	0		4.0
premedicatie	nl	contrast-medicatie	gecureerd	0		4.0
Primovist	nl	contrast-medicatie	gecureerd	0		4.0
processus spinosus	nl	anatomie-nl	gecureerd	0		4.0
processus transversus	nl	anatomie-nl	gecureerd	0		4.0
pseudoaneurysma	nl	descriptoren-bevindingen	gecureerd	0		4.0
pseudocyste	nl	pathologie	gecureerd	0		4.0
pseudojicht	nl	pathologie	gecureerd	0		4.0
pseudomyxoma peritonei	nl	pathologie	gecureerd	0		4.0
PSMA-PET	nl	technieken-sequenties	gecureerd	0		4.0
rampletsel	nl	pathologie	gecureerd	0		4.0
randaankleuring	nl	descriptoren-bevindingen	gecureerd	0		4.0
randwoekering	nl	descriptoren-bevindingen	gecureerd	0		4.0
Rathke-cyste	nl	pathologie	gecureerd	0		4.0
recessus lateralis	nl	anatomie-nl	gecureerd	0		4.0
rechter atrium	nl	anatomie-nl	gecureerd	0		4.0
rechter leverkwab	nl	anatomie-nl	gecureerd	0		4.0
rechter ventrikel	nl	anatomie-nl	gecureerd	0		4.0
rectaal contrast	nl	technieken-sequenties	gecureerd	0		4.0
retentiecyste	nl	pathologie	gecureerd	0		4.0
reuzenceltumor	nl	pathologie	gecureerd	0		4.0
reverse schouderprothese	nl	materiaal-interventie	gecureerd	0		4.0
ribfracturen	nl	pathologie	gecureerd	0		4.0
ribfractuur	nl	pathologie	gecureerd	0		4.0
ringvormige aankleuring	nl	descriptoren-bevindingen	gecureerd	0		4.0
rondvormig	nl	descriptoren-bevindingen	gecureerd	0		4.0
rotatiestand	nl	descriptoren-bevindingen	gecureerd	0		4.0
rotatorcuffruptuur	nl	pathologie	gecureerd	0		4.0
rotatorenmanchet	nl	anatomie-nl	gecureerd	0		4.0
rotatorenmanchetherstel	nl	materiaal-interventie	gecureerd	0		4.0
ruimte-innemend proces	nl	descriptoren-bevindingen	gecureerd	0		4.0
sacro-iliacaal gewricht	nl	anatomie-nl	gecureerd	0		4.0
sagittale reconstructie	nl	technieken-sequenties	gecureerd	0		4.0
scafolunaire dissociatie	nl	pathologie	gecureerd	0		4.0
scafoïd	nl	anatomie-nl	gecureerd	0		4.0
scafoïdfractuur	nl	pathologie	gecureerd	0		4.0
scalloping	nl	descriptoren-bevindingen	gecureerd	0		4.0
scherp afgelijnd	nl	descriptoren-bevindingen	gecureerd	0		4.0
schildklierkwab	nl	anatomie-nl	gecureerd	0		4.0
schildkliernoduli	nl	pathologie	gecureerd	0		4.0
schildkliernodus	nl	pathologie	gecureerd	0		4.0
schizencefalie	nl	pathologie	gecureerd	0		4.0
Schmorl-noduli	nl	descriptoren-bevindingen	gecureerd	0		4.0
schorsverdunning	nl	descriptoren-bevindingen	gecureerd	0		4.0
schouderluxatie	nl	pathologie	gecureerd	0		4.0
schouderprothese	nl	materiaal-interventie	gecureerd	0		4.0
schuine fractuur	nl	descriptoren-bevindingen	gecureerd	0		4.0
schuine streep	nl	verslagtaal	gecureerd	0		4.0
sclerotisch	nl	descriptoren-bevindingen	gecureerd	0		4.0
semi-solide	nl	descriptoren-bevindingen	gecureerd	0		4.0
septaties	nl	descriptoren-bevindingen	gecureerd	0		4.0
seriële ribfracturen	nl	pathologie	gecureerd	0		4.0
sesambeentjes	nl	anatomie-nl	gecureerd	0		4.0
sigmoïd	nl	anatomie-nl	gecureerd	0		4.0
sigmoïdresectie	nl	materiaal-interventie	gecureerd	0		4.0
signaaluitval	nl	descriptoren-bevindingen	gecureerd	0		4.0
signaalverhoging	nl	descriptoren-bevindingen	gecureerd	0		4.0
signaalwijziging	nl	descriptoren-bevindingen	gecureerd	0		4.0
siliconenimplantaat	nl	materiaal-interventie	gecureerd	0		4.0
sinus costodiaphragmaticus	nl	anatomie-nl	gecureerd	0		4.0
sinus maxillaris	nl	anatomie-nl	gecureerd	0		4.0
sinus transversus	nl	anatomie-nl	gecureerd	0		4.0
SIRT	nl	materiaal-interventie	gecureerd	0		4.0
smalle overgangszone	nl	descriptoren-bevindingen	gecureerd	0		4.0
sneedikte	nl	technieken-sequenties	gecureerd	0		4.0
solitaire botcyste	nl	pathologie	gecureerd	0		4.0
solitaire longnodus	nl	pathologie	gecureerd	0		4.0
SonoVue	nl	contrast-medicatie	gecureerd	0		4.0
SPECT-CT	nl	technieken-sequenties	gecureerd	0		4.0
spectrale CT	nl	technieken-sequenties	gecureerd	0		4.0
spectrale doppler	nl	technieken-sequenties	gecureerd	0		4.0
spiculaire periostreactie	nl	descriptoren-bevindingen	gecureerd	0		4.0
spierhernia	nl	pathologie	gecureerd	0		4.0
spierletsel	nl	pathologie	gecureerd	0		4.0
spiraalfractuur	nl	descriptoren-bevindingen	gecureerd	0		4.0
spoelvormig	nl	descriptoren-bevindingen	gecureerd	0		4.0
staande opname	nl	technieken-sequenties	gecureerd	0		4.0
stanzebiopsie	nl	materiaal-interventie	gecureerd	0		4.0
stenosering	nl	descriptoren-bevindingen	gecureerd	0		4.0
sternoclaviculair gewricht	nl	anatomie-nl	gecureerd	0		4.0
sternumdraden	nl	materiaal-interventie	gecureerd	0		4.0
stippelvormige verkalkingen	nl	descriptoren-bevindingen	gecureerd	0		4.0
stress shielding	nl	materiaal-interventie	gecureerd	0		4.0
stressopname	nl	technieken-sequenties	gecureerd	0		4.0
sulcus intertubercularis	nl	anatomie-nl	gecureerd	0		4.0
Swan-Ganz	nl	materiaal-interventie	gecureerd	0		4.0
syndesmoseletsel	nl	pathologie	gecureerd	0		4.0
synoviale verdikking	nl	descriptoren-bevindingen	gecureerd	0		4.0
tarsale coalitie	nl	pathologie	gecureerd	0		4.0
TAVI	nl	materiaal-interventie	gecureerd	0		4.0
technetium-99m	nl	contrast-medicatie	gecureerd	0		4.0
Telebrix	nl	contrast-medicatie	gecureerd	0		4.0
tenodese	nl	materiaal-interventie	gecureerd	0		4.0
tension band	nl	materiaal-interventie	gecureerd	0		4.0
teres minor	nl	anatomie-nl	gecureerd	0		4.0
terminaal ileum	nl	anatomie-nl	gecureerd	0		4.0
territoriaal infarct	nl	descriptoren-bevindingen	gecureerd	0		4.0
testistorsie	nl	pathologie	gecureerd	0		4.0
testistumor	nl	pathologie	gecureerd	0		4.0
thoracale wervelzuil	nl	anatomie-nl	gecureerd	0		4.0
thoracolumbale overgang	nl	anatomie-nl	gecureerd	0		4.0
tibiacomponent	nl	materiaal-interventie	gecureerd	0		4.0
tibiale tuberositas	nl	anatomie-nl	gecureerd	0		4.0
tibiale tunnel	nl	materiaal-interventie	gecureerd	0		4.0
tibiaplateau	nl	anatomie-nl	gecureerd	0		4.0
tibiotalair gewricht	nl	anatomie-nl	gecureerd	0		4.0
toevalsbevinding	nl	descriptoren-bevindingen	gecureerd	0		4.0
torusfractuur	nl	pathologie	gecureerd	0		4.0
totale heupprothese	nl	materiaal-interventie	gecureerd	0		4.0
totale knieprothese	nl	materiaal-interventie	gecureerd	0		4.0
trabeculaire microfracturen	nl	descriptoren-bevindingen	gecureerd	0		4.0
tracheacanule	nl	materiaal-interventie	gecureerd	0		4.0
tractiebronchiëctasieën	nl	descriptoren-bevindingen	gecureerd	0		4.0
tractus iliotibialis	nl	anatomie-nl	gecureerd	0		4.0
trapezoïdeum	nl	anatomie-nl	gecureerd	0		4.0
triamcinolon	nl	contrast-medicatie	gecureerd	0		4.0
tubo-ovarieel abces	nl	pathologie	gecureerd	0		4.0
tumorale massa	nl	descriptoren-bevindingen	gecureerd	0		4.0
twaalfvingerige darm	nl	anatomie-nl	gecureerd	0		4.0
uitgestelde fase	nl	technieken-sequenties	gecureerd	0		4.0
uitwendige gehoorgang	nl	anatomie-nl	gecureerd	0		4.0
ulcus pepticum	nl	pathologie	gecureerd	0		4.0
ulna minus	nl	pathologie	gecureerd	0		4.0
ulna plus	nl	pathologie	gecureerd	0		4.0
ulnaire impactie	nl	pathologie	gecureerd	0		4.0
uncovertebraal gewricht	nl	anatomie-nl	gecureerd	0		4.0
unicompartimentele knieprothese	nl	materiaal-interventie	gecureerd	0		4.0
vaag afgelijnd	nl	descriptoren-bevindingen	gecureerd	0		4.0
vaatprothese	nl	materiaal-interventie	gecureerd	0		4.0
vacuümbiopsie	nl	materiaal-interventie	gecureerd	0		4.0
VATS	nl	materiaal-interventie	gecureerd	0		4.0
vena portae	nl	anatomie-nl	gecureerd	0		4.0
veneuze fase	nl	technieken-sequenties	gecureerd	0		4.0
veneuze insufficiëntie	nl	pathologie	gecureerd	0		4.0
ventriculoperitoneale drain	nl	materiaal-interventie	gecureerd	0		4.0
ventrikeldilatatie	nl	descriptoren-bevindingen	gecureerd	0		4.0
verblijfskatheter	nl	materiaal-interventie	gecureerd	0		4.0
verbrijzelingsfractuur	nl	descriptoren-bevindingen	gecureerd	0		4.0
verdere evaluatie	nl	descriptoren-bevindingen	gecureerd	0		4.0
verdichtingshaard	nl	descriptoren-bevindingen	gecureerd	0		4.0
verdikte cortex	nl	descriptoren-bevindingen	gecureerd	0		4.0
vergelijkende opname	nl	technieken-sequenties	gecureerd	0		4.0
vergrote klieren	nl	descriptoren-bevindingen	gecureerd	0		4.0
verkalkte plaques	nl	descriptoren-bevindingen	gecureerd	0		4.0
verlittekening	nl	descriptoren-bevindingen	gecureerd	0		4.0
vetbevattend	nl	descriptoren-bevindingen	gecureerd	0		4.0
vethilus	nl	descriptoren-bevindingen	gecureerd	0		4.0
vethoudend	nl	descriptoren-bevindingen	gecureerd	0		4.0
vetsuppressie	nl	descriptoren-bevindingen	gecureerd	0		4.0
vettige degeneratie	nl	descriptoren-bevindingen	gecureerd	0		4.0
vettige infiltratie	nl	descriptoren-bevindingen	gecureerd	0		4.0
vierde ventrikel	nl	anatomie-nl	gecureerd	0		4.0
VISI	nl	pathologie	gecureerd	0		4.0
VKB-plastiek	nl	materiaal-interventie	gecureerd	0		4.0
VKB-ruptuur	nl	pathologie	gecureerd	0		4.0
vocht-vochtniveau	nl	descriptoren-bevindingen	gecureerd	0		4.0
vochtlaagje	nl	descriptoren-bevindingen	gecureerd	0		4.0
volledige ruptuur	nl	descriptoren-bevindingen	gecureerd	0		4.0
volume rendering	nl	technieken-sequenties	gecureerd	0		4.0
voorgaand onderzoek	nl	descriptoren-bevindingen	gecureerd	0		4.0
voorhoorn	nl	anatomie-nl	gecureerd	0		4.0
voorste mediastinum	nl	anatomie-nl	gecureerd	0		4.0
vorig onderzoek	nl	descriptoren-bevindingen	gecureerd	0		4.0
VP-drain	nl	materiaal-interventie	gecureerd	0		4.0
vreemd voorwerp	nl	pathologie	gecureerd	0		4.0
vroeg-arteriële fase	nl	technieken-sequenties	gecureerd	0		4.0
Vueway	nl	contrast-medicatie	gecureerd	0		4.0
vullingsdefect	nl	descriptoren-bevindingen	gecureerd	0		4.0
wandaankleuring	nl	descriptoren-bevindingen	gecureerd	0		4.0
wandverdikking	nl	descriptoren-bevindingen	gecureerd	0		4.0
warfarine	nl	contrast-medicatie	gecureerd	0		4.0
wash-in	nl	descriptoren-bevindingen	gecureerd	0		4.0
wash-out	nl	descriptoren-bevindingen	gecureerd	0		4.0
waterscheidingsinfarct	nl	descriptoren-bevindingen	gecureerd	0		4.0
weefselplus	nl	descriptoren-bevindingen	gecureerd	0		4.0
weefselvermeerdering	nl	descriptoren-bevindingen	gecureerd	0		4.0
wigresectie	nl	materiaal-interventie	gecureerd	0		4.0
wigvormige inzakking	nl	descriptoren-bevindingen	gecureerd	0		4.0
witte stof	nl	anatomie-nl	gecureerd	0		4.0
wittestofletsels	nl	descriptoren-bevindingen	gecureerd	0		4.0
wortelcompressie	nl	descriptoren-bevindingen	gecureerd	0		4.0
wortelcontact	nl	descriptoren-bevindingen	gecureerd	0		4.0
wortelinfiltratie	nl	materiaal-interventie	gecureerd	0		4.0
wortelscheur	nl	pathologie	gecureerd	0		4.0
Xenetix	nl	contrast-medicatie	gecureerd	0		4.0
xylocaïne	nl	contrast-medicatie	gecureerd	0		4.0
zachte plaques	nl	descriptoren-bevindingen	gecureerd	0		4.0
zijventrikels	nl	anatomie-nl	gecureerd	0		4.0
zitbeen	nl	anatomie-nl	gecureerd	0		4.0
zonder bijzonderheden	nl	descriptoren-bevindingen	gecureerd	0		4.0
basale	nl	template	templates	14		3.98
kager	nl	template	templates	14		3.98
minor	nl	template	templates	14		3.98
post	nl	template	templates	14		3.98
spring	nl	template	templates	14		3.98
diep	nl	template	templates	16		3.92
ligging	nl	template	templates	16		3.92
adductorenpezen	nl	template	templates	2		3.85
alzheimer-kenmerken	nl	template	templates	2		3.85
baker cyste	nl	template	templates-veld	2		3.85
blaassonde	nl	materiaal-interventie	gecureerd,templates	3		3.85
blaasvulling	nl	template	templates	2		3.85
boluscontrole	nl	template	templates	2		3.85
bolustransport	nl	template	templates	2		3.85
botcyste	nl	template	templates	2		3.85
botdensiteit	nl	template	templates	2		3.85
bovenste slokdarmsfincter	nl	template	templates-veld	2		3.85
brughoekstructuren	nl	template	templates	2		3.85
circumferentiële	nl	template	templates	2		3.85
circumferentiële locatie	nl	template	templates-veld	2		3.85
compressie	nl	descriptoren-bevindingen	gecureerd,templates	3		3.85
contrastpassage	nl	template	templates	2		3.85
contrastpropulsie	nl	template	templates	2		3.85
coronale balans	nl	template	templates-veld	2		3.85
cortexdikte	nl	template	templates	2		3.85
ctxnxmx	nl	template	templates	2		3.85
darmgassuperpositie	nl	template	templates	2		3.85
darmlissen	nl	template	templates	2		3.85
deposits	nl	template	templates	2		3.85
diffusiegewogen	nl	template	templates	2		3.85
diffusierestrictief	nl	template	templates	2		3.85
EMVI	nl	template	templates	2		3.85
foveale	nl	template	templates	2		3.85
frax	nl	template	templates	2		3.85
frax-model	nl	template	templates	2		3.85
gassuperpositie	nl	template	templates	2		3.85
hyoïdbeweging	nl	template	templates	2		3.85
iscio	nl	template	templates	2		3.85
larynxafsluiting	nl	template	templates	2		3.85
larynxspiercontractie	nl	template	templates	2		3.85
longparenchymafwijkingen	nl	template	templates	2		3.85
luchtdistributie	nl	template	templates	2		3.85
luchtgevulde	nl	template	templates	2		3.85
luchtwegcompressie	nl	template	templates	2		3.85
maag	nl	anatomie-nl	gecureerd,templates	3		3.85
maagband	nl	materiaal-interventie	gecureerd,templates	3		3.85
maaghernia	nl	template	templates	2		3.85
mcl diep	nl	template	templates-veld	2		3.85
n-stadiëring	nl	template	templates	2		3.85
niet-regionale	nl	template	templates	2		3.85
obliteratie	nl	template	templates	2		3.85
oesophageale	nl	template	templates	2		3.85
onderste slokdarmsfincter	nl	template	templates-veld	2		3.85
onstekingen	nl	template	templates	2		3.85
patellaire pees	nl	template	templates-veld	2		3.85
pharynxcontractie	nl	template	templates	2		3.85
popliteale vaatjes	nl	template	templates-veld	2		3.85
post-operatief	nl	template	templates	2		3.85
pre-tavi	nl	template	templates	2		3.85
prefill	nl	template	templates	2		3.85
pubo-femorale	nl	template	templates	2		3.85
quadriceps pees	nl	template	templates-veld	2		3.85
regurgitatie	nl	template	templates	2		3.85
rullier	nl	template	templates	2		3.85
rullier klasse	nl	template	templates-veld	2		3.85
sacroiliacale	nl	template	templates	2		3.85
sagitale balans	nl	template	templates-veld	2		3.85
segmentaire	nl	template	templates	2		3.85
segmentele	nl	template	templates	2		3.85
sequentiele	nl	template	templates	2		3.85
shef	nl	template	templates	2		3.85
slikfunctie	nl	template	templates	2		3.85
slokdarm	nl	anatomie-nl	gecureerd,templates	3		3.85
slokdarmhelft	nl	template	templates	2		3.85
slokdarmsfincter	nl	template	templates	2		3.85
stase	nl	template	templates	2		3.85
stenert	nl	template	templates	2		3.85
stenert letsel	nl	template	templates-veld	2		3.85
summary	nl	template	templates	2		3.85
t-score	nl	template	templates	2		3.85
t-stadiëring	nl	template	templates	2		3.85
thoraxafwijkingen	nl	template	templates	2		3.85
tussenwervelruimten	nl	template	templates	2		3.85
vena brachialis	nl	template	templates-veld	2		3.85
vena sublcavia	nl	template	templates-veld	2		3.85
vuj's	nl	template	templates	2		3.85
wandonregelmatigheden	nl	template	templates	2		3.85
weke deleb	nl	template	templates-veld	2		3.85
z-score	nl	template	templates	2		3.85
hals	nl	template	templates	15		3.7
kaliber	nl	template	templates	15		3.7
structuren	nl	template	templates	15		3.7
verdachte	nl	template	templates	15		3.7
ACE	afk	afkortingen	gecureerd,telnyx	0		3.5
ALS	afk	afkortingen	gecureerd,telnyx	0		3.5
anterieur fibromusculair stroma	nl	anatomie-nl	gecureerd	0		3.5
arteria carotis communis	nl	anatomie-nl	gecureerd	0		3.5
arteria communicans posterior	nl	anatomie-nl	gecureerd	0		3.5
cirkel van Willis	nl	anatomie-nl	gecureerd	0		3.5
cluster van microcysten	nl	pathologie	gecureerd	0		3.5
collum	la	anatomie-la	uberon	0		3.5
corpus luteum cyste	nl	pathologie	gecureerd	0		3.5
developmental venous anomaly	nl	pathologie	gecureerd	0		3.5
diffuse axonale schade	nl	descriptoren-bevindingen	gecureerd	0		3.5
ductus thyreoglossus cyste	nl	pathologie	gecureerd	0		3.5
ductus van Wirsung	nl	anatomie-nl	gecureerd	0		3.5
endolympha	la	anatomie-la	uberon	0		3.5
epithalamus	la	anatomie-la	uberon	0		3.5
foramen van Monro	nl	anatomie-nl	gecureerd	0		3.5
geen aanwijzingen voor	nl	descriptoren-bevindingen	gecureerd	0		3.5
Geen focale letsels.	nl	verslagtaal	gecureerd	0		3.5
Geen intracraniële bloeding.	nl	verslagtaal	gecureerd	0		3.5
Geen recente ischemie.	nl	verslagtaal	gecureerd	0		3.5
geen vergelijkend onderzoek	nl	descriptoren-bevindingen	gecureerd	0		3.5
Geen vrij vocht.	nl	verslagtaal	gecureerd	0		3.5
hemangioom van de weke delen	nl	pathologie	gecureerd	0		3.5
hypothalamus	la	anatomie-la	uberon	0		3.5
in vergelijking met	nl	descriptoren-bevindingen	gecureerd	0		3.5
juxtacorticale witte stof	nl	anatomie-nl	gecureerd	0		3.5
kanaal van Guyon	nl	anatomie-nl	gecureerd	0		3.5
lage dosis CT	nl	technieken-sequenties	gecureerd	0		3.5
laterale collaterale band	nl	anatomie-nl	gecureerd	0		3.5
LIP	afk	afkortingen	gecureerd,uberon	0		3.5
malleus	la	anatomie-la	uberon	0		3.5
mamma	la	anatomie-la	uberon	0		3.5
mediale collaterale band	nl	anatomie-nl	gecureerd	0		3.5
metacarpalia	la	anatomie-la	uberon	0		3.5
MRI	afk	afkortingen	gecureerd,telnyx	0		3.5
neurofibra	la	anatomie-la	uberon	0		3.5
niet adequaat evalueerbaar	nl	verslagtaal	gecureerd	0		3.5
Normale atlantodentale verhoudingen.	nl	verslagtaal	gecureerd	0		3.5
Normale osteo-articulaire verhoudingen.	nl	verslagtaal	gecureerd	0		3.5
Normale weke delen.	nl	verslagtaal	gecureerd	0		3.5
osteochondraal letsel van de talus	nl	pathologie	gecureerd	0		3.5
ovarium	la	anatomie-la	uberon	0		3.5
penetrerend atherosclerotisch ulcus	nl	pathologie	gecureerd	0		3.5
platen en schroeven	nl	materiaal-interventie	gecureerd	0		3.5
portaal veneuze fase	nl	technieken-sequenties	gecureerd	0		3.5
progressieve supranucleaire parese	nl	pathologie	gecureerd	0		3.5
pulmo	la	anatomie-la	uberon	0		3.5
pulmones	la	anatomie-la	uberon	0		3.5
te correleren met	nl	descriptoren-bevindingen	gecureerd	0		3.5
TIA	afk	afkortingen	gecureerd,telnyx	0		3.5
tibialis anterior pees	nl	anatomie-nl	gecureerd	0		3.5
tibialis posterior pees	nl	anatomie-nl	gecureerd	0		3.5
type II endoleak	nl	materiaal-interventie	gecureerd	0		3.5
vena van Galenus	nl	anatomie-nl	gecureerd	0		3.5
voor zover beoordeelbaar	nl	verslagtaal	gecureerd	0		3.5
voor zover evalueerbaar	nl	verslagtaal	gecureerd	0		3.5
voorste talofibulair ligament	nl	anatomie-nl	gecureerd	0		3.5
weke delen massa	nl	descriptoren-bevindingen	gecureerd	0		3.5
weke delen venster	nl	technieken-sequenties	gecureerd	0		3.5
weke delen zwelling	nl	descriptoren-bevindingen	gecureerd	0		3.5
witte stof letsels	nl	descriptoren-bevindingen	gecureerd	0		3.5
ziekte van Alzheimer	nl	pathologie	gecureerd	0		3.5
ziekte van Parkinson	nl	pathologie	gecureerd	0		3.5
band	nl	template	templates	12		3.48
disc	nl	template	templates	12		3.48
flow	nl	template	templates	12		3.48
morfologie	nl	template	templates	14		3.48
pathologische	nl	template	templates	14		3.48
atheromatose carotis bifurcatie	nl	template	templates-veld	2		3.35
atheromatose carotis communis	nl	template	templates-veld	2		3.35
atheromatose carotis externa	nl	template	templates-veld	2		3.35
atheromatose carotis interna	nl	template	templates-veld	2		3.35
inwendige gehoorganaal links	nl	template	templates-veld	2		3.35
inwendige gehoorganaal rechts	nl	template	templates-veld	2		3.35
pes anserinus bursa	nl	template	templates-veld	2		3.35
tumor	nl	descriptoren-bevindingen	gecureerd,templates	2		3.35
uterus en adnexen of prostaat	nl	template	templates-veld	3		3.35
been	nl	template	templates	13		3.24
interval	nl	template	templates	11		3.2
AKI	afk	afkortingen	gecureerd,telnyx	0		3.0
arytaenoideus	la	anatomie-la	uberon	0		3.0
binnen de normale grenzen	nl	descriptoren-bevindingen	gecureerd	0		3.0
bronchi lobaris	la	anatomie-la	uberon	0		3.0
bronchioli terminalis	la	anatomie-la	uberon	0		3.0
bronchiolus respiratorii	la	anatomie-la	uberon	0		3.0
bronchiolus respiratorius	la	anatomie-la	uberon	0		3.0
bronchiolus terminalis	la	anatomie-la	uberon	0		3.0
calcificaties in de pees	nl	descriptoren-bevindingen	gecureerd	0		3.0
canalis hyaloideus	la	anatomie-la	uberon	0		3.0
cobra head	en	tekens-eponiemen	gecureerd	0		3.0
colliculus caudalis	la	anatomie-la	uberon	0		3.0
colliculus cranialis	la	anatomie-la	uberon	0		3.0
colliculus inferior	la	anatomie-la	uberon	0		3.0
colliculus rostralis	la	anatomie-la	uberon	0		3.0
colliculus superior	la	anatomie-la	uberon	0		3.0
collum costae	la	anatomie-la	uberon	0		3.0
collum mallei	la	anatomie-la	uberon	0		3.0
collum vesicae	la	anatomie-la	uberon	0		3.0
collumn dentis	la	anatomie-la	uberon	0		3.0
colon sigmoideum	la	anatomie-la	uberon	0		3.0
columna Bertini	la	anatomie-la	uberon	0		3.0
columna fornicis	la	anatomie-la	uberon	0		3.0
columnae anales	la	anatomie-la	uberon	0		3.0
columnae carneae	la	anatomie-la	uberon	0		3.0
columnae renales	la	anatomie-la	uberon	0		3.0
consolidatie van de fractuur	nl	descriptoren-bevindingen	gecureerd	0		3.0
corpus van de meniscus	nl	anatomie-nl	gecureerd	0		3.0
cortex periamygdaloideus	la	anatomie-la	uberon	0		3.0
cut-off sign	en	tekens-eponiemen	gecureerd	0		3.0
cysterna chyli	la	anatomie-la	uberon	0		3.0
ductaal carcinoma in situ	nl	pathologie	gecureerd	0		3.0
ductus parotideus	la	anatomie-la	uberon	0		3.0
epiblastus	la	anatomie-la	uberon	0		3.0
epithelium lentis	la	anatomie-la	uberon	0		3.0
gyrus cuneus	la	anatomie-la	uberon	0		3.0
halo sign	en	tekens-eponiemen	gecureerd	0		3.0
Hampton hump	en	tekens-eponiemen	gecureerd	0		3.0
hemispherium cerebelli	la	anatomie-la	uberon	0		3.0
hemispherium cerebri	la	anatomie-la	uberon	0		3.0
humor vitreus	la	anatomie-la	uberon	0		3.0
hypoblastus	la	anatomie-la	uberon	0		3.0
hypothalamus posterior	la	anatomie-la	uberon	0		3.0
kan niet uitgesloten worden	nl	descriptoren-bevindingen	gecureerd	0		3.0
labrumscheur van de heup	nl	pathologie	gecureerd	0		3.0
labyrinthus membranaceus	la	anatomie-la	uberon	0		3.0
labyrinthus osseus	la	anatomie-la	uberon	0		3.0
M. cricothyroideus	la	anatomie-la	uberon	0		3.0
MM	afk	afkortingen	gecureerd,telnyx	0		3.0
MS	afk	afkortingen	gecureerd,telnyx	0		3.0
mucocoele van de appendix	nl	pathologie	gecureerd	0		3.0
musculi capitis	la	anatomie-la	uberon	0		3.0
musculus anconaeus	la	anatomie-la	uberon	0		3.0
musculus coccygeus	la	anatomie-la	uberon	0		3.0
musculus cricopharyngeus	la	anatomie-la	uberon	0		3.0
musculus cricothyroideus	la	anatomie-la	uberon	0		3.0
musculus geniohyoideus	la	anatomie-la	uberon	0		3.0
musculus iliococcygeus	la	anatomie-la	uberon	0		3.0
musculus infrahyoideus	la	anatomie-la	uberon	0		3.0
musculus ischiococcygeus	la	anatomie-la	uberon	0		3.0
musculus mylohyoideus	la	anatomie-la	uberon	0		3.0
musculus omohyoideus	la	anatomie-la	uberon	0		3.0
musculus palatopharyngeus	la	anatomie-la	uberon	0		3.0
musculus pubococcygeus	la	anatomie-la	uberon	0		3.0
musculus salpingopharyngeus	la	anatomie-la	uberon	0		3.0
musculus sternohyoideus	la	anatomie-la	uberon	0		3.0
musculus sternothyroideus	la	anatomie-la	uberon	0		3.0
musculus stylohyoideus	la	anatomie-la	uberon	0		3.0
musculus stylopharyngeus	la	anatomie-la	uberon	0		3.0
musculus thyroarytenoideus	la	anatomie-la	uberon	0		3.0
musculus thyrohyoideus	la	anatomie-la	uberon	0		3.0
musculus thyropharyngeus	la	anatomie-la	uberon	0		3.0
nervus coccygeus	la	anatomie-la	uberon	0		3.0
nervus mylohyoideus	la	anatomie-la	uberon	0		3.0
neurofibrae efferentes	la	anatomie-la	uberon	0		3.0
neuropilus	la	anatomie-la	uberon	0		3.0
niet uit te sluiten	nl	descriptoren-bevindingen	gecureerd	0		3.0
Normale grootte en morfologie.	nl	verslagtaal	gecureerd	0		3.0
nucleus caeruleus	la	anatomie-la	uberon	0		3.0
nucleus subcaeruleus	la	anatomie-la	uberon	0		3.0
nutmeg liver	en	tekens-eponiemen	gecureerd	0		3.0
pericardium fibrosum	la	anatomie-la	uberon	0		3.0
pericardium serosum	la	anatomie-la	uberon	0		3.0
periodontal fiber	la	anatomie-la	uberon	0		3.0
periodontal fibre	la	anatomie-la	uberon	0		3.0
plexus choroideus	la	anatomie-la	uberon	0		3.0
plexus coccygeus	la	anatomie-la	uberon	0		3.0
plexus pterygoideus	la	anatomie-la	uberon	0		3.0
praecuneus	la	anatomie-la	uberon	0		3.0
processus xiphoideus	la	anatomie-la	uberon	0		3.0
RA	afk	afkortingen	gecureerd,telnyx	0		3.0
radiatio acustica	la	anatomie-la	uberon	0		3.0
radix motoria	la	anatomie-la	uberon	0		3.0
radix nervi	la	anatomie-la	uberon	0		3.0
radix posterior	la	anatomie-la	uberon	0		3.0
ramus pharyngeus	la	anatomie-la	uberon	0		3.0
Rigler sign	en	tekens-eponiemen	gecureerd	0		3.0
ring-around-the-artery	en	tekens-eponiemen	gecureerd	0		3.0
saccus thyroideus	la	anatomie-la	uberon	0		3.0
sentinel loop	en	tekens-eponiemen	gecureerd	0		3.0
silhouette sign	en	tekens-eponiemen	gecureerd	0		3.0
spectral broadening	en	tekens-eponiemen	gecureerd	0		3.0
spoke wheel	en	tekens-eponiemen	gecureerd	0		3.0
starry sky	en	tekens-eponiemen	gecureerd	0		3.0
stressfractuur van het metatarsale	nl	pathologie	gecureerd	0		3.0
string sign	en	tekens-eponiemen	gecureerd	0		3.0
subnucleus caudalis	la	anatomie-la	uberon	0		3.0
substantia alba	la	anatomie-la	uberon	0		3.0
substantia compacta	la	anatomie-la	uberon	0		3.0
substantia corticalis	la	anatomie-la	uberon	0		3.0
substantia grisea	la	anatomie-la	uberon	0		3.0
substantia trabecularis	la	anatomie-la	uberon	0		3.0
sulcus sigmoideus	la	anatomie-la	uberon	0		3.0
tardus parvus	en	tekens-eponiemen	gecureerd	0		3.0
tractus hypothalamico-hypophyseus	la	anatomie-la	uberon	0		3.0
tractus supraoptico-hypophyseus	la	anatomie-la	uberon	0		3.0
transversis abdominus	la	anatomie-la	uberon	0		3.0
transversus abdominis	la	anatomie-la	uberon	0		3.0
Turkey Chair	la	anatomie-la	uberon	0		3.0
vesica biliaris	la	anatomie-la	uberon	0		3.0
vesica fellea	la	anatomie-la	uberon	0		3.0
vesica urinaria	la	anatomie-la	uberon	0		3.0
vesicula prostatica	la	anatomie-la	uberon	0		3.0
vesicula umbilicalis	la	anatomie-la	uberon	0		3.0
Westermark sign	en	tekens-eponiemen	gecureerd	0		3.0
yin-yang sign	en	tekens-eponiemen	gecureerd	0		3.0
afstand	nl	template	templates	12		2.98
differentiatie	nl	template	templates	12		2.98
flexie	nl	template	templates	12		2.98
biceps	nl	template	templates	10		2.89
corpus	nl	template	templates	10		2.89
lumbale	nl	template	templates	10		2.89
zone	nl	template	templates	10		2.89
abces	nl	descriptoren-bevindingen	gecureerd,templates	2		2.85
bolustransport naar de oropharynx	nl	template	templates-veld	2		2.85
deviatie van de trachea	nl	template	templates-veld	2		2.85
klieren	nl	descriptoren-bevindingen	gecureerd,templates	2		2.85
nieuw	nl	descriptoren-bevindingen	gecureerd,templates	2		2.85
oksel	nl	anatomie-nl	gecureerd,templates	2		2.85
procent	nl	verslagtaal	gecureerd,templates	2		2.85
scheurtje	nl	descriptoren-bevindingen	gecureerd,templates	2		2.85
trombus	nl	descriptoren-bevindingen	gecureerd,templates	2		2.85
vena radialis en ulnaris	nl	template	templates-veld	2		2.85
volume van de venen	nl	template	templates-veld	2		2.85
expansie	nl	template	templates	11		2.7
vlotte	nl	template	templates	11		2.7
zenuwen	nl	template	templates	11		2.7
lange	nl	template	templates	9		2.56
abces van de weke delen	nl	pathologie	gecureerd	0		2.5
air crescent sign	en	tekens-eponiemen	gecureerd	0		2.5
antebrachium	la	anatomie-la	uberon	0		2.5
ARDS	afk	afkortingen	gecureerd	0		2.5
arteriola	la	anatomie-la	uberon	0		2.5
axilla	la	anatomie-la	uberon	0		2.5
blastocystis	la	anatomie-la	uberon	0		2.5
brachium	la	anatomie-la	uberon	0		2.5
bronchiectasis	en	descriptoren-bevindingen	gecureerd,telnyx	0		2.5
bronchus principalis dexter	la	anatomie-la	uberon	0		2.5
bronchus principalis sinister	la	anatomie-la	uberon	0		2.5
buccae	la	anatomie-la	uberon	0		2.5
choroidea	la	anatomie-la	uberon	0		2.5
cilium	la	anatomie-la	uberon	0		2.5
cisterna	la	anatomie-la	uberon	0		2.5
colliculus bigeminalis oralis	la	anatomie-la	uberon	0		2.5
colliculus nuclei caudati	la	anatomie-la	uberon	0		2.5
collum anatomicum humeri	la	anatomie-la	uberon	0		2.5
columna fornicis anterior	la	anatomie-la	uberon	0		2.5
columna posterior fornicis	la	anatomie-la	uberon	0		2.5
condylus	la	anatomie-la	uberon	0		2.5
continuous diaphragm sign	en	tekens-eponiemen	gecureerd	0		2.5
corium	la	anatomie-la	uberon	0		2.5
coxa	la	anatomie-la	uberon	0		2.5
dentes	la	anatomie-la	uberon	0		2.5
diencephalon	la	anatomie-la	uberon	0		2.5
epicondylus lateralis femoris	la	anatomie-la	uberon	0		2.5
epicondylus medialis femoris	la	anatomie-la	uberon	0		2.5
epithelium anterius corneae	la	anatomie-la	uberon	0		2.5
epithelium enameleum externum	la	anatomie-la	uberon	0		2.5
epithelium enameleum internum	la	anatomie-la	uberon	0		2.5
epithelium pigmentosum iridis	la	anatomie-la	uberon	0		2.5
epithelium posterius corneae	la	anatomie-la	uberon	0		2.5
fasciculus	la	anatomie-la	uberon	0		2.5
glandula	la	anatomie-la	uberon	0		2.5
golden S sign	en	tekens-eponiemen	gecureerd	0		2.5
grisea	la	anatomie-la	uberon	0		2.5
hemispherium cerebelli [hII-hX]	la	anatomie-la	uberon	0		2.5
hemispherium lobus anterior	la	anatomie-la	uberon	0		2.5
hemispherium lobus posterior	la	anatomie-la	uberon	0		2.5
inguen	la	anatomie-la	uberon	0		2.5
lanugo	la	anatomie-la	uberon	0		2.5
light bulb sign	en	tekens-eponiemen	gecureerd	0		2.5
lobulus	la	anatomie-la	uberon	0		2.5
lobus	la	anatomie-la	uberon	0		2.5
lympha	la	anatomie-la	uberon	0		2.5
mentum	la	anatomie-la	uberon	0		2.5
mesencephalon	la	anatomie-la	uberon	0		2.5
mesenchyma	la	anatomie-la	uberon	0		2.5
mesenteron	la	anatomie-la	uberon	0		2.5
musculi	la	anatomie-la	uberon	0		2.5
musculus longus capitis	la	anatomie-la	uberon	0		2.5
musculus semispinalis capitis	la	anatomie-la	uberon	0		2.5
musculus splenius capitis	la	anatomie-la	uberon	0		2.5
nasus	la	anatomie-la	uberon	0		2.5
nates	la	anatomie-la	uberon	0		2.5
nephrolithiasis	en	descriptoren-bevindingen	gecureerd,telnyx	0		2.5
NET	afk	afkortingen	gecureerd	0		2.5
oliva	la	anatomie-la	uberon	0		2.5
osteoarthritis	en	pathologie	gecureerd,telnyx	0		2.5
palaeocortex	la	anatomie-la	uberon	0		2.5
paramedian nucleus reticularis	la	anatomie-la	uberon	0		2.5
PDA	afk	afkortingen	gecureerd	0		2.5
pectus	la	anatomie-la	uberon	0		2.5
periosteum externum cranii	la	anatomie-la	uberon	0		2.5
pili	la	anatomie-la	uberon	0		2.5
planta	la	anatomie-la	uberon	0		2.5
plexus venosus pterygoideus	la	anatomie-la	uberon	0		2.5
pollex	la	anatomie-la	uberon	0		2.5
praeputium	la	anatomie-la	uberon	0		2.5
processus lateralis malleus	la	anatomie-la	uberon	0		2.5
prostata	la	anatomie-la	uberon	0		2.5
radiatio corporis callosi	la	anatomie-la	uberon	0		2.5
radiationes thalamicae anteriores	la	anatomie-la	uberon	0		2.5
radiationes thalamicae posteriores	la	anatomie-la	uberon	0		2.5
radix arcus vertebrae	la	anatomie-la	uberon	0		2.5
ring of fire	en	tekens-eponiemen	gecureerd	0		2.5
sacculus	la	anatomie-la	uberon	0		2.5
sinciput	la	anatomie-la	uberon	0		2.5
SMA	afk	afkortingen	gecureerd	0		2.5
splenium corporis callosi	la	anatomie-la	uberon	0		2.5
splenium corpus callosi	la	anatomie-la	uberon	0		2.5
spontane osteonecrose van de knie	nl	pathologie	gecureerd	0		2.5
substantia basalis telencephali	la	anatomie-la	uberon	0		2.5
substantia gelatinosa centralis	la	anatomie-la	uberon	0		2.5
substantia gelatinosa spinalis	la	anatomie-la	uberon	0		2.5
substantia gelationsa centralis	la	anatomie-la	uberon	0		2.5
substantia gliosa (spinalis)	la	anatomie-la	uberon	0		2.5
substantia grisea centralis	la	anatomie-la	uberon	0		2.5
substantia medullaris cerebelli	la	anatomie-la	uberon	0		2.5
substantia medullaris cerebri	la	anatomie-la	uberon	0		2.5
substantia muscularis prostatae	la	anatomie-la	uberon	0		2.5
substantia nigra (Soemmerringi)	la	anatomie-la	uberon	0		2.5
substantia perforata anterior	la	anatomie-la	uberon	0		2.5
substantia propria corneae	la	anatomie-la	uberon	0		2.5
substantia propria sclerae	la	anatomie-la	uberon	0		2.5
substantia reticularis mesencephali	la	anatomie-la	uberon	0		2.5
supercilium	la	anatomie-la	uberon	0		2.5
TAPSE	afk	afkortingen	gecureerd	0		2.5
tendo	la	anatomie-la	uberon	0		2.5
testiculus	la	anatomie-la	uberon	0		2.5
thalamencephalon	la	anatomie-la	uberon	0		2.5
uncus	la	anatomie-la	uberon	0		2.5
ventriculus	la	anatomie-la	uberon	0		2.5
venula	la	anatomie-la	uberon	0		2.5
vomitus	la	anatomie-la	uberon	0		2.5
bewaarde	nl	template	templates	10		2.39
bipolaire	nl	template	templates	10		2.39
insertie	nl	template	templates	10		2.39
skelet	nl	template	templates	10		2.39
systeem	nl	template	templates	10		2.39
vulling	nl	template	templates	10		2.39
flow in de arteria vertebralis	nl	template	templates-veld	2		2.35
alpha	nl	template	templates	8		2.19
basilica	nl	template	templates	8		2.19
common	nl	template	templates	8		2.19
score	nl	template	templates	8		2.19
diepe	nl	template	templates	9		2.06
schouder	nl	template	templates	9		2.06
a. infraorbitalis	la	anatomie-la	uberon	0		2.0
a. lacrimalis	la	anatomie-la	uberon	0		2.0
a. nutricia	la	anatomie-la	uberon	0		2.0
a. nutriens	la	anatomie-la	uberon	0		2.0
a. umbilicalis	la	anatomie-la	uberon	0		2.0
a10a	la	anatomie-la	uberon	0		2.0
AB	afk	afkortingen	gecureerd	0		2.0
acinus pancreaticus	la	anatomie-la	uberon	0		2.0
acinus pulmonaris	la	anatomie-la	uberon	0		2.0
acqua amnii	la	anatomie-la	uberon	0		2.0
ADEM	afk	afkortingen	gecureerd	0		2.0
adnexa fetalia	la	anatomie-la	uberon	0		2.0
adnexa oculi	la	anatomie-la	uberon	0		2.0
adnexae cutis	la	anatomie-la	uberon	0		2.0
ala centralis	la	anatomie-la	uberon	0		2.0
ala nasi	la	anatomie-la	uberon	0		2.0
alae parvae	la	anatomie-la	uberon	0		2.0
alveolus dentalis	la	anatomie-la	uberon	0		2.0
alveolus pulmonis	la	anatomie-la	uberon	0		2.0
alveus hippocampi	la	anatomie-la	uberon	0		2.0
amiculum olivare	la	anatomie-la	uberon	0		2.0
ampulla biliaropancreatica	la	anatomie-la	uberon	0		2.0
ampulla hepatopancreatica	la	anatomie-la	uberon	0		2.0
ampulla Vaterii	la	anatomie-la	uberon	0		2.0
ampullae osseae	la	anatomie-la	uberon	0		2.0
aneurysma van de arteria communicans anterior	nl	pathologie	gecureerd	0		2.0
angulus cerebellopontinus	la	anatomie-la	uberon	0		2.0
ansa cervicalis	la	anatomie-la	uberon	0		2.0
ansa hypoglossi	la	anatomie-la	uberon	0		2.0
ansa nephroni	la	anatomie-la	uberon	0		2.0
antrum cardiacum	la	anatomie-la	uberon	0		2.0
antrum follicularum	la	anatomie-la	uberon	0		2.0
antrum pyloricum	la	anatomie-la	uberon	0		2.0
anulus aquaeductus	la	anatomie-la	uberon	0		2.0
aorta dorsalis	la	anatomie-la	uberon	0		2.0
aorta thoracica	la	anatomie-la	uberon	0		2.0
aortae dorsales	la	anatomie-la	uberon	0		2.0
apertura lateralis	la	anatomie-la	uberon	0		2.0
apertura mediana	la	anatomie-la	uberon	0		2.0
apertura piriformis	la	anatomie-la	uberon	0		2.0
apex cordis	la	anatomie-la	uberon	0		2.0
apex nasi	la	anatomie-la	uberon	0		2.0
aponeurosis epicranialis	la	anatomie-la	uberon	0		2.0
apparatus hyobranchialis	la	anatomie-la	uberon	0		2.0
apparatus lacrimalis	la	anatomie-la	uberon	0		2.0
appendix epididymidis	la	anatomie-la	uberon	0		2.0
appendix testis	la	anatomie-la	uberon	0		2.0
appendix vermiformis	la	anatomie-la	uberon	0		2.0
aqueductus mesencephali	la	anatomie-la	uberon	0		2.0
aqueductus vestibuli	la	anatomie-la	uberon	0		2.0
arbor alveolaris	la	anatomie-la	uberon	0		2.0
arbor tracheobronchialis	la	anatomie-la	uberon	0		2.0
arcus aortae	la	anatomie-la	uberon	0		2.0
arcus costalis	la	anatomie-la	uberon	0		2.0
arcus pharyngei	la	anatomie-la	uberon	0		2.0
arcus superciliaris	la	anatomie-la	uberon	0		2.0
arcus zygomaticus	la	anatomie-la	uberon	0		2.0
area amygdalohippocampalis	la	anatomie-la	uberon	0		2.0
area ectorhinalis	la	anatomie-la	uberon	0		2.0
area occipitalis	la	anatomie-la	uberon	0		2.0
area occipitotemporalis	la	anatomie-la	uberon	0		2.0
area orbitalis	la	anatomie-la	uberon	0		2.0
area parahippocampalis	la	anatomie-la	uberon	0		2.0
area paraolfactoria	la	anatomie-la	uberon	0		2.0
area parastriata	la	anatomie-la	uberon	0		2.0
area parolfactoria	la	anatomie-la	uberon	0		2.0
area perirhinalis	la	anatomie-la	uberon	0		2.0
area praegenualis	la	anatomie-la	uberon	0		2.0
area praelimbica	la	anatomie-la	uberon	0		2.0
area praeoccipitalis	la	anatomie-la	uberon	0		2.0
area praetectalis	la	anatomie-la	uberon	0		2.0
area preoptica	la	anatomie-la	uberon	0		2.0
area prepiriformis	la	anatomie-la	uberon	0		2.0
area pretectalis	la	anatomie-la	uberon	0		2.0
area retrobulbaris	la	anatomie-la	uberon	0		2.0
area retrochiasmatica	la	anatomie-la	uberon	0		2.0
area septalis	la	anatomie-la	uberon	0		2.0
area subcallosa	la	anatomie-la	uberon	0		2.0
area triangularis	la	anatomie-la	uberon	0		2.0
area vestibularis	la	anatomie-la	uberon	0		2.0
areola mammae	la	anatomie-la	uberon	0		2.0
aretria nutricia	la	anatomie-la	uberon	0		2.0
arteria axillaris	la	anatomie-la	uberon	0		2.0
arteria brachialis	la	anatomie-la	uberon	0		2.0
arteria buccalis	la	anatomie-la	uberon	0		2.0
arteria buccinatoria	la	anatomie-la	uberon	0		2.0
arteria coeliaca	la	anatomie-la	uberon	0		2.0
arteria cœliaca	la	anatomie-la	uberon	0		2.0
arteria femoralis	la	anatomie-la	uberon	0		2.0
arteria gastroduodenalis	la	anatomie-la	uberon	0		2.0
arteria hyaloidea	la	anatomie-la	uberon	0		2.0
arteria ileocolica	la	anatomie-la	uberon	0		2.0
arteria iliolumbalis	la	anatomie-la	uberon	0		2.0
arteria labyrinthi	la	anatomie-la	uberon	0		2.0
arteria lienalis	la	anatomie-la	uberon	0		2.0
arteria lingualis	la	anatomie-la	uberon	0		2.0
arteria masseterica	la	anatomie-la	uberon	0		2.0
arteria maxillaris	la	anatomie-la	uberon	0		2.0
arteria maxima	la	anatomie-la	uberon	0		2.0
arteria obturatoria	la	anatomie-la	uberon	0		2.0
arteria occipitalis	la	anatomie-la	uberon	0		2.0
arteria ophthalmica	la	anatomie-la	uberon	0		2.0
arteria ovarica	la	anatomie-la	uberon	0		2.0
arteria perinei	la	anatomie-la	uberon	0		2.0
arteria poplitea	la	anatomie-la	uberon	0		2.0
arteria radialis	la	anatomie-la	uberon	0		2.0
arteria splenica	la	anatomie-la	uberon	0		2.0
arteria subclavia	la	anatomie-la	uberon	0		2.0
arteria sublingualis	la	anatomie-la	uberon	0		2.0
arteria subscapularis	la	anatomie-la	uberon	0		2.0
arteria supraorbitalis	la	anatomie-la	uberon	0		2.0
arteria testicularis	la	anatomie-la	uberon	0		2.0
arteria thoracodorsalis	la	anatomie-la	uberon	0		2.0
arteria ulnaris	la	anatomie-la	uberon	0		2.0
arteria urethralis	la	anatomie-la	uberon	0		2.0
arteria uterina	la	anatomie-la	uberon	0		2.0
arteria vesicali	la	anatomie-la	uberon	0		2.0
arteriae bronchiales	la	anatomie-la	uberon	0		2.0
arteriae caroticotympanicae	la	anatomie-la	uberon	0		2.0
arteriae ileales	la	anatomie-la	uberon	0		2.0
arteriae lumbales	la	anatomie-la	uberon	0		2.0
arteriae pancreaticoduodenales	la	anatomie-la	uberon	0		2.0
arteriae pudendae	la	anatomie-la	uberon	0		2.0
arteriae pudendales	la	anatomie-la	uberon	0		2.0
articulatio acromioclavicularis	la	anatomie-la	uberon	0		2.0
articulatio atlantooccipitalis	la	anatomie-la	uberon	0		2.0
articulatio calcaneocubiodea	la	anatomie-la	uberon	0		2.0
articulatio cubiti	la	anatomie-la	uberon	0		2.0
articulatio ellipsoidea	la	anatomie-la	uberon	0		2.0
articulatio genus	la	anatomie-la	uberon	0		2.0
articulatio humeri	la	anatomie-la	uberon	0		2.0
articulatio humeroradialis	la	anatomie-la	uberon	0		2.0
articulatio humeroulnaris	la	anatomie-la	uberon	0		2.0
articulatio incudomallearis	la	anatomie-la	uberon	0		2.0
articulatio incudostapedialis	la	anatomie-la	uberon	0		2.0
articulatio mediocarpalis	la	anatomie-la	uberon	0		2.0
articulatio radiocarpea	la	anatomie-la	uberon	0		2.0
articulatio sternoclavicularis	la	anatomie-la	uberon	0		2.0
articulatio subtalaris	la	anatomie-la	uberon	0		2.0
articulatio talocalcanea	la	anatomie-la	uberon	0		2.0
articulatio talocalcaneonavicularis	la	anatomie-la	uberon	0		2.0
articulatio talocruralis	la	anatomie-la	uberon	0		2.0
articulatio temporomandibularis	la	anatomie-la	uberon	0		2.0
articulatio tibiofibularis	la	anatomie-la	uberon	0		2.0
articulationes carpometacarpeæ	la	anatomie-la	uberon	0		2.0
articulationes costochondrales	la	anatomie-la	uberon	0		2.0
articulationes interchondrales	la	anatomie-la	uberon	0		2.0
articulationes intertarsales	la	anatomie-la	uberon	0		2.0
articulationes manus	la	anatomie-la	uberon	0		2.0
articulationes metacarpophalangeae	la	anatomie-la	uberon	0		2.0
articulationes metatarsophalangeae	la	anatomie-la	uberon	0		2.0
articulationes pedis	la	anatomie-la	uberon	0		2.0
articulationes sternocostales	la	anatomie-la	uberon	0		2.0
articulationes tarsometatarsales	la	anatomie-la	uberon	0		2.0
articulationes zygapophysiales	la	anatomie-la	uberon	0		2.0
atrium dextrum	la	anatomie-la	uberon	0		2.0
atrium sinistrum	la	anatomie-la	uberon	0		2.0
auricula atrii	la	anatomie-la	uberon	0		2.0
auricula sinistra	la	anatomie-la	uberon	0		2.0
auris media	la	anatomie-la	uberon	0		2.0
bandeletta diagonalis	la	anatomie-la	uberon	0		2.0
basis cochleae	la	anatomie-la	uberon	0		2.0
basis cordis	la	anatomie-la	uberon	0		2.0
basis cranii	la	anatomie-la	uberon	0		2.0
basis pontis	la	anatomie-la	uberon	0		2.0
basis stapedis	la	anatomie-la	uberon	0		2.0
bifurcatio tracheae	la	anatomie-la	uberon	0		2.0
bulbus aortae	la	anatomie-la	uberon	0		2.0
bulbus olfactorius	la	anatomie-la	uberon	0		2.0
bulbus penis	la	anatomie-la	uberon	0		2.0
bulla tympanica	la	anatomie-la	uberon	0		2.0
bursa omentalis	la	anatomie-la	uberon	0		2.0
bursa synovialis	la	anatomie-la	uberon	0		2.0
c. vertebralis	la	anatomie-la	uberon	0		2.0
calices renales	la	anatomie-la	uberon	0		2.0
canales incisivi	la	anatomie-la	uberon	0		2.0
canaliculus lacrimalis	la	anatomie-la	uberon	0		2.0
canaliculus tympanicus	la	anatomie-la	uberon	0		2.0
canaliculus vestibuli	la	anatomie-la	uberon	0		2.0
canalis analis	la	anatomie-la	uberon	0		2.0
canalis atrioventricularis	la	anatomie-la	uberon	0		2.0
canalis caroticus	la	anatomie-la	uberon	0		2.0
canalis incisivus	la	anatomie-la	uberon	0		2.0
canalis infra-orbitalis	la	anatomie-la	uberon	0		2.0
canalis infraorbitalis	la	anatomie-la	uberon	0		2.0
canalis inguinalis	la	anatomie-la	uberon	0		2.0
canalis opticus	la	anatomie-la	uberon	0		2.0
canalis pudendalis	la	anatomie-la	uberon	0		2.0
canalis pyloricus	la	anatomie-la	uberon	0		2.0
canalis semicircularis	la	anatomie-la	uberon	0		2.0
capitulum humeri	la	anatomie-la	uberon	0		2.0
capsula articularis	la	anatomie-la	uberon	0		2.0
capsula glomerularis	la	anatomie-la	uberon	0		2.0
capsula glomeruli	la	anatomie-la	uberon	0		2.0
capsula lentis	la	anatomie-la	uberon	0		2.0
capsula splenica	la	anatomie-la	uberon	0		2.0
capsulae articulares	la	anatomie-la	uberon	0		2.0
caput costae	la	anatomie-la	uberon	0		2.0
caput fibulae	la	anatomie-la	uberon	0		2.0
caput pancreatis	la	anatomie-la	uberon	0		2.0
caput ulnae	la	anatomie-la	uberon	0		2.0
carina tracheae	la	anatomie-la	uberon	0		2.0
cartilagines arytenoidea	la	anatomie-la	uberon	0		2.0
cartilagines corniculata	la	anatomie-la	uberon	0		2.0
cartilagines costales	la	anatomie-la	uberon	0		2.0
cartilagines cuneiformes	la	anatomie-la	uberon	0		2.0
cartilagines tracheales	la	anatomie-la	uberon	0		2.0
cartilago epiphysialis	la	anatomie-la	uberon	0		2.0
cartilago vomeronasalis	la	anatomie-la	uberon	0		2.0
caruncula lacrimalis	la	anatomie-la	uberon	0		2.0
caruncula sublingualis	la	anatomie-la	uberon	0		2.0
cauda (caudatus)	la	anatomie-la	uberon	0		2.0
cauda pancreatis	la	anatomie-la	uberon	0		2.0
cavea thoracis	la	anatomie-la	uberon	0		2.0
cavital oralis	la	anatomie-la	uberon	0		2.0
cavitas abdominis	la	anatomie-la	uberon	0		2.0
cavitas amniotica	la	anatomie-la	uberon	0		2.0
cavitas cranii	la	anatomie-la	uberon	0		2.0
cavitas nasi	la	anatomie-la	uberon	0		2.0
cavitas pelvis	la	anatomie-la	uberon	0		2.0
cavitas pericardiaca	la	anatomie-la	uberon	0		2.0
cavitas peritonealis	la	anatomie-la	uberon	0		2.0
cavitas pharyngealis	la	anatomie-la	uberon	0		2.0
cavitas pleuralis	la	anatomie-la	uberon	0		2.0
cavitas pulparis	la	anatomie-la	uberon	0		2.0
cavitas subarachnoidea	la	anatomie-la	uberon	0		2.0
cavitas thoracis	la	anatomie-la	uberon	0		2.0
cavitas tympani	la	anatomie-la	uberon	0		2.0
cavitum pleuralae	la	anatomie-la	uberon	0		2.0
cavitum pleurale	la	anatomie-la	uberon	0		2.0
cavum Douglassi	la	anatomie-la	uberon	0		2.0
cavum epidurale	la	anatomie-la	uberon	0		2.0
cavum extradurale	la	anatomie-la	uberon	0		2.0
cavum nasi	la	anatomie-la	uberon	0		2.0
cavum subarachnoideale	la	anatomie-la	uberon	0		2.0
cavum subdurale	la	anatomie-la	uberon	0		2.0
CCC	afk	afkortingen	gecureerd	0		2.0
cellulae ethmoidales	la	anatomie-la	uberon	0		2.0
centrum ossificationis	la	anatomie-la	uberon	0		2.0
centrum ovale	la	anatomie-la	uberon	0		2.0
cervix dentis	la	anatomie-la	uberon	0		2.0
cervix uteri	la	anatomie-la	uberon	0		2.0
cervix vesicae	la	anatomie-la	uberon	0		2.0
chorda nephrogenica	la	anatomie-la	uberon	0		2.0
chorda umbilicalis	la	anatomie-la	uberon	0		2.0
cingulum dentis	la	anatomie-la	uberon	0		2.0
cingulum pectorale	la	anatomie-la	uberon	0		2.0
cisterna ambiens	la	anatomie-la	uberon	0		2.0
cisterna cerebellomedullaris	la	anatomie-la	uberon	0		2.0
cisterna chiasmatica	la	anatomie-la	uberon	0		2.0
cisterna pontis	la	anatomie-la	uberon	0		2.0
cisterna quadrigeminalis	la	anatomie-la	uberon	0		2.0
commissura anterior	la	anatomie-la	uberon	0		2.0
commissura epithalami	la	anatomie-la	uberon	0		2.0
commissura epithalamica	la	anatomie-la	uberon	0		2.0
commissura habenularis	la	anatomie-la	uberon	0		2.0
commissura habenularum	la	anatomie-la	uberon	0		2.0
commissura hippocampi	la	anatomie-la	uberon	0		2.0
commissura posterior	la	anatomie-la	uberon	0		2.0
commissura prostatae	la	anatomie-la	uberon	0		2.0
commissura supramamillaris	la	anatomie-la	uberon	0		2.0
commissura supramammillaris	la	anatomie-la	uberon	0		2.0
complexus juxtaglomerularis	la	anatomie-la	uberon	0		2.0
concha auriculae	la	anatomie-la	uberon	0		2.0
conchae nasales	la	anatomie-la	uberon	0		2.0
condylus humeri	la	anatomie-la	uberon	0		2.0
condylus occipitalis	la	anatomie-la	uberon	0		2.0
constrictor cardiae	la	anatomie-la	uberon	0		2.0
copula linguae	la	anatomie-la	uberon	0		2.0
corium coronae	la	anatomie-la	uberon	0		2.0
cornu anterius	la	anatomie-la	uberon	0		2.0
corona dentis	la	anatomie-la	uberon	0		2.0
corona glandis	la	anatomie-la	uberon	0		2.0
corpora geniculata	la	anatomie-la	uberon	0		2.0
corpora mamillaria	la	anatomie-la	uberon	0		2.0
corpora mammillaria	la	anatomie-la	uberon	0		2.0
corpus amygdalae	la	anatomie-la	uberon	0		2.0
corpus amygdaloideum	la	anatomie-la	uberon	0		2.0
corpus cerebelli	la	anatomie-la	uberon	0		2.0
corpus ciliare	la	anatomie-la	uberon	0		2.0
corpus costae	la	anatomie-la	uberon	0		2.0
corpus femoris	la	anatomie-la	uberon	0		2.0
corpus gastricum	la	anatomie-la	uberon	0		2.0
corpus humeri	la	anatomie-la	uberon	0		2.0
corpus juxtarestiforme	la	anatomie-la	uberon	0		2.0
corpus linguae	la	anatomie-la	uberon	0		2.0
corpus mamillare	la	anatomie-la	uberon	0		2.0
corpus mamillaris	la	anatomie-la	uberon	0		2.0
corpus mammillare	la	anatomie-la	uberon	0		2.0
corpus mandibulae	la	anatomie-la	uberon	0		2.0
corpus pancreatis	la	anatomie-la	uberon	0		2.0
corpus parabigeminum	la	anatomie-la	uberon	0		2.0
corpus perineale	la	anatomie-la	uberon	0		2.0
corpus pontobulbare	la	anatomie-la	uberon	0		2.0
corpus restiforme	la	anatomie-la	uberon	0		2.0
corpus sterni	la	anatomie-la	uberon	0		2.0
corpus subcommissurale	la	anatomie-la	uberon	0		2.0
corpus subthalamicum	la	anatomie-la	uberon	0		2.0
corpus trapezoides	la	anatomie-la	uberon	0		2.0
corpus trapezoideum	la	anatomie-la	uberon	0		2.0
corpus ultimopharyngeum	la	anatomie-la	uberon	0		2.0
corpus vertebra	la	anatomie-la	uberon	0		2.0
corpusculum lamellosum	la	anatomie-la	uberon	0		2.0
corpusculum renale	la	anatomie-la	uberon	0		2.0
corpusculum renis	la	anatomie-la	uberon	0		2.0
cortex cerebelli	la	anatomie-la	uberon	0		2.0
cortex cerebralis	la	anatomie-la	uberon	0		2.0
cortex cerebri	la	anatomie-la	uberon	0		2.0
cortex entorhinalis	la	anatomie-la	uberon	0		2.0
cortex insularis	la	anatomie-la	uberon	0		2.0
cortex piriformis	la	anatomie-la	uberon	0		2.0
cortex renalis	la	anatomie-la	uberon	0		2.0
costa fluitante	la	anatomie-la	uberon	0		2.0
costa I	la	anatomie-la	uberon	0		2.0
costa II	la	anatomie-la	uberon	0		2.0
costa III	la	anatomie-la	uberon	0		2.0
costa IV	la	anatomie-la	uberon	0		2.0
costa IX	la	anatomie-la	uberon	0		2.0
costa lumbalis	la	anatomie-la	uberon	0		2.0
costa prima	la	anatomie-la	uberon	0		2.0
costa secunda	la	anatomie-la	uberon	0		2.0
costa V	la	anatomie-la	uberon	0		2.0
costa VI	la	anatomie-la	uberon	0		2.0
costa VII	la	anatomie-la	uberon	0		2.0
costa VIII	la	anatomie-la	uberon	0		2.0
costa X	la	anatomie-la	uberon	0		2.0
costa XI	la	anatomie-la	uberon	0		2.0
costa XII	la	anatomie-la	uberon	0		2.0
costae fluctuantes	la	anatomie-la	uberon	0		2.0
costae fluitantes	la	anatomie-la	uberon	0		2.0
crena analis	la	anatomie-la	uberon	0		2.0
crena ani	la	anatomie-la	uberon	0		2.0
crena interglutealis	la	anatomie-la	uberon	0		2.0
crista gonadalis	la	anatomie-la	uberon	0		2.0
crista neuralis	la	anatomie-la	uberon	0		2.0
crista phallica	la	anatomie-la	uberon	0		2.0
crista urethralis	la	anatomie-la	uberon	0		2.0
crus cerebello-cerebrale	la	anatomie-la	uberon	0		2.0
crus cerebri	la	anatomie-la	uberon	0		2.0
crus fornicis	la	anatomie-la	uberon	0		2.0
crus helicis	la	anatomie-la	uberon	0		2.0
crus I	la	anatomie-la	uberon	0		2.0
crus II	la	anatomie-la	uberon	0		2.0
crus medullo-cerebellare	la	anatomie-la	uberon	0		2.0
crus penis	la	anatomie-la	uberon	0		2.0
crus ponto-cerebellare	la	anatomie-la	uberon	0		2.0
cryptae tonsillares	la	anatomie-la	uberon	0		2.0
cumulus ovaricus	la	anatomie-la	uberon	0		2.0
cuspis dentis	la	anatomie-la	uberon	0		2.0
cuspis lingualis	la	anatomie-la	uberon	0		2.0
cytotrophoblastus	la	anatomie-la	uberon	0		2.0
d. nasolacrimalis	la	anatomie-la	uberon	0		2.0
decussatio lemniscorum	la	anatomie-la	uberon	0		2.0
decussatio motoria	la	anatomie-la	uberon	0		2.0
decussatio pyramidum	la	anatomie-la	uberon	0		2.0
decussatio sensoria	la	anatomie-la	uberon	0		2.0
decussatio trochlearis	la	anatomie-la	uberon	0		2.0
decussation supramamilaris	la	anatomie-la	uberon	0		2.0
decussation supramamillaris	la	anatomie-la	uberon	0		2.0
decussationes tegmentales	la	anatomie-la	uberon	0		2.0
decussationes tegmenti	la	anatomie-la	uberon	0		2.0
dens axis	la	anatomie-la	uberon	0		2.0
dentes canini	la	anatomie-la	uberon	0		2.0
dentes decidui	la	anatomie-la	uberon	0		2.0
dentes permanentes	la	anatomie-la	uberon	0		2.0
dentes premolares	la	anatomie-la	uberon	0		2.0
depressor glabellae	la	anatomie-la	uberon	0		2.0
diaphragma pelvis	la	anatomie-la	uberon	0		2.0
digiti pedis	la	anatomie-la	uberon	0		2.0
digitus annularis	la	anatomie-la	uberon	0		2.0
digitus I	la	anatomie-la	uberon	0		2.0
digitus medius	la	anatomie-la	uberon	0		2.0
digitus primus	la	anatomie-la	uberon	0		2.0
DIP	afk	afkortingen	gecureerd	0		2.0
discus intervertebralis	la	anatomie-la	uberon	0		2.0
diverticulum hepaticum	la	anatomie-la	uberon	0		2.0
diverticulum metanephricum	la	anatomie-la	uberon	0		2.0
diverticulum thyroideum	la	anatomie-la	uberon	0		2.0
ductus alveolaris	la	anatomie-la	uberon	0		2.0
ductus cochlearis	la	anatomie-la	uberon	0		2.0
ductus ejaculatorii	la	anatomie-la	uberon	0		2.0
ductus endolymphaticus	la	anatomie-la	uberon	0		2.0
ductus incisivus	la	anatomie-la	uberon	0		2.0
ductus lactiferi	la	anatomie-la	uberon	0		2.0
ductus pronephricus	la	anatomie-la	uberon	0		2.0
ductus stenonianus	la	anatomie-la	uberon	0		2.0
ductus submaxillaris	la	anatomie-la	uberon	0		2.0
ductus thoracicus	la	anatomie-la	uberon	0		2.0
ductus thyroglossalis	la	anatomie-la	uberon	0		2.0
DVD	afk	afkortingen	gecureerd	0		2.0
eminentia mediana	la	anatomie-la	uberon	0		2.0
eminentia parolfactoria	la	anatomie-la	uberon	0		2.0
eminentia postinfundibularis	la	anatomie-la	uberon	0		2.0
eminentia thalami	la	anatomie-la	uberon	0		2.0
epithelium stratificatum squamosum cornificatum	la	anatomie-la	uberon	0		2.0
epithelium tubi neuralis; neuroectoderma	la	anatomie-la	uberon	0		2.0
eupalaeocortex	la	anatomie-la	uberon	0		2.0
excavatio rectouterina	la	anatomie-la	uberon	0		2.0
excavatio rectovesicalis	la	anatomie-la	uberon	0		2.0
excavatio vesicouterina	la	anatomie-la	uberon	0		2.0
facia/facies	la	anatomie-la	uberon	0		2.0
fascia profunda	la	anatomie-la	uberon	0		2.0
fasciculi thalami	la	anatomie-la	uberon	0		2.0
fasciculus arcuatus	la	anatomie-la	uberon	0		2.0
fasciculus atrioventricularis	la	anatomie-la	uberon	0		2.0
fasciculus cerebro-spinalis	la	anatomie-la	uberon	0		2.0
fasciculus cuneatus	la	anatomie-la	uberon	0		2.0
fasciculus dorsolateralis	la	anatomie-la	uberon	0		2.0
fasciculus fastigio-vestibularis	la	anatomie-la	uberon	0		2.0
fasciculus habenulo-interpeduncularis	la	anatomie-la	uberon	0		2.0
fasciculus lenticularis	la	anatomie-la	uberon	0		2.0
fasciculus mamillaris	la	anatomie-la	uberon	0		2.0
fasciculus mamillotegmentalis	la	anatomie-la	uberon	0		2.0
fasciculus mammillothalamicus	la	anatomie-la	uberon	0		2.0
fasciculus olfactorius	la	anatomie-la	uberon	0		2.0
fasciculus pallido-tegmentalis	la	anatomie-la	uberon	0		2.0
fasciculus predorsalis	la	anatomie-la	uberon	0		2.0
fasciculus pyramidalis	la	anatomie-la	uberon	0		2.0
fasciculus septo-amygdalicus	la	anatomie-la	uberon	0		2.0
fasciculus solitarius	la	anatomie-la	uberon	0		2.0
fasciculus subcallosus	la	anatomie-la	uberon	0		2.0
fasciculus subthalamicus	la	anatomie-la	uberon	0		2.0
fenestra cochleae	la	anatomie-la	uberon	0		2.0
fenestra ovalis	la	anatomie-la	uberon	0		2.0
fenestra rotunda	la	anatomie-la	uberon	0		2.0
fenestra vestibuli	la	anatomie-la	uberon	0		2.0
fibra periodontalis	la	anatomie-la	uberon	0		2.0
fibrae circumpyramidales	la	anatomie-la	uberon	0		2.0
fibrae corticospinales	la	anatomie-la	uberon	0		2.0
fibrae corticotectales	la	anatomie-la	uberon	0		2.0
fibrae lentis	la	anatomie-la	uberon	0		2.0
fibrae olivocerebellares	la	anatomie-la	uberon	0		2.0
fibrae pallidoolivares	la	anatomie-la	uberon	0		2.0
fibrae pontocerebellaris	la	anatomie-la	uberon	0		2.0
fibrae tectopontinae	la	anatomie-la	uberon	0		2.0
fimbria fornicis	la	anatomie-la	uberon	0		2.0
fimbria hippocampi	la	anatomie-la	uberon	0		2.0
fissura calcarina	la	anatomie-la	uberon	0		2.0
fissura cerebro-cerebellaris	la	anatomie-la	uberon	0		2.0
fissura cerebrocerebellaris	la	anatomie-la	uberon	0		2.0
fissura collateralis	la	anatomie-la	uberon	0		2.0
fissura horizontalis	la	anatomie-la	uberon	0		2.0
fissura intercruralis	la	anatomie-la	uberon	0		2.0
fissura intraculminalis	la	anatomie-la	uberon	0		2.0
fissura lunogracilis	la	anatomie-la	uberon	0		2.0
fissura parafloccularis	la	anatomie-la	uberon	0		2.0
fissura parietooccipitalis	la	anatomie-la	uberon	0		2.0
fissura praecentralis	la	anatomie-la	uberon	0		2.0
fissura praeculminata	la	anatomie-la	uberon	0		2.0
fissura praepyramidalis	la	anatomie-la	uberon	0		2.0
fissura preculminalis	la	anatomie-la	uberon	0		2.0
fissura prepyramidalis	la	anatomie-la	uberon	0		2.0
fissura prima	la	anatomie-la	uberon	0		2.0
fissura rhinalis	la	anatomie-la	uberon	0		2.0
fissura telo-diencephalica	la	anatomie-la	uberon	0		2.0
fissurae cerebelli	la	anatomie-la	uberon	0		2.0
flexura duodenojejunalis	la	anatomie-la	uberon	0		2.0
flexura mesencephalica	la	anatomie-la	uberon	0		2.0
folliculus pili	la	anatomie-la	uberon	0		2.0
fonticuli cranii	la	anatomie-la	uberon	0		2.0
fonticulus anterior	la	anatomie-la	uberon	0		2.0
fonticulus posterior	la	anatomie-la	uberon	0		2.0
foramen infraorbitale	la	anatomie-la	uberon	0		2.0
foramen interventriculare	la	anatomie-la	uberon	0		2.0
foramen mentale	la	anatomie-la	uberon	0		2.0
foramen obturatorium	la	anatomie-la	uberon	0		2.0
foramen obturatum	la	anatomie-la	uberon	0		2.0
foramen secundum	la	anatomie-la	uberon	0		2.0
foramen spinosum	la	anatomie-la	uberon	0		2.0
foramen transversarium	la	anatomie-la	uberon	0		2.0
foramen vertebrale	la	anatomie-la	uberon	0		2.0
foramina ethmoidalia	la	anatomie-la	uberon	0		2.0
foramina incisivum	la	anatomie-la	uberon	0		2.0
foramina nasalia	la	anatomie-la	uberon	0		2.0
forceps frontalis	la	anatomie-la	uberon	0		2.0
forceps minor	la	anatomie-la	uberon	0		2.0
forceps occipitalis	la	anatomie-la	uberon	0		2.0
formatio hippocampi	la	anatomie-la	uberon	0		2.0
fornix cerebri	la	anatomie-la	uberon	0		2.0
fornix conjunctiva	la	anatomie-la	uberon	0		2.0
fornix postcommissuralis	la	anatomie-la	uberon	0		2.0
fornix precommissuralis	la	anatomie-la	uberon	0		2.0
fornix vaginae	la	anatomie-la	uberon	0		2.0
fossa acetabularis	la	anatomie-la	uberon	0		2.0
fossa acetabuli	la	anatomie-la	uberon	0		2.0
fossa Douglasi	la	anatomie-la	uberon	0		2.0
fossa olecrani	la	anatomie-la	uberon	0		2.0
fossa ovarica	la	anatomie-la	uberon	0		2.0
fossa subarcuata	la	anatomie-la	uberon	0		2.0
foveolae gastricae	la	anatomie-la	uberon	0		2.0
frenulum linguae	la	anatomie-la	uberon	0		2.0
fundus uteri	la	anatomie-la	uberon	0		2.0
fundus vesicae	la	anatomie-la	uberon	0		2.0
funiculus spermaticus	la	anatomie-la	uberon	0		2.0
funiculus umbilicalis	la	anatomie-la	uberon	0		2.0
fussschleife	la	anatomie-la	uberon	0		2.0
g. pterygopalatinum	la	anatomie-la	uberon	0		2.0
Gabernaculum	la	anatomie-la	uberon	0		2.0
ganglia basales	la	anatomie-la	uberon	0		2.0
ganglion autonomicum	la	anatomie-la	uberon	0		2.0
ganglion cervicothoracicum	la	anatomie-la	uberon	0		2.0
ganglion ciliare	la	anatomie-la	uberon	0		2.0
ganglion intercrurale	la	anatomie-la	uberon	0		2.0
ganglion interpedunculare	la	anatomie-la	uberon	0		2.0
ganglion nodosum	la	anatomie-la	uberon	0		2.0
ganglion oticum	la	anatomie-la	uberon	0		2.0
ganglion parasympathicum	la	anatomie-la	uberon	0		2.0
ganglion petrosum	la	anatomie-la	uberon	0		2.0
ganglion semilunare	la	anatomie-la	uberon	0		2.0
ganglion sensorium	la	anatomie-la	uberon	0		2.0
ganglion spirale	la	anatomie-la	uberon	0		2.0
ganglion stellatum	la	anatomie-la	uberon	0		2.0
ganglion submandibulare	la	anatomie-la	uberon	0		2.0
ganglion sympathicum	la	anatomie-la	uberon	0		2.0
ganglion trigeminale	la	anatomie-la	uberon	0		2.0
gemma pulmonalis	la	anatomie-la	uberon	0		2.0
gemma respiratoria	la	anatomie-la	uberon	0		2.0
gemma ureterica	la	anatomie-la	uberon	0		2.0
gemmae membrorum	la	anatomie-la	uberon	0		2.0
GLAD	afk	afkortingen	gecureerd	0		2.0
glandula adrenalis	la	anatomie-la	uberon	0		2.0
glandula bulbourethralis	la	anatomie-la	uberon	0		2.0
glandula duodenales	la	anatomie-la	uberon	0		2.0
glandula exocrina	la	anatomie-la	uberon	0		2.0
glandula lacrimalis	la	anatomie-la	uberon	0		2.0
glandula mammaria	la	anatomie-la	uberon	0		2.0
glandula mucosa	la	anatomie-la	uberon	0		2.0
glandula nasalis	la	anatomie-la	uberon	0		2.0
glandula parotidea	la	anatomie-la	uberon	0		2.0
glandula pinealis	la	anatomie-la	uberon	0		2.0
glandula pituitaria	la	anatomie-la	uberon	0		2.0
glandula rectalis	la	anatomie-la	uberon	0		2.0
glandula sebacea	la	anatomie-la	uberon	0		2.0
glandula sublingualis	la	anatomie-la	uberon	0		2.0
glandula suprarenalis	la	anatomie-la	uberon	0		2.0
glandula thyroidea	la	anatomie-la	uberon	0		2.0
glandulae cutis	la	anatomie-la	uberon	0		2.0
glandulae endocrinae	la	anatomie-la	uberon	0		2.0
glandulae gastricae	la	anatomie-la	uberon	0		2.0
glandulae nasales	la	anatomie-la	uberon	0		2.0
glandulae olfactoriae	la	anatomie-la	uberon	0		2.0
glandulae preputiales	la	anatomie-la	uberon	0		2.0
glandulae salivariae	la	anatomie-la	uberon	0		2.0
glandulae uterinae	la	anatomie-la	uberon	0		2.0
glia limitans	la	anatomie-la	uberon	0		2.0
glomerulus renis	la	anatomie-la	uberon	0		2.0
glomus caroticum	la	anatomie-la	uberon	0		2.0
griseum centrale	la	anatomie-la	uberon	0		2.0
griseum periventriculare	la	anatomie-la	uberon	0		2.0
griseum tectalis	la	anatomie-la	uberon	0		2.0
gula	la	anatomie-la	uberon	0		2.0
gyri cinguli	la	anatomie-la	uberon	0		2.0
gyrus ambiens	la	anatomie-la	uberon	0		2.0
gyrus angularis	la	anatomie-la	uberon	0		2.0
gyrus cingulatus	la	anatomie-la	uberon	0		2.0
gyrus dentatus	la	anatomie-la	uberon	0		2.0
gyrus diagonalis	la	anatomie-la	uberon	0		2.0
gyrus F1	la	anatomie-la	uberon	0		2.0
gyrus F2	la	anatomie-la	uberon	0		2.0
gyrus F3	la	anatomie-la	uberon	0		2.0
gyrus fornicatus	la	anatomie-la	uberon	0		2.0
gyrus fronto-orbitalis	la	anatomie-la	uberon	0		2.0
gyrus fusiformis	la	anatomie-la	uberon	0		2.0
gyrus hippocampi	la	anatomie-la	uberon	0		2.0
gyrus lingualis	la	anatomie-la	uberon	0		2.0
gyrus occipitalis	la	anatomie-la	uberon	0		2.0
gyrus orbitales	la	anatomie-la	uberon	0		2.0
gyrus parahippocampalis	la	anatomie-la	uberon	0		2.0
gyrus parahippocampi	la	anatomie-la	uberon	0		2.0
gyrus paraterminalis	la	anatomie-la	uberon	0		2.0
gyrus postcentralis	la	anatomie-la	uberon	0		2.0
gyrus praecentralis	la	anatomie-la	uberon	0		2.0
gyrus precentralis	la	anatomie-la	uberon	0		2.0
gyrus semilunaris	la	anatomie-la	uberon	0		2.0
gyrus subcallosus	la	anatomie-la	uberon	0		2.0
gyrus supracallosus	la	anatomie-la	uberon	0		2.0
gyrus supramarginalis	la	anatomie-la	uberon	0		2.0
habenula complex	la	anatomie-la	uberon	0		2.0
hilum lienale	la	anatomie-la	uberon	0		2.0
hilum pulmonis	la	anatomie-la	uberon	0		2.0
hilum splenicum	la	anatomie-la	uberon	0		2.0
hippocampus praecommissuralis	la	anatomie-la	uberon	0		2.0
hippocampus precommissuralis	la	anatomie-la	uberon	0		2.0
hippocampus proprius	la	anatomie-la	uberon	0		2.0
hippocampus supracommissuralis	la	anatomie-la	uberon	0		2.0
HP	afk	afkortingen	gecureerd	0		2.0
hPe	la	anatomie-la	uberon	0		2.0
HU	afk	afkortingen	gecureerd	0		2.0
humor aquosus	la	anatomie-la	uberon	0		2.0
hymen vaginae	la	anatomie-la	uberon	0		2.0
iecur	la	anatomie-la	uberon	0		2.0
igamentum hyoepiglotticum	la	anatomie-la	uberon	0		2.0
in de mate van het mogelijke	nl	verslagtaal	gecureerd	0		2.0
incisura intertragica	la	anatomie-la	uberon	0		2.0
infundibulum hypophysis	la	anatomie-la	uberon	0		2.0
infundibulum neurohypophyseos	la	anatomie-la	uberon	0		2.0
insula callejae	la	anatomie-la	uberon	0		2.0
insula cerebri	la	anatomie-la	uberon	0		2.0
insula olfactoria	la	anatomie-la	uberon	0		2.0
insula Reilii	la	anatomie-la	uberon	0		2.0
insula ventralis	la	anatomie-la	uberon	0		2.0
insulae olfactoriae	la	anatomie-la	uberon	0		2.0
integumentum commune	la	anatomie-la	uberon	0		2.0
intestinum tenue	la	anatomie-la	uberon	0		2.0
isthmus cinguli	la	anatomie-la	uberon	0		2.0
isthmus prostatae	la	anatomie-la	uberon	0		2.0
isthmus-2	la	anatomie-la	uberon	0		2.0
jecur	la	anatomie-la	uberon	0		2.0
junctura cartilaginea	la	anatomie-la	uberon	0		2.0
junctura fibrosa	la	anatomie-la	uberon	0		2.0
junctura ossea	la	anatomie-la	uberon	0		2.0
LA	afk	afkortingen	gecureerd	0		2.0
labia oris	la	anatomie-la	uberon	0		2.0
labrum acetabuli	la	anatomie-la	uberon	0		2.0
labrum glenoidale	la	anatomie-la	uberon	0		2.0
lacus lacrimalis	la	anatomie-la	uberon	0		2.0
lamina 10	la	anatomie-la	uberon	0		2.0
lamina 6	la	anatomie-la	uberon	0		2.0
lamina 7	la	anatomie-la	uberon	0		2.0
lamina 8	la	anatomie-la	uberon	0		2.0
lamina alaris	la	anatomie-la	uberon	0		2.0
lamina basalis	la	anatomie-la	uberon	0		2.0
lamina choroidocapillaris	la	anatomie-la	uberon	0		2.0
lamina dentalis	la	anatomie-la	uberon	0		2.0
lamina dorsolateralis	la	anatomie-la	uberon	0		2.0
lamina epiphysialis	la	anatomie-la	uberon	0		2.0
lamina episcleralis	la	anatomie-la	uberon	0		2.0
lamina fibroreticularis	la	anatomie-la	uberon	0		2.0
lamina ganglionaris	la	anatomie-la	uberon	0		2.0
lamina multiformis	la	anatomie-la	uberon	0		2.0
lamina neuralis	la	anatomie-la	uberon	0		2.0
lamina quadrigemina	la	anatomie-la	uberon	0		2.0
lamina spinalis	la	anatomie-la	uberon	0		2.0
lamina suprachorioidea	la	anatomie-la	uberon	0		2.0
lamina suprachoroidea	la	anatomie-la	uberon	0		2.0
lamina unguis	la	anatomie-la	uberon	0		2.0
lamina VI	la	anatomie-la	uberon	0		2.0
lamina VII	la	anatomie-la	uberon	0		2.0
LE	afk	afkortingen	gecureerd	0		2.0
lemniscus acusticus	la	anatomie-la	uberon	0		2.0
lemniscus lateralis	la	anatomie-la	uberon	0		2.0
lemniscus medialis	la	anatomie-la	uberon	0		2.0
ligamentum cricoaryteneoideum	la	anatomie-la	uberon	0		2.0
ligamentum cricopharyngeum	la	anatomie-la	uberon	0		2.0
ligamentum cricothyreoideum	la	anatomie-la	uberon	0		2.0
ligamentum genitoinguinale	la	anatomie-la	uberon	0		2.0
ligamentum hepatogastricum	la	anatomie-la	uberon	0		2.0
ligamentum lienorenale	la	anatomie-la	uberon	0		2.0
ligamentum nuchae	la	anatomie-la	uberon	0		2.0
ligamentum splenorenale	la	anatomie-la	uberon	0		2.0
ligamentum sternoclavicularis	la	anatomie-la	uberon	0		2.0
ligamentum talofibulare	la	anatomie-la	uberon	0		2.0
ligamentum thyroepiglotticum	la	anatomie-la	uberon	0		2.0
ligamentum vestibulare	la	anatomie-la	uberon	0		2.0
limbus corneae	la	anatomie-la	uberon	0		2.0
linea anocutanea	la	anatomie-la	uberon	0		2.0
liquor amnii	la	anatomie-la	uberon	0		2.0
liquor cotunnii	la	anatomie-la	uberon	0		2.0
liquor folliculi	la	anatomie-la	uberon	0		2.0
lobi cerebri	la	anatomie-la	uberon	0		2.0
lobi frontales	la	anatomie-la	uberon	0		2.0
lobi renales	la	anatomie-la	uberon	0		2.0
lobuli hepatis	la	anatomie-la	uberon	0		2.0
lobulus auriculae	la	anatomie-la	uberon	0		2.0
lobulus biventralis	la	anatomie-la	uberon	0		2.0
lobulus centralis	la	anatomie-la	uberon	0		2.0
lobulus gracilis	la	anatomie-la	uberon	0		2.0
lobulus hepaticus	la	anatomie-la	uberon	0		2.0
lobulus paracentralis	la	anatomie-la	uberon	0		2.0
lobulus pulmonis	la	anatomie-la	uberon	0		2.0
lobus anterior	la	anatomie-la	uberon	0		2.0
lobus flocculonodularis	la	anatomie-la	uberon	0		2.0
lobus frontalis	la	anatomie-la	uberon	0		2.0
lobus insularis	la	anatomie-la	uberon	0		2.0
lobus limbicus	la	anatomie-la	uberon	0		2.0
lobus nervosus	la	anatomie-la	uberon	0		2.0
lobus occipitalis	la	anatomie-la	uberon	0		2.0
lobus parietalis	la	anatomie-la	uberon	0		2.0
lobus posterior	la	anatomie-la	uberon	0		2.0
lobus quadratus	la	anatomie-la	uberon	0		2.0
lobus temporalis	la	anatomie-la	uberon	0		2.0
lunula unguis	la	anatomie-la	uberon	0		2.0
LV	afk	afkortingen	gecureerd	0		2.0
lymphoglandulae hepaticae	la	anatomie-la	uberon	0		2.0
lymphoglandulæ hepaticæ	la	anatomie-la	uberon	0		2.0
lymphonodi mandibulares	la	anatomie-la	uberon	0		2.0
m. vitellina	la	anatomie-la	uberon	0		2.0
macula sacculi	la	anatomie-la	uberon	0		2.0
macula utriculi	la	anatomie-la	uberon	0		2.0
manus quintus	la	anatomie-la	uberon	0		2.0
margo alveolaris	la	anatomie-la	uberon	0		2.0
margo infraorbitalis	la	anatomie-la	uberon	0		2.0
margo linguae	la	anatomie-la	uberon	0		2.0
margo orbitalis	la	anatomie-la	uberon	0		2.0
margo supraorbitalis	la	anatomie-la	uberon	0		2.0
massa praecommissuralis	la	anatomie-la	uberon	0		2.0
matrix unguis	la	anatomie-la	uberon	0		2.0
meatus acusticus externus cartilagineus	la	anatomie-la	uberon	0		2.0
meatus urinarius	la	anatomie-la	uberon	0		2.0
mediastinum anterius	la	anatomie-la	uberon	0		2.0
mediastinum medium	la	anatomie-la	uberon	0		2.0
mediastinum posterius	la	anatomie-la	uberon	0		2.0
mediastinum superius	la	anatomie-la	uberon	0		2.0
medulla oblonzata	la	anatomie-la	uberon	0		2.0
medulla ossea	la	anatomie-la	uberon	0		2.0
medulla ossium	la	anatomie-la	uberon	0		2.0
medulla renalis	la	anatomie-la	uberon	0		2.0
medulla spinalis	la	anatomie-la	uberon	0		2.0
membrana basalis	la	anatomie-la	uberon	0		2.0
membrana cloacalis	la	anatomie-la	uberon	0		2.0
membrana nictitans	la	anatomie-la	uberon	0		2.0
membrana statoconiorum	la	anatomie-la	uberon	0		2.0
membrum inferius	la	anatomie-la	uberon	0		2.0
membrum superius	la	anatomie-la	uberon	0		2.0
mesenchyma dermatomiale	la	anatomie-la	uberon	0		2.0
mesenchyma intermedium	la	anatomie-la	uberon	0		2.0
mesoderma paraxiale	la	anatomie-la	uberon	0		2.0
metenteron	la	anatomie-la	uberon	0		2.0
modiolus cochleae	la	anatomie-la	uberon	0		2.0
mons veneris	la	anatomie-la	uberon	0		2.0
MR	afk	afkortingen	gecureerd	0		2.0
musculi auriculares	la	anatomie-la	uberon	0		2.0
musculi cervicis	la	anatomie-la	uberon	0		2.0
musculi colli	la	anatomie-la	uberon	0		2.0
musculi dorsi	la	anatomie-la	uberon	0		2.0
musculi faciei	la	anatomie-la	uberon	0		2.0
musculi infrahyoidei	la	anatomie-la	uberon	0		2.0
musculi linguae	la	anatomie-la	uberon	0		2.0
musculi masticatorii	la	anatomie-la	uberon	0		2.0
musculi perinei	la	anatomie-la	uberon	0		2.0
musculi pharyngis	la	anatomie-la	uberon	0		2.0
musculi suprahyoidei	la	anatomie-la	uberon	0		2.0
musculi thoracis	la	anatomie-la	uberon	0		2.0
musculi transversospinales	la	anatomie-la	uberon	0		2.0
musculus antitragicus	la	anatomie-la	uberon	0		2.0
musculus aryepiglotticus	la	anatomie-la	uberon	0		2.0
musculus buccinator	la	anatomie-la	uberon	0		2.0
musculus bulbospongiosus	la	anatomie-la	uberon	0		2.0
musculus chondroglossus	la	anatomie-la	uberon	0		2.0
musculus ciliaris	la	anatomie-la	uberon	0		2.0
musculus coracobrachialis	la	anatomie-la	uberon	0		2.0
musculus cremaster	la	anatomie-la	uberon	0		2.0
musculus digastricus	la	anatomie-la	uberon	0		2.0
musculus iliocostalis	la	anatomie-la	uberon	0		2.0
musculus intercostalis	la	anatomie-la	uberon	0		2.0
musculus ishiocavernosus	la	anatomie-la	uberon	0		2.0
musculus longissimus	la	anatomie-la	uberon	0		2.0
musculus mentalis	la	anatomie-la	uberon	0		2.0
musculus nasalis	la	anatomie-la	uberon	0		2.0
musculus occipitofrontalis	la	anatomie-la	uberon	0		2.0
musculus orbitalis	la	anatomie-la	uberon	0		2.0
musculus palatoglossus	la	anatomie-la	uberon	0		2.0
musculus papillaris	la	anatomie-la	uberon	0		2.0
musculus pectinatus	la	anatomie-la	uberon	0		2.0
musculus pubovaginalis	la	anatomie-la	uberon	0		2.0
musculus pyramidalis	la	anatomie-la	uberon	0		2.0
musculus risorius	la	anatomie-la	uberon	0		2.0
musculus spinalis	la	anatomie-la	uberon	0		2.0
musculus stapedius	la	anatomie-la	uberon	0		2.0
musculus styloglossus	la	anatomie-la	uberon	0		2.0
musculus subclavius	la	anatomie-la	uberon	0		2.0
musculus subcostalis	la	anatomie-la	uberon	0		2.0
musculus tragicus	la	anatomie-la	uberon	0		2.0
musculus vocalis	la	anatomie-la	uberon	0		2.0
myoepitheliocytus	la	anatomie-la	uberon	0		2.0
myotomus	la	anatomie-la	uberon	0		2.0
n. mandibularis	la	anatomie-la	uberon	0		2.0
n. maxillaris	la	anatomie-la	uberon	0		2.0
n. tibialis	la	anatomie-la	uberon	0		2.0
neorubrum	la	anatomie-la	uberon	0		2.0
nephroneum	la	anatomie-la	uberon	0		2.0
nervi erigentes	la	anatomie-la	uberon	0		2.0
nervi hypoglossalis	la	anatomie-la	uberon	0		2.0
nervi intercostales	la	anatomie-la	uberon	0		2.0
nervi lumbales	la	anatomie-la	uberon	0		2.0
nervi sacrales	la	anatomie-la	uberon	0		2.0
nervi spinales	la	anatomie-la	uberon	0		2.0
nervi thoracici	la	anatomie-la	uberon	0		2.0
nervus cervicalis	la	anatomie-la	uberon	0		2.0
nervus cranialis	la	anatomie-la	uberon	0		2.0
nervus efferente	la	anatomie-la	uberon	0		2.0
nervus frontalis	la	anatomie-la	uberon	0		2.0
nervus hypogastricus	la	anatomie-la	uberon	0		2.0
nervus intermedius	la	anatomie-la	uberon	0		2.0
nervus lacrimalis	la	anatomie-la	uberon	0		2.0
nervus lumbalis	la	anatomie-la	uberon	0		2.0
nervus massetericus	la	anatomie-la	uberon	0		2.0
nervus motorius	la	anatomie-la	uberon	0		2.0
nervus nasopalatinus	la	anatomie-la	uberon	0		2.0
nervus octavus	la	anatomie-la	uberon	0		2.0
nervus olfactorius	la	anatomie-la	uberon	0		2.0
nervus presacralis	la	anatomie-la	uberon	0		2.0
nervus pudendae	la	anatomie-la	uberon	0		2.0
nervus pudendales	la	anatomie-la	uberon	0		2.0
nervus sacralis	la	anatomie-la	uberon	0		2.0
nervus saphenus	la	anatomie-la	uberon	0		2.0
nervus sensorius	la	anatomie-la	uberon	0		2.0
nervus spinosus	la	anatomie-la	uberon	0		2.0
nervus statoacusticus	la	anatomie-la	uberon	0		2.0
nervus thoracis	la	anatomie-la	uberon	0		2.0
nervus vestibularis	la	anatomie-la	uberon	0		2.0
nodus atrioventricularis	la	anatomie-la	uberon	0		2.0
nodus buccinatorius	la	anatomie-la	uberon	0		2.0
nodus fibularis	la	anatomie-la	uberon	0		2.0
nodus foraminalis	la	anatomie-la	uberon	0		2.0
nodus jugulodigastricus	la	anatomie-la	uberon	0		2.0
nodus lymphaticus	la	anatomie-la	uberon	0		2.0
nodus malaris	la	anatomie-la	uberon	0		2.0
nodus nasolabialis	la	anatomie-la	uberon	0		2.0
nodus primitivus	la	anatomie-la	uberon	0		2.0
nodus sinuatrialis	la	anatomie-la	uberon	0		2.0
nodus suprapyloricus	la	anatomie-la	uberon	0		2.0
notochorda	la	anatomie-la	uberon	0		2.0
nuclei arcuati	la	anatomie-la	uberon	0		2.0
nuclei basales	la	anatomie-la	uberon	0		2.0
nuclei cerebellares	la	anatomie-la	uberon	0		2.0
nuclei cerebellaris	la	anatomie-la	uberon	0		2.0
nuclei cerebelli	la	anatomie-la	uberon	0		2.0
nuclei cochleares	la	anatomie-la	uberon	0		2.0
nuclei globosi	la	anatomie-la	uberon	0		2.0
nuclei habenulares	la	anatomie-la	uberon	0		2.0
nuclei paraventriculares	la	anatomie-la	uberon	0		2.0
nuclei periolivares	la	anatomie-la	uberon	0		2.0
nuclei pontis	la	anatomie-la	uberon	0		2.0
nuclei premamillaris	la	anatomie-la	uberon	0		2.0
nuclei preoptici	la	anatomie-la	uberon	0		2.0
nuclei pretectales	la	anatomie-la	uberon	0		2.0
nuclei pulvinares	la	anatomie-la	uberon	0		2.0
nuclei raphes	la	anatomie-la	uberon	0		2.0
nuclei septales	la	anatomie-la	uberon	0		2.0
nuclei trigemini	la	anatomie-la	uberon	0		2.0
nuclei vestibulares	la	anatomie-la	uberon	0		2.0
nucleus abducens	la	anatomie-la	uberon	0		2.0
nucleus accessorius	la	anatomie-la	uberon	0		2.0
nucleus arcuatus	la	anatomie-la	uberon	0		2.0
nucleus circularis	la	anatomie-la	uberon	0		2.0
nucleus commissuralis	la	anatomie-la	uberon	0		2.0
nucleus cuneatus	la	anatomie-la	uberon	0		2.0
nucleus cuneiformis	la	anatomie-la	uberon	0		2.0
nucleus Darkschewitsch	la	anatomie-la	uberon	0		2.0
nucleus Darkschewitschi	la	anatomie-la	uberon	0		2.0
nucleus dentatus	la	anatomie-la	uberon	0		2.0
nucleus emboliformis	la	anatomie-la	uberon	0		2.0
nucleus facialis	la	anatomie-la	uberon	0		2.0
nucleus fastigiatus	la	anatomie-la	uberon	0		2.0
nucleus fastigii	la	anatomie-la	uberon	0		2.0
nucleus filiformis	la	anatomie-la	uberon	0		2.0
nucleus gigantocellularis	la	anatomie-la	uberon	0		2.0
nucleus globosus	la	anatomie-la	uberon	0		2.0
nucleus gracilis	la	anatomie-la	uberon	0		2.0
nucleus habenularis	la	anatomie-la	uberon	0		2.0
nucleus hypoglossalis	la	anatomie-la	uberon	0		2.0
nucleus innominatus	la	anatomie-la	uberon	0		2.0
nucleus interanterodorsalis	la	anatomie-la	uberon	0		2.0
nucleus interpeduncularis	la	anatomie-la	uberon	0		2.0
nucleus interstitialis	la	anatomie-la	uberon	0		2.0
nucleus lentiformis	la	anatomie-la	uberon	0		2.0
nucleus linearis	la	anatomie-la	uberon	0		2.0
nucleus Monakow	la	anatomie-la	uberon	0		2.0
nucleus oculomotorius	la	anatomie-la	uberon	0		2.0
nucleus pallidus	la	anatomie-la	uberon	0		2.0
nucleus paracentralis	la	anatomie-la	uberon	0		2.0
nucleus parataenialis	la	anatomie-la	uberon	0		2.0
nucleus paratrigeminalis	la	anatomie-la	uberon	0		2.0
nucleus parvocellularis	la	anatomie-la	uberon	0		2.0
nucleus pedunculopontinus	la	anatomie-la	uberon	0		2.0
nucleus periolivaris	la	anatomie-la	uberon	0		2.0
nucleus peripeduncularis	la	anatomie-la	uberon	0		2.0
nucleus peritrigeminalis	la	anatomie-la	uberon	0		2.0
nucleus pontis	la	anatomie-la	uberon	0		2.0
nucleus pontobulbaris	la	anatomie-la	uberon	0		2.0
nucleus posteriodorsalis	la	anatomie-la	uberon	0		2.0
nucleus praetectalis	la	anatomie-la	uberon	0		2.0
nucleus pregeniculatus	la	anatomie-la	uberon	0		2.0
nucleus preolivaris	la	anatomie-la	uberon	0		2.0
nucleus pulvinaris	la	anatomie-la	uberon	0		2.0
nucleus restiformis	la	anatomie-la	uberon	0		2.0
nucleus reticularis	la	anatomie-la	uberon	0		2.0
nucleus retro-olivaris	la	anatomie-la	uberon	0		2.0
nucleus retroambigualis	la	anatomie-la	uberon	0		2.0
nucleus retroambiguus	la	anatomie-la	uberon	0		2.0
nucleus Roller	la	anatomie-la	uberon	0		2.0
nucleus ruber	la	anatomie-la	uberon	0		2.0
nucleus saguli	la	anatomie-la	uberon	0		2.0
nucleus sagulum	la	anatomie-la	uberon	0		2.0
nucleus solitarius	la	anatomie-la	uberon	0		2.0
nucleus subcuneiformis	la	anatomie-la	uberon	0		2.0
nucleus subfascicularis	la	anatomie-la	uberon	0		2.0
nucleus sublentiformis	la	anatomie-la	uberon	0		2.0
nucleus sublingualis	la	anatomie-la	uberon	0		2.0
nucleus subparabrachialis	la	anatomie-la	uberon	0		2.0
nucleus subthalamicus	la	anatomie-la	uberon	0		2.0
nucleus suprachiasmaticus	la	anatomie-la	uberon	0		2.0
nucleus supraopticus	la	anatomie-la	uberon	0		2.0
nucleus supraspinalis	la	anatomie-la	uberon	0		2.0
nucleus trapezoidalis	la	anatomie-la	uberon	0		2.0
nucleus triangularis	la	anatomie-la	uberon	0		2.0
nucleus tuberis	la	anatomie-la	uberon	0		2.0
nucleus tuberomamillaris	la	anatomie-la	uberon	0		2.0
nucleus Westphal-Edinger	la	anatomie-la	uberon	0		2.0
occiput cranii	la	anatomie-la	uberon	0		2.0
omentum majus	la	anatomie-la	uberon	0		2.0
omentum minus	la	anatomie-la	uberon	0		2.0
operculum frontale	la	anatomie-la	uberon	0		2.0
operculum orbitale	la	anatomie-la	uberon	0		2.0
operculum parietale	la	anatomie-la	uberon	0		2.0
operculum precentrale	la	anatomie-la	uberon	0		2.0
operculum temporale	la	anatomie-la	uberon	0		2.0
organa sensuum	la	anatomie-la	uberon	0		2.0
organon vomeronasale	la	anatomie-la	uberon	0		2.0
organum enameleum	la	anatomie-la	uberon	0		2.0
organum spirale	la	anatomie-la	uberon	0		2.0
organum subcommissurale	la	anatomie-la	uberon	0		2.0
organum subfornicale	la	anatomie-la	uberon	0		2.0
organum vomeronasale	la	anatomie-la	uberon	0		2.0
orificium ureteris	la	anatomie-la	uberon	0		2.0
os calcis	la	anatomie-la	uberon	0		2.0
os centroquartale	la	anatomie-la	uberon	0		2.0
os coccygis	la	anatomie-la	uberon	0		2.0
os coxa	la	anatomie-la	uberon	0		2.0
os coxae	la	anatomie-la	uberon	0		2.0
os femorale	la	anatomie-la	uberon	0		2.0
os femoris	la	anatomie-la	uberon	0		2.0
os innominatum	la	anatomie-la	uberon	0		2.0
os irregulare	la	anatomie-la	uberon	0		2.0
os ischii	la	anatomie-la	uberon	0		2.0
os lacrimale	la	anatomie-la	uberon	0		2.0
os longissimum	la	anatomie-la	uberon	0		2.0
os nasale	la	anatomie-la	uberon	0		2.0
os naviculocuboideum	la	anatomie-la	uberon	0		2.0
os palatinum	la	anatomie-la	uberon	0		2.0
os planum	la	anatomie-la	uberon	0		2.0
os sacrum	la	anatomie-la	uberon	0		2.0
os squamosum	la	anatomie-la	uberon	0		2.0
ossa carpi	la	anatomie-la	uberon	0		2.0
ossa cranii	la	anatomie-la	uberon	0		2.0
ossa facialia	la	anatomie-la	uberon	0		2.0
ossa faciei	la	anatomie-la	uberon	0		2.0
ossa manus	la	anatomie-la	uberon	0		2.0
ossa metatarsalia	la	anatomie-la	uberon	0		2.0
ossa metatarsi[I-V]	la	anatomie-la	uberon	0		2.0
ossa sesamoidea	la	anatomie-la	uberon	0		2.0
ostium secundum	la	anatomie-la	uberon	0		2.0
ostium ureteris	la	anatomie-la	uberon	0		2.0
p. renallis	la	anatomie-la	uberon	0		2.0
palaeocortex II	la	anatomie-la	uberon	0		2.0
palaeorubrum	la	anatomie-la	uberon	0		2.0
palatum definitivum	la	anatomie-la	uberon	0		2.0
palatum durum	la	anatomie-la	uberon	0		2.0
palatum molle	la	anatomie-la	uberon	0		2.0
palatum primarium	la	anatomie-la	uberon	0		2.0
palatum secundarium	la	anatomie-la	uberon	0		2.0
palpebra inferior	la	anatomie-la	uberon	0		2.0
palpebra superior	la	anatomie-la	uberon	0		2.0
palperbra tertia	la	anatomie-la	uberon	0		2.0
papilla basilaris	la	anatomie-la	uberon	0		2.0
papilla dentis	la	anatomie-la	uberon	0		2.0
papilla duodeni	la	anatomie-la	uberon	0		2.0
papilla lacrimalis	la	anatomie-la	uberon	0		2.0
papilla mammaria	la	anatomie-la	uberon	0		2.0
papillae dermis	la	anatomie-la	uberon	0		2.0
papillae filiformes	la	anatomie-la	uberon	0		2.0
papillae foliatae	la	anatomie-la	uberon	0		2.0
papillae fungiformes	la	anatomie-la	uberon	0		2.0
parencephalon	la	anatomie-la	uberon	0		2.0
paries abdominalis	la	anatomie-la	uberon	0		2.0
pars lateralis	la	anatomie-la	uberon	0		2.0
pars neodentata	la	anatomie-la	uberon	0		2.0
pars opercularis	la	anatomie-la	uberon	0		2.0
pars paleodentata	la	anatomie-la	uberon	0		2.0
pars peripherica	la	anatomie-la	uberon	0		2.0
pars pylorica	la	anatomie-la	uberon	0		2.0
pars reticularis	la	anatomie-la	uberon	0		2.0
pars spongiosa	la	anatomie-la	uberon	0		2.0
pars triangularis	la	anatomie-la	uberon	0		2.0
pedunclulus olfactorius	la	anatomie-la	uberon	0		2.0
pedunculi cerebellares	la	anatomie-la	uberon	0		2.0
pedunculi cerebri	la	anatomie-la	uberon	0		2.0
pedunculus cerebralis	la	anatomie-la	uberon	0		2.0
pedunculus cerebri	la	anatomie-la	uberon	0		2.0
pedunculus opticus	la	anatomie-la	uberon	0		2.0
pes pedunculi	la	anatomie-la	uberon	0		2.0
phalanx distalis	la	anatomie-la	uberon	0		2.0
phallus primordialis	la	anatomie-la	uberon	0		2.0
placoda lentis	la	anatomie-la	uberon	0		2.0
placoda nasalis	la	anatomie-la	uberon	0		2.0
placoda olfactoria	la	anatomie-la	uberon	0		2.0
placoda otica	la	anatomie-la	uberon	0		2.0
placodae neurogenicae	la	anatomie-la	uberon	0		2.0
PLC	afk	afkortingen	gecureerd	0		2.0
pleura parietalis	la	anatomie-la	uberon	0		2.0
pleura pulmonalis	la	anatomie-la	uberon	0		2.0
pleura visceralis	la	anatomie-la	uberon	0		2.0
plexus autonomicus	la	anatomie-la	uberon	0		2.0
plexus cardiacus	la	anatomie-la	uberon	0		2.0
plexus cervicalis	la	anatomie-la	uberon	0		2.0
plexus coeliacus	la	anatomie-la	uberon	0		2.0
plexus haemorrhoidalis	la	anatomie-la	uberon	0		2.0
plexus ophthalmicus	la	anatomie-la	uberon	0		2.0
plexus pelvicus	la	anatomie-la	uberon	0		2.0
plexus pulmonalis	la	anatomie-la	uberon	0		2.0
plexus submucosus	la	anatomie-la	uberon	0		2.0
plexus vasculosus	la	anatomie-la	uberon	0		2.0
plexus venosus	la	anatomie-la	uberon	0		2.0
plexus visceralis	la	anatomie-la	uberon	0		2.0
plica aryepiglottica	la	anatomie-la	uberon	0		2.0
plica palpebronasalis	la	anatomie-la	uberon	0		2.0
plica rectouterina	la	anatomie-la	uberon	0		2.0
plica spiralis	la	anatomie-la	uberon	0		2.0
polus frontalis	la	anatomie-la	uberon	0		2.0
polus occipitalis	la	anatomie-la	uberon	0		2.0
polus temporalis	la	anatomie-la	uberon	0		2.0
pons cerebri	la	anatomie-la	uberon	0		2.0
portionem cacas	la	anatomie-la	uberon	0		2.0
praeenteron	la	anatomie-la	uberon	0		2.0
praesubiculum	la	anatomie-la	uberon	0		2.0
praetectum	la	anatomie-la	uberon	0		2.0
prepucium	la	anatomie-la	uberon	0		2.0
preputium penis	la	anatomie-la	uberon	0		2.0
processus ciliares	la	anatomie-la	uberon	0		2.0
proenteron	la	anatomie-la	uberon	0		2.0
prominentia frontonasalis	la	anatomie-la	uberon	0		2.0
prominentia mandibularis	la	anatomie-la	uberon	0		2.0
prominentia maxilaris	la	anatomie-la	uberon	0		2.0
promontorium tympani	la	anatomie-la	uberon	0		2.0
pulmonary embolism	en	descriptoren-bevindingen	gecureerd,telnyx	0		2.0
pulmonary fibrosis	en	pathologie	gecureerd,telnyx	0		2.0
pulpa alba	la	anatomie-la	uberon	0		2.0
pulpa rubra	la	anatomie-la	uberon	0		2.0
pulpa splenica	la	anatomie-la	uberon	0		2.0
puncta lacrimalia	la	anatomie-la	uberon	0		2.0
pyramidalis nasi	la	anatomie-la	uberon	0		2.0
pyramides renales	la	anatomie-la	uberon	0		2.0
pyramis bulbi	la	anatomie-la	uberon	0		2.0
radices craniales nervi accessorii	la	anatomie-la	uberon	0		2.0
radix anterior nervi spinalis	la	anatomie-la	uberon	0		2.0
radix descendens nervi trigemini	la	anatomie-la	uberon	0		2.0
radix motoria nervus trigemini	la	anatomie-la	uberon	0		2.0
radix sensoria nervus trigemini	la	anatomie-la	uberon	0		2.0
radix spinalis nervus accessorius	la	anatomie-la	uberon	0		2.0
ramus caroticotympanicus	la	anatomie-la	uberon	0		2.0
raphe penis	la	anatomie-la	uberon	0		2.0
raphe perinealis	la	anatomie-la	uberon	0		2.0
raphe perinei	la	anatomie-la	uberon	0		2.0
raphe pontis	la	anatomie-la	uberon	0		2.0
receptaculum chyli	la	anatomie-la	uberon	0		2.0
recessus epiphysis	la	anatomie-la	uberon	0		2.0
recessus infundibularis	la	anatomie-la	uberon	0		2.0
recessus infundibuli	la	anatomie-la	uberon	0		2.0
recessus maxillaris	la	anatomie-la	uberon	0		2.0
recessus pinealis	la	anatomie-la	uberon	0		2.0
recessus supraopticus	la	anatomie-la	uberon	0		2.0
regio analis	la	anatomie-la	uberon	0		2.0
regio antebrachialis	la	anatomie-la	uberon	0		2.0
regio axillaris	la	anatomie-la	uberon	0		2.0
regio brachialis	la	anatomie-la	uberon	0		2.0
regio carpalis	la	anatomie-la	uberon	0		2.0
regio frontalis	la	anatomie-la	uberon	0		2.0
regio glutealis	la	anatomie-la	uberon	0		2.0
regio lumbalis	la	anatomie-la	uberon	0		2.0
regio manus	la	anatomie-la	uberon	0		2.0
regio mentalis	la	anatomie-la	uberon	0		2.0
regio metatarsalis	la	anatomie-la	uberon	0		2.0
regio occipitalis	la	anatomie-la	uberon	0		2.0
regio oralis	la	anatomie-la	uberon	0		2.0
regio orbitalis	la	anatomie-la	uberon	0		2.0
regio palmaris	la	anatomie-la	uberon	0		2.0
regio parietalis	la	anatomie-la	uberon	0		2.0
regio pedis	la	anatomie-la	uberon	0		2.0
regio periamygdalaris	la	anatomie-la	uberon	0		2.0
regio perinealis	la	anatomie-la	uberon	0		2.0
regio plantaris	la	anatomie-la	uberon	0		2.0
regio praepiriformis	la	anatomie-la	uberon	0		2.0
regio pretectalis	la	anatomie-la	uberon	0		2.0
regio retrobulbaris	la	anatomie-la	uberon	0		2.0
regio sacralis	la	anatomie-la	uberon	0		2.0
regio subfrontalis	la	anatomie-la	uberon	0		2.0
rete venosum	la	anatomie-la	uberon	0		2.0
reticulum stellatum	la	anatomie-la	uberon	0		2.0
rima palpebrarum	la	anatomie-la	uberon	0		2.0
rima pudendi	la	anatomie-la	uberon	0		2.0
russell's fasciculus	la	anatomie-la	uberon	0		2.0
sacci pneumatici	la	anatomie-la	uberon	0		2.0
saccus aorticus	la	anatomie-la	uberon	0		2.0
saccus endolymphaticus	la	anatomie-la	uberon	0		2.0
saccus lacrimalis	la	anatomie-la	uberon	0		2.0
saccus vaginalis	la	anatomie-la	uberon	0		2.0
saccus vitellinus	la	anatomie-la	uberon	0		2.0
sagulum	la	anatomie-la	uberon	0		2.0
sailva normalis	la	anatomie-la	uberon	0		2.0
saliva atomaris	la	anatomie-la	uberon	0		2.0
saliva molecularis	la	anatomie-la	uberon	0		2.0
scalpus	la	anatomie-la	uberon	0		2.0
sclerotomus	la	anatomie-la	uberon	0		2.0
SE	afk	afkortingen	gecureerd	0		2.0
segmenta coccygea	la	anatomie-la	uberon	0		2.0
septum aorticopulmonale	la	anatomie-la	uberon	0		2.0
septum gliosum	la	anatomie-la	uberon	0		2.0
septum membranaceum	la	anatomie-la	uberon	0		2.0
septum orbitale	la	anatomie-la	uberon	0		2.0
septum scroti	la	anatomie-la	uberon	0		2.0
septum telencephali	la	anatomie-la	uberon	0		2.0
septum urorectale	la	anatomie-la	uberon	0		2.0
serratus lateralis	la	anatomie-la	uberon	0		2.0
SI	afk	afkortingen	gecureerd	0		2.0
sinus aortae	la	anatomie-la	uberon	0		2.0
sinus caroticus	la	anatomie-la	uberon	0		2.0
sinus cervicalis	la	anatomie-la	uberon	0		2.0
sinus coronarius	la	anatomie-la	uberon	0		2.0
sinus frontales	la	anatomie-la	uberon	0		2.0
sinus infraorbitalis	la	anatomie-la	uberon	0		2.0
sinus lienalis	la	anatomie-la	uberon	0		2.0
sinus maxilliaris	la	anatomie-la	uberon	0		2.0
sinus splenicus	la	anatomie-la	uberon	0		2.0
sinus urogenitalis	la	anatomie-la	uberon	0		2.0
skeleton appendiculare	la	anatomie-la	uberon	0		2.0
skeleton axiale	la	anatomie-la	uberon	0		2.0
skeleton cruris	la	anatomie-la	uberon	0		2.0
somitus	la	anatomie-la	uberon	0		2.0
spatium epidurale	la	anatomie-la	uberon	0		2.0
spatium extradurale	la	anatomie-la	uberon	0		2.0
spatium extraperitoneale	la	anatomie-la	uberon	0		2.0
spatium leptomeningeum	la	anatomie-la	uberon	0		2.0
spatium perisinusoideum	la	anatomie-la	uberon	0		2.0
spatium retroperitoneale	la	anatomie-la	uberon	0		2.0
spatium retropharyngeum	la	anatomie-la	uberon	0		2.0
spatium subarachnoideum	la	anatomie-la	uberon	0		2.0
spatium subdurale	la	anatomie-la	uberon	0		2.0
spina scapulae	la	anatomie-la	uberon	0		2.0
squama occipitalis	la	anatomie-la	uberon	0		2.0
stapellos	la	anatomie-la	uberon	0		2.0
stratum cinereum	la	anatomie-la	uberon	0		2.0
stratum Malpighi	la	anatomie-la	uberon	0		2.0
stratum Malpighii	la	anatomie-la	uberon	0		2.0
stratum papillare	la	anatomie-la	uberon	0		2.0
stratum reticulare	la	anatomie-la	uberon	0		2.0
stratum synoviale	la	anatomie-la	uberon	0		2.0
stria diagonalis	la	anatomie-la	uberon	0		2.0
stria Lancisii	la	anatomie-la	uberon	0		2.0
stria semicircularis	la	anatomie-la	uberon	0		2.0
stria terminalis	la	anatomie-la	uberon	0		2.0
stroma ovarii	la	anatomie-la	uberon	0		2.0
substantia alba medullae spinalis	la	anatomie-la	uberon	0		2.0
substantia centralis medullaris cerebelli	la	anatomie-la	uberon	0		2.0
substantia centralis medullaris cerebri	la	anatomie-la	uberon	0		2.0
substantia grisea centralis mesencephali	la	anatomie-la	uberon	0		2.0
substantia grisea medullae spinalis	la	anatomie-la	uberon	0		2.0
substantia innominata of Meynert	la	anatomie-la	uberon	0		2.0
substantia medullaris parahippocampalis posterior	la	anatomie-la	uberon	0		2.0
substantia nigra, pars compacta	la	anatomie-la	uberon	0		2.0
substantia nigra, pars diffusa	la	anatomie-la	uberon	0		2.0
sulci orbitales	la	anatomie-la	uberon	0		2.0
sulci orbitalis	la	anatomie-la	uberon	0		2.0
sulcus anterolateralis	la	anatomie-la	uberon	0		2.0
sulcus arcuata	la	anatomie-la	uberon	0		2.0
sulcus arcuatis	la	anatomie-la	uberon	0		2.0
sulcus arcuatus	la	anatomie-la	uberon	0		2.0
sulcus cinguli	la	anatomie-la	uberon	0		2.0
sulcus collateralis	la	anatomie-la	uberon	0		2.0
sulcus diagonalis	la	anatomie-la	uberon	0		2.0
sulcus fronto-marginalis	la	anatomie-la	uberon	0		2.0
sulcus fronto-orbitalis	la	anatomie-la	uberon	0		2.0
sulcus gingivalis	la	anatomie-la	uberon	0		2.0
sulcus glutealis	la	anatomie-la	uberon	0		2.0
sulcus hippocampalis	la	anatomie-la	uberon	0		2.0
sulcus hippocampi	la	anatomie-la	uberon	0		2.0
sulcus intraparietalis	la	anatomie-la	uberon	0		2.0
sulcus laryngotrachealis	la	anatomie-la	uberon	0		2.0
sulcus marginalis	la	anatomie-la	uberon	0		2.0
sulcus occipitotemporalis	la	anatomie-la	uberon	0		2.0
sulcus paracentralis	la	anatomie-la	uberon	0		2.0
sulcus parietooccipitalis	la	anatomie-la	uberon	0		2.0
sulcus pharyngei	la	anatomie-la	uberon	0		2.0
sulcus postcentralis	la	anatomie-la	uberon	0		2.0
sulcus rectus	la	anatomie-la	uberon	0		2.0
sulcus rhinalis	la	anatomie-la	uberon	0		2.0
sulcus ventrolateralis	la	anatomie-la	uberon	0		2.0
sutura coronalis	la	anatomie-la	uberon	0		2.0
sutura ethmoidomaxillaris	la	anatomie-la	uberon	0		2.0
sutura frontalis	la	anatomie-la	uberon	0		2.0
sutura frontomaxillaris	la	anatomie-la	uberon	0		2.0
sutura infraorbitalis	la	anatomie-la	uberon	0		2.0
sutura internasalis	la	anatomie-la	uberon	0		2.0
sutura lacrimomaxillaris	la	anatomie-la	uberon	0		2.0
sutura lambdoidea	la	anatomie-la	uberon	0		2.0
sutura metopica	la	anatomie-la	uberon	0		2.0
sutura occipitomastoidea	la	anatomie-la	uberon	0		2.0
sutura palatoethmoidalis	la	anatomie-la	uberon	0		2.0
sutura sagittalis	la	anatomie-la	uberon	0		2.0
sutura sphenofrontalis	la	anatomie-la	uberon	0		2.0
sutura sphenomaxillaris	la	anatomie-la	uberon	0		2.0
sutura sphenoparietalis	la	anatomie-la	uberon	0		2.0
sutura sphenozygomatica	la	anatomie-la	uberon	0		2.0
sutura zygomaticomaxillaris	la	anatomie-la	uberon	0		2.0
SUV	afk	afkortingen	gecureerd	0		2.0
symphysis mandibulae	la	anatomie-la	uberon	0		2.0
symphysis pubis	la	anatomie-la	uberon	0		2.0
syncitiotrophoblastus	la	anatomie-la	uberon	0		2.0
syndesmosis dentoalveolaris	la	anatomie-la	uberon	0		2.0
syndesmosis tibiofibularis	la	anatomie-la	uberon	0		2.0
systema cardiovasculare	la	anatomie-la	uberon	0		2.0
systema lymphoideum	la	anatomie-la	uberon	0		2.0
systema nervosum	la	anatomie-la	uberon	0		2.0
systema respiratorium	la	anatomie-la	uberon	0		2.0
systemata genitalia	la	anatomie-la	uberon	0		2.0
t. mesencephali	la	anatomie-la	uberon	0		2.0
t. olivocerebellaris	la	anatomie-la	uberon	0		2.0
taenia libra	la	anatomie-la	uberon	0		2.0
taenia tecta	la	anatomie-la	uberon	0		2.0
tarsus inferior	la	anatomie-la	uberon	0		2.0
tarsus superior	la	anatomie-la	uberon	0		2.0
tectum mesencephalicum	la	anatomie-la	uberon	0		2.0
tegmentum mesencephali	la	anatomie-la	uberon	0		2.0
tegmentum mesencephalicum	la	anatomie-la	uberon	0		2.0
tegmentum pontis	la	anatomie-la	uberon	0		2.0
tela subcutanea	la	anatomie-la	uberon	0		2.0
tendo Achillis	la	anatomie-la	uberon	0		2.0
thalamus dorsalis	la	anatomie-la	uberon	0		2.0
thalamus opticus	la	anatomie-la	uberon	0		2.0
thalamus ventralis	la	anatomie-la	uberon	0		2.0
theca folliculi	la	anatomie-la	uberon	0		2.0
TOF	afk	afkortingen	gecureerd	0		2.0
tonsilla lingualis	la	anatomie-la	uberon	0		2.0
tonsilla palatina	la	anatomie-la	uberon	0		2.0
tonsilla pharyngea	la	anatomie-la	uberon	0		2.0
tonsilla pharyngealis	la	anatomie-la	uberon	0		2.0
torus palatinus	la	anatomie-la	uberon	0		2.0
trabecula arachnoideum	la	anatomie-la	uberon	0		2.0
tractus cerebello-bulbaris	la	anatomie-la	uberon	0		2.0
tractus cerebello-rubralis	la	anatomie-la	uberon	0		2.0
tractus cortico-spinalis	la	anatomie-la	uberon	0		2.0
tractus corticopontinus	la	anatomie-la	uberon	0		2.0
tractus corticospinalis	la	anatomie-la	uberon	0		2.0
tractus corticotectalis	la	anatomie-la	uberon	0		2.0
tractus cuneocerebelli	la	anatomie-la	uberon	0		2.0
tractus dentatothalamicus	la	anatomie-la	uberon	0		2.0
tractus habenulo-intercruralis	la	anatomie-la	uberon	0		2.0
tractus habenulointercruralis	la	anatomie-la	uberon	0		2.0
tractus habenulointerpeduncularis	la	anatomie-la	uberon	0		2.0
tractus hypothalamicotegmentalis	la	anatomie-la	uberon	0		2.0
tractus hypothalamohypophysialis	la	anatomie-la	uberon	0		2.0
tractus hypothalamotegmentalis	la	anatomie-la	uberon	0		2.0
tractus mamillo-tegmentalis	la	anatomie-la	uberon	0		2.0
tractus mammillotegmentalis	la	anatomie-la	uberon	0		2.0
tractus olfactorium	la	anatomie-la	uberon	0		2.0
tractus olfactorius	la	anatomie-la	uberon	0		2.0
tractus olivocerebellaris	la	anatomie-la	uberon	0		2.0
tractus olivocochlearis	la	anatomie-la	uberon	0		2.0
tractus optici	la	anatomie-la	uberon	0		2.0
tractus opticus	la	anatomie-la	uberon	0		2.0
tractus perforans	la	anatomie-la	uberon	0		2.0
tractus pontocerebellaris	la	anatomie-la	uberon	0		2.0
tractus posterolateralis	la	anatomie-la	uberon	0		2.0
tractus pyramidalis	la	anatomie-la	uberon	0		2.0
tractus rubrospinalis	la	anatomie-la	uberon	0		2.0
tractus solitarius	la	anatomie-la	uberon	0		2.0
tractus spino-olivaris	la	anatomie-la	uberon	0		2.0
tractus spinoolivaris	la	anatomie-la	uberon	0		2.0
tractus supraopticohypophysialis	la	anatomie-la	uberon	0		2.0
tractus tectobulbaris	la	anatomie-la	uberon	0		2.0
tractus tectopontinus	la	anatomie-la	uberon	0		2.0
tractus tectospinalis	la	anatomie-la	uberon	0		2.0
tractus trigeminothalamicus	la	anatomie-la	uberon	0		2.0
tractus uncinatus	la	anatomie-la	uberon	0		2.0
tractus vestibulocerebelli	la	anatomie-la	uberon	0		2.0
tractus vestibulospinalis	la	anatomie-la	uberon	0		2.0
trias hepatica	la	anatomie-la	uberon	0		2.0
trigona fibrosa	la	anatomie-la	uberon	0		2.0
trigonum habenulae	la	anatomie-la	uberon	0		2.0
trigonum olfactorium	la	anatomie-la	uberon	0		2.0
trigonum submandibulare	la	anatomie-la	uberon	0		2.0
trigonum vesicae	la	anatomie-la	uberon	0		2.0
trochanter tertius	la	anatomie-la	uberon	0		2.0
trophoblastus	la	anatomie-la	uberon	0		2.0
truncus brachiocephalicus	la	anatomie-la	uberon	0		2.0
truncus costocervicalis	la	anatomie-la	uberon	0		2.0
truncus cœliacus	la	anatomie-la	uberon	0		2.0
truncus encephali	la	anatomie-la	uberon	0		2.0
truncus encephalicus	la	anatomie-la	uberon	0		2.0
truncus sympathicus	la	anatomie-la	uberon	0		2.0
TSE	afk	afkortingen	gecureerd	0		2.0
tuba auditiva	la	anatomie-la	uberon	0		2.0
tuba auditoria	la	anatomie-la	uberon	0		2.0
tuba pharyngotympanica	la	anatomie-la	uberon	0		2.0
tuba uterina	la	anatomie-la	uberon	0		2.0
tuber olfactorium	la	anatomie-la	uberon	0		2.0
tuberculum costae	la	anatomie-la	uberon	0		2.0
tuberculum genitale	la	anatomie-la	uberon	0		2.0
tuberculum labioscrotale	la	anatomie-la	uberon	0		2.0
tuberculum mallei	la	anatomie-la	uberon	0		2.0
tuberculum olfactorium	la	anatomie-la	uberon	0		2.0
tuberculum phallicum	la	anatomie-la	uberon	0		2.0
tuberculum supraglenoidale	la	anatomie-la	uberon	0		2.0
tuberositas deltoidea	la	anatomie-la	uberon	0		2.0
tubuli mesonephrici	la	anatomie-la	uberon	0		2.0
tubuli seminiferi	la	anatomie-la	uberon	0		2.0
tubulus renalis	la	anatomie-la	uberon	0		2.0
tubus neuralis	la	anatomie-la	uberon	0		2.0
tunica conjunctiva	la	anatomie-la	uberon	0		2.0
tunica dartos	la	anatomie-la	uberon	0		2.0
tunica mucosa	la	anatomie-la	uberon	0		2.0
tunica muscularis	la	anatomie-la	uberon	0		2.0
tunica serosa	la	anatomie-la	uberon	0		2.0
uncus hippocampi	la	anatomie-la	uberon	0		2.0
uterus masculinus	la	anatomie-la	uberon	0		2.0
utriculus prostaticus	la	anatomie-la	uberon	0		2.0
uvula palatina	la	anatomie-la	uberon	0		2.0
v. hypogastrica	la	anatomie-la	uberon	0		2.0
vagina masculina	la	anatomie-la	uberon	0		2.0
vagina tendinis	la	anatomie-la	uberon	0		2.0
vallecula cerebelli	la	anatomie-la	uberon	0		2.0
vallecula epiglottica	la	anatomie-la	uberon	0		2.0
valva aortae	la	anatomie-la	uberon	0		2.0
valva ileocaecalis	la	anatomie-la	uberon	0		2.0
valva mitralis	la	anatomie-la	uberon	0		2.0
valvula pylori	la	anatomie-la	uberon	0		2.0
valvula tricuspidalis	la	anatomie-la	uberon	0		2.0
vas lymphaticum	la	anatomie-la	uberon	0		2.0
vas sanguineum	la	anatomie-la	uberon	0		2.0
vas sinusoideum	la	anatomie-la	uberon	0		2.0
vas vasorum	la	anatomie-la	uberon	0		2.0
velum palatinum	la	anatomie-la	uberon	0		2.0
vena auriculares	la	anatomie-la	uberon	0		2.0
vena brachiocephalica	la	anatomie-la	uberon	0		2.0
vena femoralis	la	anatomie-la	uberon	0		2.0
vena gastrica	la	anatomie-la	uberon	0		2.0
vena gastrocnemii	la	anatomie-la	uberon	0		2.0
vena hemiazygos	la	anatomie-la	uberon	0		2.0
vena hepatica	la	anatomie-la	uberon	0		2.0
vena ileocolica	la	anatomie-la	uberon	0		2.0
vena iliolumbalis	la	anatomie-la	uberon	0		2.0
vena labialis	la	anatomie-la	uberon	0		2.0
vena lingualis	la	anatomie-la	uberon	0		2.0
vena maxima	la	anatomie-la	uberon	0		2.0
vena nutricia	la	anatomie-la	uberon	0		2.0
vena poplitea	la	anatomie-la	uberon	0		2.0
vena pudendae	la	anatomie-la	uberon	0		2.0
vena pudendales	la	anatomie-la	uberon	0		2.0
vena retromandibularis	la	anatomie-la	uberon	0		2.0
vena solealis	la	anatomie-la	uberon	0		2.0
vena spinalis	la	anatomie-la	uberon	0		2.0
vena splenica	la	anatomie-la	uberon	0		2.0
vena subclavia	la	anatomie-la	uberon	0		2.0
vena subcostalis	la	anatomie-la	uberon	0		2.0
vena subscapularis	la	anatomie-la	uberon	0		2.0
vena thymica	la	anatomie-la	uberon	0		2.0
vena umbilicalis	la	anatomie-la	uberon	0		2.0
vena vertebralis	la	anatomie-la	uberon	0		2.0
vena vitellina	la	anatomie-la	uberon	0		2.0
venae anonyma	la	anatomie-la	uberon	0		2.0
venae auriculares	la	anatomie-la	uberon	0		2.0
venae cerebri	la	anatomie-la	uberon	0		2.0
venae conjunctivales	la	anatomie-la	uberon	0		2.0
venae encephali	la	anatomie-la	uberon	0		2.0
venae hepaticae	la	anatomie-la	uberon	0		2.0
venae jejunales	la	anatomie-la	uberon	0		2.0
venae palpebrales	la	anatomie-la	uberon	0		2.0
venae paraumbilicales	la	anatomie-la	uberon	0		2.0
venae pericardiacophrenicae	la	anatomie-la	uberon	0		2.0
venae pulmonales	la	anatomie-la	uberon	0		2.0
venae renales	la	anatomie-la	uberon	0		2.0
venae spermaticae	la	anatomie-la	uberon	0		2.0
venae thymicae	la	anatomie-la	uberon	0		2.0
venae vesicales	la	anatomie-la	uberon	0		2.0
ventriculi cerebri	la	anatomie-la	uberon	0		2.0
ventriculus dexter	la	anatomie-la	uberon	0		2.0
ventriculus quartus	la	anatomie-la	uberon	0		2.0
vermis cerebelli	la	anatomie-la	uberon	0		2.0
vertebrae cervicales	la	anatomie-la	uberon	0		2.0
vestibulum aortae	la	anatomie-la	uberon	0		2.0
vestibulum auris	la	anatomie-la	uberon	0		2.0
vestibulum labyrinthi	la	anatomie-la	uberon	0		2.0
vestibulum nasi	la	anatomie-la	uberon	0		2.0
vestibulum vaginae	la	anatomie-la	uberon	0		2.0
villi intestinales	la	anatomie-la	uberon	0		2.0
vLps	la	anatomie-la	uberon	0		2.0
vMp (Macchi)	la	anatomie-la	uberon	0		2.0
VP	afk	afkortingen	gecureerd	0		2.0
VRT	afk	afkortingen	gecureerd	0		2.0
zona Lissauer	la	anatomie-la	uberon	0		2.0
zonula ciliaris	la	anatomie-la	uberon	0		2.0
zygapophysis inferior	la	anatomie-la	uberon	0		2.0
zygapophysis superior	la	anatomie-la	uberon	0		2.0
zygotum	la	anatomie-la	uberon	0		2.0
externe	nl	template	templates	7		1.78
indices	nl	template	templates	7		1.78
procedure	nl	template	templates	7		1.78
aanhechting	nl	template	templates	8		1.69
adequaat	nl	template	templates	8		1.69
arterie	nl	template	templates	8		1.69
beenmerg	nl	template	templates	8		1.69
bifurcatie	nl	template	templates	8		1.69
classificatie	nl	template	templates	8		1.69
evalueerbaar	nl	template	templates	8		1.69
positie	nl	template	templates	8		1.69
samendrukbare	nl	template	templates	8		1.69
schaduw	nl	template	templates	8		1.69
spier	nl	template	templates	8		1.69
spierbuik	nl	template	templates	8		1.69
a. arcuum pharyngeorum	la	anatomie-la	uberon	0		1.5
a. carotis communis	la	anatomie-la	uberon	0		1.5
a. ethmoidalis anterior	la	anatomie-la	uberon	0		1.5
a. ethmoidalis posterior	la	anatomie-la	uberon	0		1.5
a. ossis ilii	la	anatomie-la	uberon	0		1.5
a. plantaris medialis	la	anatomie-la	uberon	0		1.5
ala lobuli centralis	la	anatomie-la	uberon	0		1.5
ala ossis ilii	la	anatomie-la	uberon	0		1.5
amiculum nuclei dentati	la	anatomie-la	uberon	0		1.5
ampulla tubae uterinae	la	anatomie-la	uberon	0		1.5
amylose	nl	opentaal-medisch	opentaal	0		1.5
aneurysm	en	descriptoren-bevindingen	gecureerd,telnyx	0		1.5
angiomyolipoma	en	pathologie	gecureerd	0		1.5
angulus inferior scapulae	la	anatomie-la	uberon	0		1.5
angulus lateralis scapulae	la	anatomie-la	uberon	0		1.5
angulus superior scapulae	la	anatomie-la	uberon	0		1.5
annulus fibrosus cordis	la	anatomie-la	uberon	0		1.5
annulus inguinalis profundus	la	anatomie-la	uberon	0		1.5
anulus aqueductus cerebri	la	anatomie-la	uberon	0		1.5
anulus lymphoideus pharyngis	la	anatomie-la	uberon	0		1.5
apex columnae posterioris	la	anatomie-la	uberon	0		1.5
appendices vesiculosae epoophori	la	anatomie-la	uberon	0		1.5
arachnoidea mater cranialis	la	anatomie-la	uberon	0		1.5
arachnoidea mater encephali	la	anatomie-la	uberon	0		1.5
arcus anterior atlantis	la	anatomie-la	uberon	0		1.5
arcus dentalis inferior	la	anatomie-la	uberon	0		1.5
arcus dentalis superior	la	anatomie-la	uberon	0		1.5
arcus palmaris superficialis	la	anatomie-la	uberon	0		1.5
arcus pharyngeus primus	la	anatomie-la	uberon	0		1.5
arcus pharyngeus secundus	la	anatomie-la	uberon	0		1.5
arcus posterior atlantis	la	anatomie-la	uberon	0		1.5
area amydaliformis anterior	la	anatomie-la	uberon	0		1.5
area amygdaloidea anterior	la	anatomie-la	uberon	0		1.5
area anterior amygdalae	la	anatomie-la	uberon	0		1.5
area cingularis posterior	la	anatomie-la	uberon	0		1.5
area claustralis amygdalae	la	anatomie-la	uberon	0		1.5
area dorsalis hypothalami	la	anatomie-la	uberon	0		1.5
area entorhinalis (28,34)	la	anatomie-la	uberon	0		1.5
area entorhinalis dorsalis	la	anatomie-la	uberon	0		1.5
area entorhinalis ventralis	la	anatomie-la	uberon	0		1.5
area frontalis granularis	la	anatomie-la	uberon	0		1.5
area frontalis intermedia	la	anatomie-la	uberon	0		1.5
area hypothalamica dorsalis	la	anatomie-la	uberon	0		1.5
area hypothalamica intermedia	la	anatomie-la	uberon	0		1.5
area hypothalamica lateralis	la	anatomie-la	uberon	0		1.5
area hypothalamica posterior	la	anatomie-la	uberon	0		1.5
area hypothalamica rostralis	la	anatomie-la	uberon	0		1.5
area lateralis hypothalami	la	anatomie-la	uberon	0		1.5
area olfactoria (Mai)	la	anatomie-la	uberon	0		1.5
area olfactoria (Roberts)	la	anatomie-la	uberon	0		1.5
area orbitalis interna	la	anatomie-la	uberon	0		1.5
area parabigeminalis (Mai)	la	anatomie-la	uberon	0		1.5
area parietalis superior	la	anatomie-la	uberon	0		1.5
area posterior hypothalami	la	anatomie-la	uberon	0		1.5
area praeoptica lateralis	la	anatomie-la	uberon	0		1.5
area praeoptica medialis	la	anatomie-la	uberon	0		1.5
area preoptica lateralis	la	anatomie-la	uberon	0		1.5
area preopticus medialis	la	anatomie-la	uberon	0		1.5
area retrosplenialis agranularis	la	anatomie-la	uberon	0		1.5
area spinalis X	la	anatomie-la	uberon	0		1.5
area tegmentalis H1	la	anatomie-la	uberon	0		1.5
area tegmentalis ventralis	la	anatomie-la	uberon	0		1.5
area temporalis superior	la	anatomie-la	uberon	0		1.5
arteria auditiva interna	la	anatomie-la	uberon	0		1.5
arteria bulbi vestibuli	la	anatomie-la	uberon	0		1.5
arteria centralis retinae	la	anatomie-la	uberon	0		1.5
arteria colica media	la	anatomie-la	uberon	0		1.5
arteria coronaria dextra	la	anatomie-la	uberon	0		1.5
arteria coronaria sinistra	la	anatomie-la	uberon	0		1.5
arteria dorsalis nasi	la	anatomie-la	uberon	0		1.5
arteria dorsalis pedis	la	anatomie-la	uberon	0		1.5
arteria ductus deferentis	la	anatomie-la	uberon	0		1.5
arteria epigastrica inferior	la	anatomie-la	uberon	0		1.5
arteria ethmoidalis anterior	la	anatomie-la	uberon	0		1.5
arteria ethmoidalis posterior	la	anatomie-la	uberon	0		1.5
arteria gastrica sinistra	la	anatomie-la	uberon	0		1.5
arteria gastro-omentalis dextra	la	anatomie-la	uberon	0		1.5
arteria gastro-omentalis sinistra	la	anatomie-la	uberon	0		1.5
arteria gastroepiploica dextra	la	anatomie-la	uberon	0		1.5
arteria gastroepiploica sinistra	la	anatomie-la	uberon	0		1.5
arteria gastroomentalis dextra	la	anatomie-la	uberon	0		1.5
arteria gastroomentalis sinistra	la	anatomie-la	uberon	0		1.5
arteria glutea superior	la	anatomie-la	uberon	0		1.5
arteria haemorrhoidalis inferior	la	anatomie-la	uberon	0		1.5
arteria hepatica communis	la	anatomie-la	uberon	0		1.5
arteria hepatica propria	la	anatomie-la	uberon	0		1.5
arteria intercostalis suprema	la	anatomie-la	uberon	0		1.5
arteria labialis inferior	la	anatomie-la	uberon	0		1.5
arteria labialis superior	la	anatomie-la	uberon	0		1.5
arteria mammaria interna	la	anatomie-la	uberon	0		1.5
arteria maxillaris externa	la	anatomie-la	uberon	0		1.5
arteria meningea media	la	anatomie-la	uberon	0		1.5
arteria meningea posterior	la	anatomie-la	uberon	0		1.5
arteria palatina major	la	anatomie-la	uberon	0		1.5
arteria pancreaticoduodenalis superior	la	anatomie-la	uberon	0		1.5
arteria phrenicea superioris	la	anatomie-la	uberon	0		1.5
arteria profunda brachii	la	anatomie-la	uberon	0		1.5
arteria profunda clitoridis	la	anatomie-la	uberon	0		1.5
arteria profunda penis	la	anatomie-la	uberon	0		1.5
arteria pudenda interna	la	anatomie-la	uberon	0		1.5
arteria pulmonalis dextra	la	anatomie-la	uberon	0		1.5
arteria pulmonalis sinistra	la	anatomie-la	uberon	0		1.5
arteria rectalis inferior	la	anatomie-la	uberon	0		1.5
arteria sacralis mediana	la	anatomie-la	uberon	0		1.5
arteria spinalis anterior	la	anatomie-la	uberon	0		1.5
arteria subclavia (sinistra)	la	anatomie-la	uberon	0		1.5
arteria subclavia dextra	la	anatomie-la	uberon	0		1.5
arteria superior cerebelli	la	anatomie-la	uberon	0		1.5
arteria suprarenalis inferior	la	anatomie-la	uberon	0		1.5
arteria suprarenalis media	la	anatomie-la	uberon	0		1.5
arteria temporalis superficialis	la	anatomie-la	uberon	0		1.5
arteria thoracalis lateralis	la	anatomie-la	uberon	0		1.5
arteria thoracica interna	la	anatomie-la	uberon	0		1.5
arteria thyreoidea inferior	la	anatomie-la	uberon	0		1.5
arteria thyreoidea superior	la	anatomie-la	uberon	0		1.5
arteria transversa faciei	la	anatomie-la	uberon	0		1.5
arteria vesicali inferior	la	anatomie-la	uberon	0		1.5
arteria vesicali superior	la	anatomie-la	uberon	0		1.5
arteria vesicalis inferior	la	anatomie-la	uberon	0		1.5
arteria vesicalis superior	la	anatomie-la	uberon	0		1.5
arteriae arcuum pharyngeorum	la	anatomie-la	uberon	0		1.5
arteriae corticales radiatae	la	anatomie-la	uberon	0		1.5
arteriae digitales dorsales	la	anatomie-la	uberon	0		1.5
arteriae helicinae penis	la	anatomie-la	uberon	0		1.5
arteriae interlobares renis	la	anatomie-la	uberon	0		1.5
arteriae interlobulares renis	la	anatomie-la	uberon	0		1.5
arteriae metacarpales dorsales	la	anatomie-la	uberon	0		1.5
arteriae pancreaticoduodenales inferiores	la	anatomie-la	uberon	0		1.5
arteriae phrenicae inferiores	la	anatomie-la	uberon	0		1.5
arteriae phrenicae superiores	la	anatomie-la	uberon	0		1.5
arteriae pudendae externa	la	anatomie-la	uberon	0		1.5
arteriae pudendae interna	la	anatomie-la	uberon	0		1.5
arteriae pudendales externa	la	anatomie-la	uberon	0		1.5
arteriae pudendales interna	la	anatomie-la	uberon	0		1.5
arteriae suprarenales superiores	la	anatomie-la	uberon	0		1.5
arteriae vesicales superiores	la	anatomie-la	uberon	0		1.5
arteriola glomerularis afferens	la	anatomie-la	uberon	0		1.5
arteriolae rectae renis	la	anatomie-la	uberon	0		1.5
articulatio ossis pisiformis	la	anatomie-la	uberon	0		1.5
atherosclerosis	en	descriptoren-bevindingen	gecureerd,telnyx	0		1.5
atlas [C I]	la	anatomie-la	uberon	0		1.5
atrophy	en	descriptoren-bevindingen	gecureerd,telnyx	0		1.5
axis [C II]	la	anatomie-la	uberon	0		1.5
basis cerebri (Oertel)	la	anatomie-la	uberon	0		1.5
basis cornuis dorsalis	la	anatomie-la	uberon	0		1.5
basis cornus dorsalis	la	anatomie-la	uberon	0		1.5
basis cornus posterioris	la	anatomie-la	uberon	0		1.5
basis cranii interna	la	anatomie-la	uberon	0		1.5
basis ossis metacarpi	la	anatomie-la	uberon	0		1.5
basis ossis metatarsi	la	anatomie-la	uberon	0		1.5
basis pedunculi (Oertel)	la	anatomie-la	uberon	0		1.5
basis phalangis manus	la	anatomie-la	uberon	0		1.5
Boerhaave	nl	tekens-eponiemen	gecureerd	0		1.5
brachium colliculi caudalis	la	anatomie-la	uberon	0		1.5
brachium colliculi cranialis	la	anatomie-la	uberon	0		1.5
brachium colliculi inferioris	la	anatomie-la	uberon	0		1.5
brachium colliculi rostralis	la	anatomie-la	uberon	0		1.5
brachium colliculi superioris	la	anatomie-la	uberon	0		1.5
brachium quadrigeminum inferius	la	anatomie-la	uberon	0		1.5
brachium quadrigeminum superius	la	anatomie-la	uberon	0		1.5
bulbus olfactorius (Morgagni)	la	anatomie-la	uberon	0		1.5
bulbus vestibuli vaginae	la	anatomie-la	uberon	0		1.5
c. lateralis femoris	la	anatomie-la	uberon	0		1.5
c. lateralis tibiae	la	anatomie-la	uberon	0		1.5
c. medialis femoris	la	anatomie-la	uberon	0		1.5
c. medialis tibiae	la	anatomie-la	uberon	0		1.5
c. posterior bulbi	la	anatomie-la	uberon	0		1.5
calices renales majores	la	anatomie-la	uberon	0		1.5
calices renales minores	la	anatomie-la	uberon	0		1.5
canales alveolares maxillae	la	anatomie-la	uberon	0		1.5
canalis cervicis uteri	la	anatomie-la	uberon	0		1.5
canalis nervi facialis	la	anatomie-la	uberon	0		1.5
canalis nervi hypoglossi	la	anatomie-la	uberon	0		1.5
canalis semicircularis posterior	la	anatomie-la	uberon	0		1.5
capsula adiposa renis	la	anatomie-la	uberon	0		1.5
capsula articularis coxae	la	anatomie-la	uberon	0		1.5
capsula fibrosa perivascularis	la	anatomie-la	uberon	0		1.5
capsula fibrosa renis	la	anatomie-la	uberon	0		1.5
capsula nodi lymphoidei	la	anatomie-la	uberon	0		1.5
caput nuclei caudati	la	anatomie-la	uberon	0		1.5
cartilago alaris major	la	anatomie-la	uberon	0		1.5
cartilago alaris minor	la	anatomie-la	uberon	0		1.5
cartilago nasi accessoriae	la	anatomie-la	uberon	0		1.5
cartilago nasi lateralis	la	anatomie-la	uberon	0		1.5
cartilago tubae auditivae	la	anatomie-la	uberon	0		1.5
cartilago tubae auditoriae	la	anatomie-la	uberon	0		1.5
cauda nuclei caudati	la	anatomie-la	uberon	0		1.5
cavitas glenoidalis scapulae	la	anatomie-la	uberon	0		1.5
cavum septi pellucidi	la	anatomie-la	uberon	0		1.5
cellulose	nl	opentaal-medisch	opentaal	0		1.5
centrilobular	en	descriptoren-bevindingen	gecureerd,telnyx	0		1.5
centrum ossificationis primarium	la	anatomie-la	uberon	0		1.5
centrum ossificationis secundarium	la	anatomie-la	uberon	0		1.5
centrum tendineum diaphragmatis	la	anatomie-la	uberon	0		1.5
centrum tendineum perinei	la	anatomie-la	uberon	0		1.5
cervix vesicae urinariae	la	anatomie-la	uberon	0		1.5
chiasma nervorum opticorum	la	anatomie-la	uberon	0		1.5
chondromalacia	en	descriptoren-bevindingen	gecureerd	0		1.5
chorda arteria umbilicalis	la	anatomie-la	uberon	0		1.5
chordae tendineae cordis	la	anatomie-la	uberon	0		1.5
cingulum membri superioris	la	anatomie-la	uberon	0		1.5
circulus arteriosus cerebri	la	anatomie-la	uberon	0		1.5
cirrhosis	en	descriptoren-bevindingen	gecureerd,telnyx	0		1.5
cisterna laminae terminalis	la	anatomie-la	uberon	0		1.5
columna grisea anterior medullae spinalis	la	anatomie-la	uberon	0		1.5
columna grisea intermedia medullare spinalis	la	anatomie-la	uberon	0		1.5
columna grisea posterior medullae spinalis	la	anatomie-la	uberon	0		1.5
commissura anterior cerebri	la	anatomie-la	uberon	0		1.5
commissura colliculi inferioris	la	anatomie-la	uberon	0		1.5
commissura colliculi superior	la	anatomie-la	uberon	0		1.5
commissura colliculi superioris	la	anatomie-la	uberon	0		1.5
commissura colliculorum caudalium	la	anatomie-la	uberon	0		1.5
commissura colliculorum cranialium	la	anatomie-la	uberon	0		1.5
commissura colliculorum inferiorum	la	anatomie-la	uberon	0		1.5
commissura colliculorum rostralium	la	anatomie-la	uberon	0		1.5
commissura colliculorum superiorum	la	anatomie-la	uberon	0		1.5
commissura hypothalamica anterior	la	anatomie-la	uberon	0		1.5
commissura labiorum oris	la	anatomie-la	uberon	0		1.5
commissura supraoptica dorsalis	la	anatomie-la	uberon	0		1.5
commissura supraoptica ventralis	la	anatomie-la	uberon	0		1.5
complexus stimulans cordis	la	anatomie-la	uberon	0		1.5
concha nasalis inferior	la	anatomie-la	uberon	0		1.5
concha nasi inferior	la	anatomie-la	uberon	0		1.5
concha nasi suprema	la	anatomie-la	uberon	0		1.5
condylus lateralis femoris	la	anatomie-la	uberon	0		1.5
condylus lateralis tibiae	la	anatomie-la	uberon	0		1.5
condylus medialis femoris	la	anatomie-la	uberon	0		1.5
condylus medialis tibiae	la	anatomie-la	uberon	0		1.5
conjunctivitis	nl	opentaal-medisch	opentaal	0		1.5
Constant	nl	classificaties-scores	gecureerd	0		1.5
cornu Ammonis 2	la	anatomie-la	uberon	0		1.5
cornu Ammonis 3	la	anatomie-la	uberon	0		1.5
cornu anterius medullaris	la	anatomie-la	uberon	0		1.5
corpus adiposum pararenale	la	anatomie-la	uberon	0		1.5
corpus bigeminalis caudalis	la	anatomie-la	uberon	0		1.5
corpus bigeminum posterioris	la	anatomie-la	uberon	0		1.5
corpus callosum rostrum	la	anatomie-la	uberon	0		1.5
corpus callosum splenium	la	anatomie-la	uberon	0		1.5
corpus callosum truncus	la	anatomie-la	uberon	0		1.5
corpus callosum, corpus	la	anatomie-la	uberon	0		1.5
corpus callosum, genu	la	anatomie-la	uberon	0		1.5
corpus callosum, splenium	la	anatomie-la	uberon	0		1.5
corpus cavernosum clitoridis	la	anatomie-la	uberon	0		1.5
corpus cavernosum penis	la	anatomie-la	uberon	0		1.5
corpus geniculatus lateralis	la	anatomie-la	uberon	0		1.5
corpus geniculatus medialis	la	anatomie-la	uberon	0		1.5
corpus medullare cerebri	la	anatomie-la	uberon	0		1.5
corpus nuclei caudati	la	anatomie-la	uberon	0		1.5
corpus ossis hyoidei	la	anatomie-la	uberon	0		1.5
corpus ossis ilii	la	anatomie-la	uberon	0		1.5
corpus ossis sphenoidalis	la	anatomie-la	uberon	0		1.5
corpus quadrigeminum inferius	la	anatomie-la	uberon	0		1.5
corpus quadrigeminum superius	la	anatomie-la	uberon	0		1.5
corpus striatum (Savel'ev)	la	anatomie-la	uberon	0		1.5
corpus striatum (Zilles)	la	anatomie-la	uberon	0		1.5
corpus ventriculi lateralis	la	anatomie-la	uberon	0		1.5
corpusculum sensorium fusiforme	la	anatomie-la	uberon	0		1.5
cortex cingularis anterior	la	anatomie-la	uberon	0		1.5
cortex glandulae suprarenalis	la	anatomie-la	uberon	0		1.5
cortex insularis dysgranularis	la	anatomie-la	uberon	0		1.5
cortex insularis granularis	la	anatomie-la	uberon	0		1.5
cortex nodi lymphoidei	la	anatomie-la	uberon	0		1.5
cortex profundus lentis	la	anatomie-la	uberon	0		1.5
cortex superficialis lentis	la	anatomie-la	uberon	0		1.5
costa prima [I]	la	anatomie-la	uberon	0		1.5
costa secunda [II]	la	anatomie-la	uberon	0		1.5
crista ectodermalis apicalis	la	anatomie-la	uberon	0		1.5
crista marginalis dentis	la	anatomie-la	uberon	0		1.5
crista neuralis cranialis	la	anatomie-la	uberon	0		1.5
crista obliqua dentis	la	anatomie-la	uberon	0		1.5
crista temporalis mandibulae	la	anatomie-la	uberon	0		1.5
crista transversalis dentis	la	anatomie-la	uberon	0		1.5
crista triangularis dentis	la	anatomie-la	uberon	0		1.5
crista urethralis femininae	la	anatomie-la	uberon	0		1.5
crista urethralis masculinae	la	anatomie-la	uberon	0		1.5
crus dextrum (Diaphragma)	la	anatomie-la	uberon	0		1.5
crus dextrum diaphragmatis	la	anatomie-la	uberon	0		1.5
crus I (cerebelli)	la	anatomie-la	uberon	0		1.5
crus sinistrum (Diaphragma)	la	anatomie-la	uberon	0		1.5
crus sinistrum diaphragmatis	la	anatomie-la	uberon	0		1.5
cyanose	nl	opentaal-medisch	opentaal	0		1.5
darkroom	nl	opentaal-medisch	opentaal	0		1.5
decussatio brachii conjunctivi	la	anatomie-la	uberon	0		1.5
decussatio crurorum cerebello-cerebralium	la	anatomie-la	uberon	0		1.5
decussatio dorsalis tegmenti	la	anatomie-la	uberon	0		1.5
decussatio inferior (Forel)	la	anatomie-la	uberon	0		1.5
decussatio lemnisci medialis	la	anatomie-la	uberon	0		1.5
decussatio lemniscorum medialium	la	anatomie-la	uberon	0		1.5
decussatio nervorum trochlearium	la	anatomie-la	uberon	0		1.5
decussatio tegmentalis anterior	la	anatomie-la	uberon	0		1.5
decussatio tegmentalis posterior	la	anatomie-la	uberon	0		1.5
decussatio tegmenti ventralis	la	anatomie-la	uberon	0		1.5
decussatio ventralis tegmenti	la	anatomie-la	uberon	0		1.5
Denis	nl	classificaties-scores	gecureerd	0		1.5
dens serotinus (upper)	la	anatomie-la	uberon	0		1.5
dermatitis	nl	opentaal-medisch	opentaal	0		1.5
dextrose	nl	opentaal-medisch	opentaal	0		1.5
diagnose	nl	opentaal-medisch	opentaal	0		1.5
digitus minimus pedis	la	anatomie-la	uberon	0		1.5
digitus octus pedis	la	anatomie-la	uberon	0		1.5
digitus primus pedis	la	anatomie-la	uberon	0		1.5
digitus quartis pedis	la	anatomie-la	uberon	0		1.5
digitus quintus pedis	la	anatomie-la	uberon	0		1.5
digitus secundus pedis	la	anatomie-la	uberon	0		1.5
digitus sextus pedis	la	anatomie-la	uberon	0		1.5
digitus tertius pedis	la	anatomie-la	uberon	0		1.5
dissection	en	descriptoren-bevindingen	gecureerd,telnyx	0		1.5
ductuli efferentes testis	la	anatomie-la	uberon	0		1.5
ductus deferens vestigialis	la	anatomie-la	uberon	0		1.5
ductus glandulae bulbourethralis	la	anatomie-la	uberon	0		1.5
ductus hepaticus dexter	la	anatomie-la	uberon	0		1.5
ductus hepaticus sinister	la	anatomie-la	uberon	0		1.5
ductus interlobularis bilifer	la	anatomie-la	uberon	0		1.5
ductus lymphaticus dexter	la	anatomie-la	uberon	0		1.5
ductus pancreaticus accessorius	la	anatomie-la	uberon	0		1.5
dura mater cranialis	la	anatomie-la	uberon	0		1.5
e. anterius corneae	la	anatomie-la	uberon	0		1.5
e. lateralis femoris	la	anatomie-la	uberon	0		1.5
e. lateralis humeri	la	anatomie-la	uberon	0		1.5
e. medialis humeri	la	anatomie-la	uberon	0		1.5
eminentia medialis (Shantha)	la	anatomie-la	uberon	0		1.5
eminentia mediana anterior	la	anatomie-la	uberon	0		1.5
eminentia mediana hypothalami	la	anatomie-la	uberon	0		1.5
eminentia mediana posterior	la	anatomie-la	uberon	0		1.5
emphysema	en	pathologie	gecureerd,telnyx	0		1.5
Evans	nl	classificaties-scores	gecureerd	0		1.5
extremitas sternalis claviculae	la	anatomie-la	uberon	0		1.5
f. caecum linguae	la	anatomie-la	uberon	0		1.5
f. labii inferioris	la	anatomie-la	uberon	0		1.5
f. labii superioris	la	anatomie-la	uberon	0		1.5
facies anterior prostatae	la	anatomie-la	uberon	0		1.5
facies anterior renis	la	anatomie-la	uberon	0		1.5
facies inferolateralis prostatae	la	anatomie-la	uberon	0		1.5
facies posterior prostatae	la	anatomie-la	uberon	0		1.5
facies posterior renis	la	anatomie-la	uberon	0		1.5
fasciculi laterales pontis	la	anatomie-la	uberon	0		1.5
fasciculus cerebrospinalis lateralis	la	anatomie-la	uberon	0		1.5
fasciculus cuneatus (myelencephali)	la	anatomie-la	uberon	0		1.5
fasciculus diagonalis Brocae	la	anatomie-la	uberon	0		1.5
fasciculus fronto-occipitalis inferior	la	anatomie-la	uberon	0		1.5
fasciculus gracilis (myelencephali)	la	anatomie-la	uberon	0		1.5
fasciculus longitudinalis dorsalis	la	anatomie-la	uberon	0		1.5
fasciculus longitudinalis inferior	la	anatomie-la	uberon	0		1.5
fasciculus longitudinalis medialis	la	anatomie-la	uberon	0		1.5
fasciculus longitudinalis posterior	la	anatomie-la	uberon	0		1.5
fasciculus mamillaris princeps	la	anatomie-la	uberon	0		1.5
fasciculus mamillothalamicus (hypothalami)	la	anatomie-la	uberon	0		1.5
fasciculus mammillaris princeps	la	anatomie-la	uberon	0		1.5
fasciculus medialis telencephali	la	anatomie-la	uberon	0		1.5
fasciculus medialis telencephalicus	la	anatomie-la	uberon	0		1.5
fasciculus occipito-frontalis inferior	la	anatomie-la	uberon	0		1.5
fasciculus occipitofrontalis inferior	la	anatomie-la	uberon	0		1.5
fasciculus occipitofrontalis superior	la	anatomie-la	uberon	0		1.5
fasciculus olfactorius (hippocampi)	la	anatomie-la	uberon	0		1.5
fasciculus praedorsalis (Tschermak)	la	anatomie-la	uberon	0		1.5
fasciculus prosencephalicus medialis	la	anatomie-la	uberon	0		1.5
fasciculus thalamicus hypothalami	la	anatomie-la	uberon	0		1.5
fasiculii longitudinales pyramidales	la	anatomie-la	uberon	0		1.5
fibrae arcuatae cerebri	la	anatomie-la	uberon	0		1.5
fibrae arcuatae internae	la	anatomie-la	uberon	0		1.5
fibrae nervi abducentis	la	anatomie-la	uberon	0		1.5
fibrae nervi accessorius	la	anatomie-la	uberon	0		1.5
fibrae nervi facialis	la	anatomie-la	uberon	0		1.5
fibrae nervi glossopharyngei	la	anatomie-la	uberon	0		1.5
fibrae nervi hypoglossi	la	anatomie-la	uberon	0		1.5
fibrae nervi oculomotorii	la	anatomie-la	uberon	0		1.5
fibrae nervi statoacustici	la	anatomie-la	uberon	0		1.5
fibrae nervi trigemini	la	anatomie-la	uberon	0		1.5
fibrae nervi trochlearis	la	anatomie-la	uberon	0		1.5
fibrae nervi vagi	la	anatomie-la	uberon	0		1.5
fibrae pontis longitudinales	la	anatomie-la	uberon	0		1.5
fibrae pontis superficiales	la	anatomie-la	uberon	0		1.5
fibrae pontis transversae	la	anatomie-la	uberon	0		1.5
fibrae striae terminalis	la	anatomie-la	uberon	0		1.5
fibre arciformes olivares	la	anatomie-la	uberon	0		1.5
fibre arciformes sensibiles	la	anatomie-la	uberon	0		1.5
fibre arcuatae superficiales	la	anatomie-la	uberon	0		1.5
fissura centralis insulae	la	anatomie-la	uberon	0		1.5
fissura horizontalis cerebelli	la	anatomie-la	uberon	0		1.5
fissura inferior anterior	la	anatomie-la	uberon	0		1.5
fissura intercruralis cerebelli	la	anatomie-la	uberon	0		1.5
fissura orbitalis superior	la	anatomie-la	uberon	0		1.5
fissura post clivalis	la	anatomie-la	uberon	0		1.5
fissura postpyramidalis cerebelli	la	anatomie-la	uberon	0		1.5
fissura prebiventralis cerebelli	la	anatomie-la	uberon	0		1.5
fissura precentralis cerebelli	la	anatomie-la	uberon	0		1.5
fissura prepyramidalis cerebelli	la	anatomie-la	uberon	0		1.5
fissura prima cerebelli	la	anatomie-la	uberon	0		1.5
fissura superior anterior	la	anatomie-la	uberon	0		1.5
fissura transversa cerebri	la	anatomie-la	uberon	0		1.5
flexura coli heaptica	la	anatomie-la	uberon	0		1.5
flexura coli splenica	la	anatomie-la	uberon	0		1.5
folliculi ovarici primarii	la	anatomie-la	uberon	0		1.5
folliculi ovarici vesiculosi	la	anatomie-la	uberon	0		1.5
folliculus ovaricus primarius	la	anatomie-la	uberon	0		1.5
foramen caecum linguae	la	anatomie-la	uberon	0		1.5
foramina ethmoidalia anterius	la	anatomie-la	uberon	0		1.5
foramina ethmoidalia posterius	la	anatomie-la	uberon	0		1.5
forelli campus I	la	anatomie-la	uberon	0		1.5
formatio reticularis mesencephali	la	anatomie-la	uberon	0		1.5
formatio reticularis myelencephali	la	anatomie-la	uberon	0		1.5
formatio reticularis pontis	la	anatomie-la	uberon	0		1.5
formatio reticularis tegmentalis	la	anatomie-la	uberon	0		1.5
fornix, crus anterius	la	anatomie-la	uberon	0		1.5
fornix, crus posterius	la	anatomie-la	uberon	0		1.5
fossa cranii anterior	la	anatomie-la	uberon	0		1.5
fossa cranii media	la	anatomie-la	uberon	0		1.5
fossa cranii posterior	la	anatomie-la	uberon	0		1.5
fovea capitis femoris	la	anatomie-la	uberon	0		1.5
frenulum labii inferioris	la	anatomie-la	uberon	0		1.5
frenulum labii superioris	la	anatomie-la	uberon	0		1.5
fructose	nl	opentaal-medisch	opentaal	0		1.5
fundus vesicae biliaris	la	anatomie-la	uberon	0		1.5
galactose	nl	opentaal-medisch	opentaal	0		1.5
ganglia trunci sympathici	la	anatomie-la	uberon	0		1.5
ganglion cervicale inferius	la	anatomie-la	uberon	0		1.5
ganglion cervicale medium	la	anatomie-la	uberon	0		1.5
ganglion cervicale superius	la	anatomie-la	uberon	0		1.5
ganglion dorsale tegmenti	la	anatomie-la	uberon	0		1.5
ganglion mesentericum inferius	la	anatomie-la	uberon	0		1.5
ganglion mesentericum superius	la	anatomie-la	uberon	0		1.5
ganglion profundum tegmenti	la	anatomie-la	uberon	0		1.5
ganglion tegmenti ventrale	la	anatomie-la	uberon	0		1.5
ganglion thoracicum splanchnicum	la	anatomie-la	uberon	0		1.5
ganglion trunci sympathetici	la	anatomie-la	uberon	0		1.5
ganglion trunci sympathici	la	anatomie-la	uberon	0		1.5
genu corporis callosi	la	anatomie-la	uberon	0		1.5
genu corpus callosi	la	anatomie-la	uberon	0		1.5
genu nervi facialis	la	anatomie-la	uberon	0		1.5
gingivitis	nl	opentaal-medisch	opentaal	0		1.5
glandula duodenales Brunneri	la	anatomie-la	uberon	0		1.5
glandula nasalis lateralis	la	anatomie-la	uberon	0		1.5
glandula sudorifera apocrina	la	anatomie-la	uberon	0		1.5
glandula sudorifera eccrina	la	anatomie-la	uberon	0		1.5
glandula sudorifera merocrina	la	anatomie-la	uberon	0		1.5
glandula suprarenalis dexter	la	anatomie-la	uberon	0		1.5
glandula suprarenalis sinister	la	anatomie-la	uberon	0		1.5
glandula vestibulares minor	la	anatomie-la	uberon	0		1.5
glandulae lacrimales accessoriae	la	anatomie-la	uberon	0		1.5
glandulae vestibulares minores	la	anatomie-la	uberon	0		1.5
globus pallidus (rat)	la	anatomie-la	uberon	0		1.5
globus pallidus interna	la	anatomie-la	uberon	0		1.5
globus pallidus internus	la	anatomie-la	uberon	0		1.5
globus pallidus medialis	la	anatomie-la	uberon	0		1.5
glucose	nl	opentaal-medisch	opentaal	0		1.5
gout	en	pathologie	gecureerd,telnyx	0		1.5
griseum centrale mesencephali	la	anatomie-la	uberon	0		1.5
griseum centrale pontis	la	anatomie-la	uberon	0		1.5
griseum periventriculare hypothalami	la	anatomie-la	uberon	0		1.5
griseum periventriculare mesencephali	la	anatomie-la	uberon	0		1.5
gyri temporales transversi	la	anatomie-la	uberon	0		1.5
gyrus centralis anterior	la	anatomie-la	uberon	0		1.5
gyrus centralis posterior	la	anatomie-la	uberon	0		1.5
gyrus cinguli anterior	la	anatomie-la	uberon	0		1.5
gyrus cinguli posterior	la	anatomie-la	uberon	0		1.5
gyrus diagonalis rhinencephli	la	anatomie-la	uberon	0		1.5
gyrus frontalis inferior	la	anatomie-la	uberon	0		1.5
gyrus frontalis medialis	la	anatomie-la	uberon	0		1.5
gyrus frontalis medius	la	anatomie-la	uberon	0		1.5
gyrus frontalis primus	la	anatomie-la	uberon	0		1.5
gyrus frontalis secundus	la	anatomie-la	uberon	0		1.5
gyrus frontalis superior	la	anatomie-la	uberon	0		1.5
gyrus frontalis tertius	la	anatomie-la	uberon	0		1.5
gyrus limbicus anterior	la	anatomie-la	uberon	0		1.5
gyrus limbicus posterior	la	anatomie-la	uberon	0		1.5
gyrus medius olfactorius	la	anatomie-la	uberon	0		1.5
gyrus occipitalis inferior	la	anatomie-la	uberon	0		1.5
gyrus occipitalis lateralis	la	anatomie-la	uberon	0		1.5
gyrus occipitalis medius	la	anatomie-la	uberon	0		1.5
gyrus occipitalis superior	la	anatomie-la	uberon	0		1.5
gyrus occipitalis tertius	la	anatomie-la	uberon	0		1.5
gyrus occipito-temporalis lateralis	la	anatomie-la	uberon	0		1.5
gyrus occipitotemporalis lateralis	la	anatomie-la	uberon	0		1.5
gyrus occipitotemporalis medialis	la	anatomie-la	uberon	0		1.5
gyrus olfactorius lateralis	la	anatomie-la	uberon	0		1.5
gyrus olfactorius medialis	la	anatomie-la	uberon	0		1.5
gyrus orbitalis lateralis	la	anatomie-la	uberon	0		1.5
gyrus orbitalis medialis	la	anatomie-la	uberon	0		1.5
gyrus orbitalis medius	la	anatomie-la	uberon	0		1.5
gyrus parietalis inferior	la	anatomie-la	uberon	0		1.5
gyrus parietalis superior	la	anatomie-la	uberon	0		1.5
gyrus retrosplenialis hippocampi	la	anatomie-la	uberon	0		1.5
gyrus temporalis inferior	la	anatomie-la	uberon	0		1.5
gyrus temporalis superior	la	anatomie-la	uberon	0		1.5
hemarthrosis	en	descriptoren-bevindingen	gecureerd	0		1.5
hepatomegaly	en	descriptoren-bevindingen	gecureerd	0		1.5
hilum nodi lymphoidei	la	anatomie-la	uberon	0		1.5
hilum nuclei dentati	la	anatomie-la	uberon	0		1.5
hilus gyri dentati	la	anatomie-la	uberon	0		1.5
hydronephrosis	en	descriptoren-bevindingen	gecureerd,telnyx	0		1.5
hyperdense	en	descriptoren-bevindingen	gecureerd	0		1.5
hyperechoic	en	descriptoren-bevindingen	gecureerd	0		1.5
hypodense	en	descriptoren-bevindingen	gecureerd	0		1.5
hypoechoic	en	descriptoren-bevindingen	gecureerd	0		1.5
hypointense	en	descriptoren-bevindingen	gecureerd	0		1.5
incisura ischiadica major	la	anatomie-la	uberon	0		1.5
incisura ischiadica minor	la	anatomie-la	uberon	0		1.5
incisura semilunaris ulnae	la	anatomie-la	uberon	0		1.5
incisura trochlearis ulnae	la	anatomie-la	uberon	0		1.5
infundibulum tubae uterinae	la	anatomie-la	uberon	0		1.5
infundibulum vesicae biliaris	la	anatomie-la	uberon	0		1.5
interatrial ostium intermedium	la	anatomie-la	uberon	0		1.5
interventricular ostium intermedium	la	anatomie-la	uberon	0		1.5
isthmus glandulae thyroideae	la	anatomie-la	uberon	0		1.5
isthmus gyri cingulatus	la	anatomie-la	uberon	0		1.5
isthmus gyri cinguli	la	anatomie-la	uberon	0		1.5
isthmus tubae uterinae	la	anatomie-la	uberon	0		1.5
keratitis	nl	opentaal-medisch	opentaal	0		1.5
kopf des Schenkelbeins	la	anatomie-la	uberon	0		1.5
Köhler	nl	tekens-eponiemen	gecureerd	0		1.5
l. palpebrale mediale	la	anatomie-la	uberon	0		1.5
labium inferius oris	la	anatomie-la	uberon	0		1.5
labium majus pudendi	la	anatomie-la	uberon	0		1.5
labium minus pudendi	la	anatomie-la	uberon	0		1.5
labium superius oris	la	anatomie-la	uberon	0		1.5
lactose	nl	opentaal-medisch	opentaal	0		1.5
lamella medullaris externa	la	anatomie-la	uberon	0		1.5
lamella pallidi externa	la	anatomie-la	uberon	0		1.5
lamella pallidi incompleta	la	anatomie-la	uberon	0		1.5
lamella pallidi interna	la	anatomie-la	uberon	0		1.5
lamina arcus vertebrae	la	anatomie-la	uberon	0		1.5
lamina choroideae basalis	la	anatomie-la	uberon	0		1.5
lamina choroideae vasculosa	la	anatomie-la	uberon	0		1.5
lamina cribrosa sclerae	la	anatomie-la	uberon	0		1.5
lamina fusca sclerae	la	anatomie-la	uberon	0		1.5
lamina medullaris accessoria	la	anatomie-la	uberon	0		1.5
lamina medullaris externa	la	anatomie-la	uberon	0		1.5
lamina medullaris interna	la	anatomie-la	uberon	0		1.5
lamina medullaris lateralis	la	anatomie-la	uberon	0		1.5
lamina medullaris medialis	la	anatomie-la	uberon	0		1.5
lamina modioli cochleae	la	anatomie-la	uberon	0		1.5
lamina pallidi externa	la	anatomie-la	uberon	0		1.5
lamina pallidi incompleta	la	anatomie-la	uberon	0		1.5
lamina pallidi interna	la	anatomie-la	uberon	0		1.5
lamina parietalis pericardii	la	anatomie-la	uberon	0		1.5
lamina pyramidalis externa	la	anatomie-la	uberon	0		1.5
lamina pyramidalis interna	la	anatomie-la	uberon	0		1.5
lamina septi pellucidi	la	anatomie-la	uberon	0		1.5
lamina spinale III	la	anatomie-la	uberon	0		1.5
lamina spinale IV	la	anatomie-la	uberon	0		1.5
lamina spinalis i	la	anatomie-la	uberon	0		1.5
lamina spinalis II	la	anatomie-la	uberon	0		1.5
lamina spinalis III	la	anatomie-la	uberon	0		1.5
lamina spinalis IV	la	anatomie-la	uberon	0		1.5
lamina spinalis V	la	anatomie-la	uberon	0		1.5
lamina spinalis VI	la	anatomie-la	uberon	0		1.5
lamina spinalis VII	la	anatomie-la	uberon	0		1.5
lamina spinalis X	la	anatomie-la	uberon	0		1.5
laryngitis	nl	opentaal-medisch	opentaal	0		1.5
lemniscus medialis (mesencephali)	la	anatomie-la	uberon	0		1.5
lemniscus medialis (myelencephali)	la	anatomie-la	uberon	0		1.5
lemniscus medialis (pontis)	la	anatomie-la	uberon	0		1.5
levulose	nl	opentaal-medisch	opentaal	0		1.5
ligamentum anulare stapedis	la	anatomie-la	uberon	0		1.5
ligamentum coronarium hepatis	la	anatomie-la	uberon	0		1.5
ligamentum cruciforme atlantis	la	anatomie-la	uberon	0		1.5
ligamentum falciforme hepatis	la	anatomie-la	uberon	0		1.5
ligamentum latum uteri	la	anatomie-la	uberon	0		1.5
ligamentum ovarii proprium	la	anatomie-la	uberon	0		1.5
ligamentum teres hepatis	la	anatomie-la	uberon	0		1.5
ligamentum teres uteri	la	anatomie-la	uberon	0		1.5
ligamentum umbilicale mediale	la	anatomie-la	uberon	0		1.5
ligamentum umbilicale medianum	la	anatomie-la	uberon	0		1.5
lobuli corticales renis	la	anatomie-la	uberon	0		1.5
lobuli glandulae thyroideae	la	anatomie-la	uberon	0		1.5
lobuli semilunares cerebelli	la	anatomie-la	uberon	0		1.5
lobulus ansiformis cerebelli	la	anatomie-la	uberon	0		1.5
lobulus paramedianus [hVIIb]	la	anatomie-la	uberon	0		1.5
lobulus parietalis inferior	la	anatomie-la	uberon	0		1.5
lobulus parietalis superior	la	anatomie-la	uberon	0		1.5
lobulus posterior inferior	la	anatomie-la	uberon	0		1.5
lobulus posterior superior	la	anatomie-la	uberon	0		1.5
lobulus pulmonis secondarius	la	anatomie-la	uberon	0		1.5
lobulus semilunaris caudalis	la	anatomie-la	uberon	0		1.5
lobulus semilunaris cranialis	la	anatomie-la	uberon	0		1.5
lobulus semilunaris inferior	la	anatomie-la	uberon	0		1.5
lobulus semilunaris rostralis	la	anatomie-la	uberon	0		1.5
lobulus semilunaris superior	la	anatomie-la	uberon	0		1.5
lobus anterior hypophysis	la	anatomie-la	uberon	0		1.5
lobus caudatus hepatis	la	anatomie-la	uberon	0		1.5
lobus glandulae mammariae	la	anatomie-la	uberon	0		1.5
lobus glandulae thyroideae	la	anatomie-la	uberon	0		1.5
lobus hepaticus dexter	la	anatomie-la	uberon	0		1.5
lobus hepaticus sinister	la	anatomie-la	uberon	0		1.5
lobus hepatis dexter	la	anatomie-la	uberon	0		1.5
lobus hepatis sinister	la	anatomie-la	uberon	0		1.5
lobus medius prostatae	la	anatomie-la	uberon	0		1.5
lobus nervosus (Neurohypophysis)	la	anatomie-la	uberon	0		1.5
lobus nervosus neurohypophysis	la	anatomie-la	uberon	0		1.5
lobus posterior hypophysis	la	anatomie-la	uberon	0		1.5
lobus quadratus hepatis	la	anatomie-la	uberon	0		1.5
lobus superior pulmonis	la	anatomie-la	uberon	0		1.5
m. erector spinae	la	anatomie-la	uberon	0		1.5
m. psoas major	la	anatomie-la	uberon	0		1.5
m. psoas minor	la	anatomie-la	uberon	0		1.5
m. pterygoideus externus	la	anatomie-la	uberon	0		1.5
m. pterygoideus lateralis	la	anatomie-la	uberon	0		1.5
m. sphincter pupillae	la	anatomie-la	uberon	0		1.5
maltose	nl	opentaal-medisch	opentaal	0		1.5
manual digitus minimus	la	anatomie-la	uberon	0		1.5
manual digitus V	la	anatomie-la	uberon	0		1.5
margo lateralis scapulae	la	anatomie-la	uberon	0		1.5
margo medialis scapulae	la	anatomie-la	uberon	0		1.5
massa cellularis externa	la	anatomie-la	uberon	0		1.5
Mayo	nl	classificaties-scores	gecureerd	0		1.5
meatus nasi superior	la	anatomie-la	uberon	0		1.5
medulla glandulae suprarenalis	la	anatomie-la	uberon	0		1.5
medulla nodi lymphoidei	la	anatomie-la	uberon	0		1.5
medulla ossium flava	la	anatomie-la	uberon	0		1.5
medulla ossium rubra	la	anatomie-la	uberon	0		1.5
membrana fibroelastica laryngis	la	anatomie-la	uberon	0		1.5
mesenterium dorsale commune	la	anatomie-la	uberon	0		1.5
mesoderma laminae lateralis	la	anatomie-la	uberon	0		1.5
Mink	nl	classificaties-scores	gecureerd	0		1.5
Mitchell	nl	classificaties-scores	gecureerd	0		1.5
modiolus anguli oris	la	anatomie-la	uberon	0		1.5
musculi intercostales externi	la	anatomie-la	uberon	0		1.5
musculi interossei palmares	la	anatomie-la	uberon	0		1.5
musculi interosseus plantaris	la	anatomie-la	uberon	0		1.5
musculi levatores costarum	la	anatomie-la	uberon	0		1.5
musculi lumbricales manus	la	anatomie-la	uberon	0		1.5
musculi pectinati atrii	la	anatomie-la	uberon	0		1.5
musculus adductor pollicis	la	anatomie-la	uberon	0		1.5
musculus cremaster <male>	la	anatomie-la	uberon	0		1.5
musculus cricoarytenoideus lateralis	la	anatomie-la	uberon	0		1.5
musculus cricoarytenoideus posterior	la	anatomie-la	uberon	0		1.5
musculus depressor supercilii	la	anatomie-la	uberon	0		1.5
musculus detrusor vesicae	la	anatomie-la	uberon	0		1.5
musculus dilatator pupillae	la	anatomie-la	uberon	0		1.5
musculus gemellus inferior	la	anatomie-la	uberon	0		1.5
musculus gemellus superior	la	anatomie-la	uberon	0		1.5
musculus helicis major	la	anatomie-la	uberon	0		1.5
musculus helicis minor	la	anatomie-la	uberon	0		1.5
musculus intercostalis intimus	la	anatomie-la	uberon	0		1.5
musculus levator ani	la	anatomie-la	uberon	0		1.5
musculus levator claviculae	la	anatomie-la	uberon	0		1.5
musculus levator prostatae	la	anatomie-la	uberon	0		1.5
musculus longissimus dorsi	la	anatomie-la	uberon	0		1.5
musculus longissimus thoracis	la	anatomie-la	uberon	0		1.5
musculus obliquus auriculae	la	anatomie-la	uberon	0		1.5
musculus orbicularis oculi	la	anatomie-la	uberon	0		1.5
musculus orbicularis oris	la	anatomie-la	uberon	0		1.5
musculus palmaris brevis	la	anatomie-la	uberon	0		1.5
musculus peroneus tertius	la	anatomie-la	uberon	0		1.5
musculus procerus glabellae	la	anatomie-la	uberon	0		1.5
musculus pterygoideus externus	la	anatomie-la	uberon	0		1.5
musculus pterygoideus internus	la	anatomie-la	uberon	0		1.5
musculus scalenus anterior	la	anatomie-la	uberon	0		1.5
musculus scalenus medius	la	anatomie-la	uberon	0		1.5
musculus scalenus posterior	la	anatomie-la	uberon	0		1.5
musculus semispinalis cervicis	la	anatomie-la	uberon	0		1.5
musculus semispinalis dorsi	la	anatomie-la	uberon	0		1.5
musculus semispinalis thoracis	la	anatomie-la	uberon	0		1.5
musculus sphincter supracollicularis	la	anatomie-la	uberon	0		1.5
musculus splenius cervicis	la	anatomie-la	uberon	0		1.5
musculus suspensorius duodeni	la	anatomie-la	uberon	0		1.5
musculus tarsalis superior	la	anatomie-la	uberon	0		1.5
musculus tensor tympani	la	anatomie-la	uberon	0		1.5
musculus transversus auriculae	la	anatomie-la	uberon	0		1.5
musculus transversus linguae	la	anatomie-la	uberon	0		1.5
musculus transversus menti	la	anatomie-la	uberon	0		1.5
musculus triceps surae	la	anatomie-la	uberon	0		1.5
musculus verticalis linguae	la	anatomie-la	uberon	0		1.5
musculus zygomaticus major	la	anatomie-la	uberon	0		1.5
myofibra conducens cardiacus	la	anatomie-la	uberon	0		1.5
myositis	nl	opentaal-medisch	opentaal	0		1.5
n. fibularis communis	la	anatomie-la	uberon	0		1.5
n. nervi facialis	la	anatomie-la	uberon	0		1.5
n. peroneus communis	la	anatomie-la	uberon	0		1.5
n. septi medialis	la	anatomie-la	uberon	0		1.5
narcose	nl	opentaal-medisch	opentaal	0		1.5
necrose	nl	opentaal-medisch	opentaal	0		1.5
nervi ciliares breves	la	anatomie-la	uberon	0		1.5
nervi ciliares brevis	la	anatomie-la	uberon	0		1.5
nervi ciliares longi	la	anatomie-la	uberon	0		1.5
nervi pelvici splanchnici	la	anatomie-la	uberon	0		1.5
nervus abducens [VI]	la	anatomie-la	uberon	0		1.5
nervus accessorius [XI]	la	anatomie-la	uberon	0		1.5
nervus auricularis magnus	la	anatomie-la	uberon	0		1.5
nervus dorsalis penis	la	anatomie-la	uberon	0		1.5
nervus facialis (genu)	la	anatomie-la	uberon	0		1.5
nervus facialis [vii]	la	anatomie-la	uberon	0		1.5
nervus glossopharyngeus [ix]	la	anatomie-la	uberon	0		1.5
nervus hypoglossus [xii]	la	anatomie-la	uberon	0		1.5
nervus laryngeus superior	la	anatomie-la	uberon	0		1.5
nervus mandibularis [v3]	la	anatomie-la	uberon	0		1.5
nervus mandibularis [vc]	la	anatomie-la	uberon	0		1.5
nervus maxillaris [v2]	la	anatomie-la	uberon	0		1.5
nervus maxillaris [vb]	la	anatomie-la	uberon	0		1.5
nervus oculomotorius [III]	la	anatomie-la	uberon	0		1.5
nervus olfactorius [i]	la	anatomie-la	uberon	0		1.5
nervus ophthalmicus [v1]	la	anatomie-la	uberon	0		1.5
nervus ophthalmicus [va]	la	anatomie-la	uberon	0		1.5
nervus opticus [II]	la	anatomie-la	uberon	0		1.5
nervus plantaris lateralis	la	anatomie-la	uberon	0		1.5
nervus plantaris medialis	la	anatomie-la	uberon	0		1.5
nervus splanchnicus imus	la	anatomie-la	uberon	0		1.5
nervus trigeminus [v]	la	anatomie-la	uberon	0		1.5
nervus trochlearis [IV]	la	anatomie-la	uberon	0		1.5
nervus vagus [x]	la	anatomie-la	uberon	0		1.5
nervus vestibulocochlearis [viii]	la	anatomie-la	uberon	0		1.5
nodi lymphoidei axillares	la	anatomie-la	uberon	0		1.5
nodi lymphoidei brachiales	la	anatomie-la	uberon	0		1.5
nodi lymphoidei cervicales	la	anatomie-la	uberon	0		1.5
nodi lymphoidei gastrici	la	anatomie-la	uberon	0		1.5
nodi lymphoidei hepatici	la	anatomie-la	uberon	0		1.5
nodi lymphoidei ileocolici	la	anatomie-la	uberon	0		1.5
nodi lymphoidei mesenterici	la	anatomie-la	uberon	0		1.5
noduli iliaci superficiales	la	anatomie-la	uberon	0		1.5
noduli lymphoidei aggregati	la	anatomie-la	uberon	0		1.5
noduli lymphoidei splenici	la	anatomie-la	uberon	0		1.5
nodus lymphoideus buccinatorius	la	anatomie-la	uberon	0		1.5
nodus lymphoideus fibularis	la	anatomie-la	uberon	0		1.5
nodus lymphoideus foraminalis	la	anatomie-la	uberon	0		1.5
nodus lymphoideus jugulodigastricus	la	anatomie-la	uberon	0		1.5
nodus lymphoideus malaris	la	anatomie-la	uberon	0		1.5
nodus lymphoideus mandibularis	la	anatomie-la	uberon	0		1.5
nodus lymphoideus nasolabialis	la	anatomie-la	uberon	0		1.5
nodus lymphoideus suprapyloricus	la	anatomie-la	uberon	0		1.5
nuclei brachii pontis	la	anatomie-la	uberon	0		1.5
nuclei centrales myelencephali	la	anatomie-la	uberon	0		1.5
nuclei intralaminares thalami	la	anatomie-la	uberon	0		1.5
nuclei laterales myelencephali	la	anatomie-la	uberon	0		1.5
nuclei lemnisci lateralis	la	anatomie-la	uberon	0		1.5
nuclei mediales (thalami)	la	anatomie-la	uberon	0		1.5
nuclei mediani thalami	la	anatomie-la	uberon	0		1.5
nuclei paramedianes myelencephali	la	anatomie-la	uberon	0		1.5
nuclei parataeniales thalami	la	anatomie-la	uberon	0		1.5
nuclei paraventriculares thalami	la	anatomie-la	uberon	0		1.5
nuclei paraventricularis hypothalami	la	anatomie-la	uberon	0		1.5
nuclei raphe (myelencephali)	la	anatomie-la	uberon	0		1.5
nuclei reticulares (thalami)	la	anatomie-la	uberon	0		1.5
nuclei tractus solitarii	la	anatomie-la	uberon	0		1.5
nuclei ventrales posteriores	la	anatomie-la	uberon	0		1.5
nucleus acustici accessorici	la	anatomie-la	uberon	0		1.5
nucleus alaris (Oertel)	la	anatomie-la	uberon	0		1.5
nucleus amygdalae basalis	la	anatomie-la	uberon	0		1.5
nucleus amygdalae intercalatus	la	anatomie-la	uberon	0		1.5
nucleus amygdaloideus basalis	la	anatomie-la	uberon	0		1.5
nucleus amygdaloideus basolateralis	la	anatomie-la	uberon	0		1.5
nucleus amygdaloideus basomedialis	la	anatomie-la	uberon	0		1.5
nucleus amygdaloideus centralis	la	anatomie-la	uberon	0		1.5
nucleus amygdaloideus lateralis	la	anatomie-la	uberon	0		1.5
nucleus amygdaloideus medialis	la	anatomie-la	uberon	0		1.5
nucleus anterior hypothalami	la	anatomie-la	uberon	0		1.5
nucleus anterior thalami	la	anatomie-la	uberon	0		1.5
nucleus anterodorsalis thalami	la	anatomie-la	uberon	0		1.5
nucleus arcuatus (hypothalamus)	la	anatomie-la	uberon	0		1.5
nucleus arcuatus hypothalami	la	anatomie-la	uberon	0		1.5
nucleus arcuatus myelencephali	la	anatomie-la	uberon	0		1.5
nucleus arcuatus pyramidalis	la	anatomie-la	uberon	0		1.5
nucleus area pretectalis	la	anatomie-la	uberon	0		1.5
nucleus basalis (Meynert)	la	anatomie-la	uberon	0		1.5
nucleus basalis amygdalae	la	anatomie-la	uberon	0		1.5
nucleus basalis Meynert	la	anatomie-la	uberon	0		1.5
nucleus basalis telencephali	la	anatomie-la	uberon	0		1.5
nucleus centralis amygdalae	la	anatomie-la	uberon	0		1.5
nucleus centralis inferior	la	anatomie-la	uberon	0		1.5
nucleus centralis superior	la	anatomie-la	uberon	0		1.5
nucleus centromedianus thalami	la	anatomie-la	uberon	0		1.5
nucleus cochlearis anterior	la	anatomie-la	uberon	0		1.5
nucleus cochlearis anteroventralis	la	anatomie-la	uberon	0		1.5
nucleus cochlearis dorsalis	la	anatomie-la	uberon	0		1.5
nucleus cochlearis posterior	la	anatomie-la	uberon	0		1.5
nucleus cochlearis posteroventralis	la	anatomie-la	uberon	0		1.5
nucleus cochlearis ventralis	la	anatomie-la	uberon	0		1.5
nucleus commissura interanterodorsalis	la	anatomie-la	uberon	0		1.5
nucleus commissura posterior	la	anatomie-la	uberon	0		1.5
nucleus commissurae anterior	la	anatomie-la	uberon	0		1.5
nucleus commissurae anterioris	la	anatomie-la	uberon	0		1.5
nucleus commissuralis posterioris	la	anatomie-la	uberon	0		1.5
nucleus compactus suprafascicularis	la	anatomie-la	uberon	0		1.5
nucleus corporis trapezoidei	la	anatomie-la	uberon	0		1.5
nucleus corticalis amygdalae	la	anatomie-la	uberon	0		1.5
nucleus cuneatis externus	la	anatomie-la	uberon	0		1.5
nucleus cuneatus accessorius	la	anatomie-la	uberon	0		1.5
nucleus cuneatus lateralis	la	anatomie-la	uberon	0		1.5
nucleus cuneatus medialis	la	anatomie-la	uberon	0		1.5
nucleus dentatus cerebelli	la	anatomie-la	uberon	0		1.5
nucleus dorsalis raphes	la	anatomie-la	uberon	0		1.5
nucleus dorsalis septi	la	anatomie-la	uberon	0		1.5
nucleus dorsalis tegmenti	la	anatomie-la	uberon	0		1.5
nucleus dorsomedialis hypothalami	la	anatomie-la	uberon	0		1.5
nucleus Edinger Westphal	la	anatomie-la	uberon	0		1.5
nucleus emboliformis cerebelli	la	anatomie-la	uberon	0		1.5
nucleus eminentiae teretis	la	anatomie-la	uberon	0		1.5
nucleus endymalis (Hassler)	la	anatomie-la	uberon	0		1.5
nucleus fastigii cerebelli	la	anatomie-la	uberon	0		1.5
nucleus fastigius cerebelli	la	anatomie-la	uberon	0		1.5
nucleus geniculatus medialis	la	anatomie-la	uberon	0		1.5
nucleus geniculatus pretectalis	la	anatomie-la	uberon	0		1.5
nucleus globosus cerebelli	la	anatomie-la	uberon	0		1.5
nucleus hypothalami filiformis	la	anatomie-la	uberon	0		1.5
nucleus hypothalami paraventricularis	la	anatomie-la	uberon	0		1.5
nucleus hypothalamicus anterior	la	anatomie-la	uberon	0		1.5
nucleus hypothalamicus dorsalis	la	anatomie-la	uberon	0		1.5
nucleus hypothalamicus dorsomedialis	la	anatomie-la	uberon	0		1.5
nucleus hypothalamicus lateralis	la	anatomie-la	uberon	0		1.5
nucleus hypothalamicus posterior	la	anatomie-la	uberon	0		1.5
nucleus hypothalamicus ventromedialis	la	anatomie-la	uberon	0		1.5
nucleus infundibularis hypothalami	la	anatomie-la	uberon	0		1.5
nucleus intercalatus (Olszewski)	la	anatomie-la	uberon	0		1.5
nucleus intercalatus (Staderini)	la	anatomie-la	uberon	0		1.5
nucleus intercalatus amygdalae	la	anatomie-la	uberon	0		1.5
nucleus interpeduncularis medialis	la	anatomie-la	uberon	0		1.5
nucleus interpositus anterior	la	anatomie-la	uberon	0		1.5
nucleus interpositus posterior	la	anatomie-la	uberon	0		1.5
nucleus interstitialis Cajal	la	anatomie-la	uberon	0		1.5
nucleus interstitialis rostralis	la	anatomie-la	uberon	0		1.5
nucleus lateralis amygdalae	la	anatomie-la	uberon	0		1.5
nucleus lateralis cerebelli	la	anatomie-la	uberon	0		1.5
nucleus lateralis septi	la	anatomie-la	uberon	0		1.5
nucleus lentiformis mesencephali	la	anatomie-la	uberon	0		1.5
nucleus lentiformis thalami	la	anatomie-la	uberon	0		1.5
nucleus loci caerulei	la	anatomie-la	uberon	0		1.5
nucleus mammillaris lateralis	la	anatomie-la	uberon	0		1.5
nucleus mammillaris medialis	la	anatomie-la	uberon	0		1.5
nucleus medialis amygdalae	la	anatomie-la	uberon	0		1.5
nucleus medialis septi	la	anatomie-la	uberon	0		1.5
nucleus mediodorsalis thalami	la	anatomie-la	uberon	0		1.5
nucleus motorius trigeminalis	la	anatomie-la	uberon	0		1.5
nucleus nervi abducentis	la	anatomie-la	uberon	0		1.5
nucleus nervi accessorii	la	anatomie-la	uberon	0		1.5
nucleus nervi cranialis	la	anatomie-la	uberon	0		1.5
nucleus nervi facialis	la	anatomie-la	uberon	0		1.5
nucleus nervi hypoglossi	la	anatomie-la	uberon	0		1.5
nucleus nervi oculomotorii	la	anatomie-la	uberon	0		1.5
nucleus nervi phrenici	la	anatomie-la	uberon	0		1.5
nucleus nervi trochlearis	la	anatomie-la	uberon	0		1.5
nucleus olfactorius anterior	la	anatomie-la	uberon	0		1.5
nucleus olivaris caudalis	la	anatomie-la	uberon	0		1.5
nucleus olivaris inferior	la	anatomie-la	uberon	0		1.5
nucleus olivaris mesencephali	la	anatomie-la	uberon	0		1.5
nucleus olivaris principalis	la	anatomie-la	uberon	0		1.5
nucleus olivaris superior	la	anatomie-la	uberon	0		1.5
nucleus opticus dorsalis	la	anatomie-la	uberon	0		1.5
nucleus parabrachialis lateralis	la	anatomie-la	uberon	0		1.5
nucleus parabrachialis medialis	la	anatomie-la	uberon	0		1.5
nucleus paracentralis thalami	la	anatomie-la	uberon	0		1.5
nucleus paragigantocellularis dorsalis	la	anatomie-la	uberon	0		1.5
nucleus paragigantocellularis lateralis	la	anatomie-la	uberon	0		1.5
nucleus paramedianus (Hassler)	la	anatomie-la	uberon	0		1.5
nucleus paramedianus dorsalis	la	anatomie-la	uberon	0		1.5
nucleus paramedianus posterior	la	anatomie-la	uberon	0		1.5
nucleus parataenialis (Hassler)	la	anatomie-la	uberon	0		1.5
nucleus paratenialis thalami	la	anatomie-la	uberon	0		1.5
nucleus paraventricularis thalami	la	anatomie-la	uberon	0		1.5
nucleus pericuneatus lateralis	la	anatomie-la	uberon	0		1.5
nucleus pericuneatus medialis	la	anatomie-la	uberon	0		1.5
nucleus peripeduncularis thalami	la	anatomie-la	uberon	0		1.5
nucleus periventricularis anteroventralis	la	anatomie-la	uberon	0		1.5
nucleus periventricularis hypothalami	la	anatomie-la	uberon	0		1.5
nucleus periventricularis praeopticus	la	anatomie-la	uberon	0		1.5
nucleus periventricularis preopticus	la	anatomie-la	uberon	0		1.5
nucleus pigmentosus subthalamo-peduncularis	la	anatomie-la	uberon	0		1.5
nucleus praeopticus lateralis	la	anatomie-la	uberon	0		1.5
nucleus praeopticus medialis	la	anatomie-la	uberon	0		1.5
nucleus praeopticus medianus	la	anatomie-la	uberon	0		1.5
nucleus praepositus hypoglossi	la	anatomie-la	uberon	0		1.5
nucleus praetectalis accessorius	la	anatomie-la	uberon	0		1.5
nucleus praetectalis anterior	la	anatomie-la	uberon	0		1.5
nucleus praetectalis centralis	la	anatomie-la	uberon	0		1.5
nucleus praetectalis olivaris	la	anatomie-la	uberon	0		1.5
nucleus pratectalis profundus	la	anatomie-la	uberon	0		1.5
nucleus premamillaris hypothalami	la	anatomie-la	uberon	0		1.5
nucleus preopticus lateralis	la	anatomie-la	uberon	0		1.5
nucleus preopticus medialis	la	anatomie-la	uberon	0		1.5
nucleus preopticus medianus	la	anatomie-la	uberon	0		1.5
nucleus preopticus periventricularis	la	anatomie-la	uberon	0		1.5
nucleus prepositus hypoglossi	la	anatomie-la	uberon	0		1.5
nucleus pretectalis anterior	la	anatomie-la	uberon	0		1.5
nucleus pretectalis principalis	la	anatomie-la	uberon	0		1.5
nucleus proprius dorsalis	la	anatomie-la	uberon	0		1.5
nucleus pulvinaris anterior	la	anatomie-la	uberon	0		1.5
nucleus pulvinaris thalami	la	anatomie-la	uberon	0		1.5
nucleus raphe dorsalis	la	anatomie-la	uberon	0		1.5
nucleus raphe pontis	la	anatomie-la	uberon	0		1.5
nucleus raphe posterior	la	anatomie-la	uberon	0		1.5
nucleus raphes magnus	la	anatomie-la	uberon	0		1.5
nucleus raphes medianus	la	anatomie-la	uberon	0		1.5
nucleus raphes obscurus	la	anatomie-la	uberon	0		1.5
nucleus raphes pallidus	la	anatomie-la	uberon	0		1.5
nucleus raphes pontis	la	anatomie-la	uberon	0		1.5
nucleus raphes posterior	la	anatomie-la	uberon	0		1.5
nucleus reticularis diffusus	la	anatomie-la	uberon	0		1.5
nucleus reticularis parvicellularis	la	anatomie-la	uberon	0		1.5
nucleus reticularis parvocellularis	la	anatomie-la	uberon	0		1.5
nucleus reticularis thalami	la	anatomie-la	uberon	0		1.5
nucleus reticulatus (thalami)	la	anatomie-la	uberon	0		1.5
nucleus retrobulbaris [a8]	la	anatomie-la	uberon	0		1.5
nucleus reuniens thalami	la	anatomie-la	uberon	0		1.5
nucleus rhomboidalis thalami	la	anatomie-la	uberon	0		1.5
nucleus rotundus subthalamo-peduncularis	la	anatomie-la	uberon	0		1.5
nucleus ruber magnocellularis	la	anatomie-la	uberon	0		1.5
nucleus ruber parvocellularis	la	anatomie-la	uberon	0		1.5
nucleus ruber tegmenti	la	anatomie-la	uberon	0		1.5
nucleus ruber, capsula	la	anatomie-la	uberon	0		1.5
nucleus salivarius inferior	la	anatomie-la	uberon	0		1.5
nucleus salivarius superior	la	anatomie-la	uberon	0		1.5
nucleus salivatorius caudalis	la	anatomie-la	uberon	0		1.5
nucleus salivatorius cranialis	la	anatomie-la	uberon	0		1.5
nucleus salivatorius inferior	la	anatomie-la	uberon	0		1.5
nucleus salivatorius rostralis	la	anatomie-la	uberon	0		1.5
nucleus salivatorius superior	la	anatomie-la	uberon	0		1.5
nucleus septalis dorsalis	la	anatomie-la	uberon	0		1.5
nucleus septalis fimbrialis	la	anatomie-la	uberon	0		1.5
nucleus septalis lateralis	la	anatomie-la	uberon	0		1.5
nucleus septalis triangularis	la	anatomie-la	uberon	0		1.5
nucleus septi lateralis	la	anatomie-la	uberon	0		1.5
nucleus striae terminalis	la	anatomie-la	uberon	0		1.5
nucleus submedialis thalami	la	anatomie-la	uberon	0		1.5
nucleus subparafascicularis thalami	la	anatomie-la	uberon	0		1.5
nucleus suprachiasmaticus hypothalami	la	anatomie-la	uberon	0		1.5
nucleus supraopticus diffusus	la	anatomie-la	uberon	0		1.5
nucleus supraopticus hypothalami	la	anatomie-la	uberon	0		1.5
nucleus tangentialis (Riley)	la	anatomie-la	uberon	0		1.5
nucleus tegmentalis posterior	la	anatomie-la	uberon	0		1.5
nucleus tegmentalis posterolateralis	la	anatomie-la	uberon	0		1.5
nucleus tegmenti dorsale	la	anatomie-la	uberon	0		1.5
nucleus tegmenti pedunculopontinus	la	anatomie-la	uberon	0		1.5
nucleus tegmenti ventralis	la	anatomie-la	uberon	0		1.5
nucleus thalami posterior	la	anatomie-la	uberon	0		1.5
nucleus thalamicus anterior	la	anatomie-la	uberon	0		1.5
nucleus thalamicus mediodorsalis	la	anatomie-la	uberon	0		1.5
nucleus thalamicus reticularis	la	anatomie-la	uberon	0		1.5
nucleus thoracicus dorsalis	la	anatomie-la	uberon	0		1.5
nucleus thoracicus posterior	la	anatomie-la	uberon	0		1.5
nucleus tracti solitarii	la	anatomie-la	uberon	0		1.5
nucleus tractus optici	la	anatomie-la	uberon	0		1.5
nucleus tractus solitarii	la	anatomie-la	uberon	0		1.5
nucleus triangularis septi	la	anatomie-la	uberon	0		1.5
nucleus tuberis hypothalami	la	anatomie-la	uberon	0		1.5
nucleus tuberis lateralis	la	anatomie-la	uberon	0		1.5
nucleus tuberomamillaris hypothalami	la	anatomie-la	uberon	0		1.5
nucleus vagalis dorsalis	la	anatomie-la	uberon	0		1.5
nucleus ventralis tegmenti	la	anatomie-la	uberon	0		1.5
nucleus vestibularis inferior	la	anatomie-la	uberon	0		1.5
nucleus vestibularis lateralis	la	anatomie-la	uberon	0		1.5
nucleus vestibularis medialis	la	anatomie-la	uberon	0		1.5
nucleus vestibularis superior	la	anatomie-la	uberon	0		1.5
nucleus visceralis anteromedialis	la	anatomie-la	uberon	0		1.5
obliquus internus abdominis	la	anatomie-la	uberon	0		1.5
ora serrata retinae	la	anatomie-la	uberon	0		1.5
orificium urethrae externum	la	anatomie-la	uberon	0		1.5
orificium urethrae internum	la	anatomie-la	uberon	0		1.5
orificium urethræ externum	la	anatomie-la	uberon	0		1.5
os cuneiform primum	la	anatomie-la	uberon	0		1.5
os cuneiforme intermediolaterale	la	anatomie-la	uberon	0		1.5
os cuneiforme mediointermedium	la	anatomie-la	uberon	0		1.5
os cuneiforme secundum	la	anatomie-la	uberon	0		1.5
os cuneiforme tertium	la	anatomie-la	uberon	0		1.5
os tarsale I	la	anatomie-la	uberon	0		1.5
os tarsale II	la	anatomie-la	uberon	0		1.5
os tarsale III	la	anatomie-la	uberon	0		1.5
os tarsale IV	la	anatomie-la	uberon	0		1.5
os tarsi centrale	la	anatomie-la	uberon	0		1.5
ossa membri inferioris	la	anatomie-la	uberon	0		1.5
ossa membri superioris	la	anatomie-la	uberon	0		1.5
ossa metacarpalia [I-V]	la	anatomie-la	uberon	0		1.5
ossa metacarpi [I-V]	la	anatomie-la	uberon	0		1.5
ossa metatarsalia [I-V]	la	anatomie-la	uberon	0		1.5
osteonecrosis	en	descriptoren-bevindingen	gecureerd	0		1.5
osteophytes	en	descriptoren-bevindingen	gecureerd	0		1.5
ostium orificium internum	la	anatomie-la	uberon	0		1.5
ostium urethrae internum	la	anatomie-la	uberon	0		1.5
p. articularis vertebrae	la	anatomie-la	uberon	0		1.5
p. pigmentosa retinae	la	anatomie-la	uberon	0		1.5
panniculus adiposus abdominis	la	anatomie-la	uberon	0		1.5
papilla duodeni major	la	anatomie-la	uberon	0		1.5
pars abdominalis aortae	la	anatomie-la	uberon	0		1.5
pars abdominalis oesophageae	la	anatomie-la	uberon	0		1.5
pars alveolaris mandibulae	la	anatomie-la	uberon	0		1.5
pars anterior pontis	la	anatomie-la	uberon	0		1.5
pars ascendens aortae	la	anatomie-la	uberon	0		1.5
pars basalis telencephali	la	anatomie-la	uberon	0		1.5
pars basilaris pontis	la	anatomie-la	uberon	0		1.5
pars cardiaca gastricae	la	anatomie-la	uberon	0		1.5
pars cervicalis oesophageae	la	anatomie-la	uberon	0		1.5
pars colli oesophageae	la	anatomie-la	uberon	0		1.5
pars costalis diaphragmatis	la	anatomie-la	uberon	0		1.5
pars descendens aortae	la	anatomie-la	uberon	0		1.5
pars distalis (hypophysis)	la	anatomie-la	uberon	0		1.5
pars distalis adenohypophysis	la	anatomie-la	uberon	0		1.5
pars dorsalis pontis	la	anatomie-la	uberon	0		1.5
pars intermedia adenohypophyseos	la	anatomie-la	uberon	0		1.5
pars intermedia adenohypophysis	la	anatomie-la	uberon	0		1.5
pars intermedia urethrae	la	anatomie-la	uberon	0		1.5
pars laryngea pharyngis	la	anatomie-la	uberon	0		1.5
pars magnocellularis (ruber)	la	anatomie-la	uberon	0		1.5
pars nasalis pharyngis	la	anatomie-la	uberon	0		1.5
pars neo-encephalica pedunculi	la	anatomie-la	uberon	0		1.5
pars nervosa (hypophysis)	la	anatomie-la	uberon	0		1.5
pars nervosa (neurohypophysis)	la	anatomie-la	uberon	0		1.5
pars nervosa neurohypophysis	la	anatomie-la	uberon	0		1.5
pars oralis pharyngis	la	anatomie-la	uberon	0		1.5
pars parvocellularis (ruber)	la	anatomie-la	uberon	0		1.5
pars posterior hepatis	la	anatomie-la	uberon	0		1.5
pars posterior linguae	la	anatomie-la	uberon	0		1.5
pars posterior pontis	la	anatomie-la	uberon	0		1.5
pars prostatica urethrae	la	anatomie-la	uberon	0		1.5
pars proximalis prostatae	la	anatomie-la	uberon	0		1.5
pars pylorica gastricae	la	anatomie-la	uberon	0		1.5
pars thoracica (oesophagus)	la	anatomie-la	uberon	0		1.5
pars thoracica aortae	la	anatomie-la	uberon	0		1.5
pars thoracica oesophageae	la	anatomie-la	uberon	0		1.5
pars tuberalis (hypophysis)	la	anatomie-la	uberon	0		1.5
pars tuberalis adenohypophyseos	la	anatomie-la	uberon	0		1.5
pars tuberalis adenohypophysis	la	anatomie-la	uberon	0		1.5
pars ventralis pontis	la	anatomie-la	uberon	0		1.5
Pauwels	nl	classificaties-scores	gecureerd	0		1.5
pediculus arcus vertebrae	la	anatomie-la	uberon	0		1.5
pedunculus cerebellaris caudalis	la	anatomie-la	uberon	0		1.5
pedunculus cerebellaris cranialis	la	anatomie-la	uberon	0		1.5
pedunculus cerebellaris inferior	la	anatomie-la	uberon	0		1.5
pedunculus cerebellaris medialis	la	anatomie-la	uberon	0		1.5
pedunculus cerebellaris medius	la	anatomie-la	uberon	0		1.5
pedunculus cerebellaris pontinus	la	anatomie-la	uberon	0		1.5
pedunculus cerebellaris rostralis	la	anatomie-la	uberon	0		1.5
pedunculus cerebellaris superior	la	anatomie-la	uberon	0		1.5
pedunculus corporis mamillaris	la	anatomie-la	uberon	0		1.5
pedunculus corporis mammillaris	la	anatomie-la	uberon	0		1.5
pedunculus inferior thalami	la	anatomie-la	uberon	0		1.5
pedunculus rostralis thalami	la	anatomie-la	uberon	0		1.5
pedunculus thalami caudalis	la	anatomie-la	uberon	0		1.5
pedunculus thalami inferior	la	anatomie-la	uberon	0		1.5
pedunculus thalami superior	la	anatomie-la	uberon	0		1.5
pedunculus thalamicus inferior	la	anatomie-la	uberon	0		1.5
pedunculus ventrocaudalis thalami	la	anatomie-la	uberon	0		1.5
perilymphatic	en	descriptoren-bevindingen	gecureerd	0		1.5
pes hippocampi minor	la	anatomie-la	uberon	0		1.5
pes lemnisci profundus	la	anatomie-la	uberon	0		1.5
pes lemniscus lateralis	la	anatomie-la	uberon	0		1.5
pes lemniscus medialis	la	anatomie-la	uberon	0		1.5
pes lemniscus profond	la	anatomie-la	uberon	0		1.5
phalanx distalis manus	la	anatomie-la	uberon	0		1.5
phalanx distalis pedis	la	anatomie-la	uberon	0		1.5
phalanx media manus	la	anatomie-la	uberon	0		1.5
phalanx media pedis	la	anatomie-la	uberon	0		1.5
phalanx proximalis manus	la	anatomie-la	uberon	0		1.5
phalanx proximalis pedis	la	anatomie-la	uberon	0		1.5
plexus aorticus abdominalis	la	anatomie-la	uberon	0		1.5
plexus aorticus thoracicus	la	anatomie-la	uberon	0		1.5
plexus caroticus internus	la	anatomie-la	uberon	0		1.5
plexus hypogastricus inferior	la	anatomie-la	uberon	0		1.5
plexus hypogastricus superior	la	anatomie-la	uberon	0		1.5
plexus mesentericus inferior	la	anatomie-la	uberon	0		1.5
plexus mesentericus superior	la	anatomie-la	uberon	0		1.5
plexus nervorum spinalium	la	anatomie-la	uberon	0		1.5
plexus nervosus coeliacus	la	anatomie-la	uberon	0		1.5
plexus nervosus entericus	la	anatomie-la	uberon	0		1.5
plexus nervosus pelvicus	la	anatomie-la	uberon	0		1.5
plexus nervosus submucosus	la	anatomie-la	uberon	0		1.5
plexus nervosus visceralis	la	anatomie-la	uberon	0		1.5
plexus venosus pampiniformis	la	anatomie-la	uberon	0		1.5
plexus venosus prostaticus	la	anatomie-la	uberon	0		1.5
plexus venosus rectalis	la	anatomie-la	uberon	0		1.5
plexus venosus uterinus	la	anatomie-la	uberon	0		1.5
plexus venosus vaginalis	la	anatomie-la	uberon	0		1.5
plexus venosus vesicalis	la	anatomie-la	uberon	0		1.5
plica anterior faucium	la	anatomie-la	uberon	0		1.5
plica semilunaris conjunctivae	la	anatomie-la	uberon	0		1.5
plicae palatinae transversae	la	anatomie-la	uberon	0		1.5
plicae transversae recti	la	anatomie-la	uberon	0		1.5
pneumonia	en	pathologie	gecureerd,telnyx	0		1.5
poliomyelitis	nl	opentaal-medisch	opentaal	0		1.5
polus anterior lentis	la	anatomie-la	uberon	0		1.5
polus posterior lentis	la	anatomie-la	uberon	0		1.5
portio supravaginalis cervicis	la	anatomie-la	uberon	0		1.5
portio vaginalis cervicis	la	anatomie-la	uberon	0		1.5
processus alveolaris maxillae	la	anatomie-la	uberon	0		1.5
processus anterior mallei	la	anatomie-la	uberon	0		1.5
processus articularis vertebrae	la	anatomie-la	uberon	0		1.5
processus condylaris mandibulae	la	anatomie-la	uberon	0		1.5
processus coronoideus mandibulae	la	anatomie-la	uberon	0		1.5
processus coronoideus ulnae	la	anatomie-la	uberon	0		1.5
processus frontalis maxillae	la	anatomie-la	uberon	0		1.5
processus lateralis mallei	la	anatomie-la	uberon	0		1.5
processus lenticularis incudis	la	anatomie-la	uberon	0		1.5
processus palatinus maxillae	la	anatomie-la	uberon	0		1.5
processus palatinus medianus	la	anatomie-la	uberon	0		1.5
processus uncinatus pancreatis	la	anatomie-la	uberon	0		1.5
processus zygomaticus maxillae	la	anatomie-la	uberon	0		1.5
prognose	nl	opentaal-medisch	opentaal	0		1.5
projectiones ventrales amygdalae	la	anatomie-la	uberon	0		1.5
prominentia nasalis lateralis	la	anatomie-la	uberon	0		1.5
prominentia nasalis medialis	la	anatomie-la	uberon	0		1.5
psychose	nl	opentaal-medisch	opentaal	0		1.5
pyramis (medullae oblongatae)	la	anatomie-la	uberon	0		1.5
pyramis medullae oblongatae	la	anatomie-la	uberon	0		1.5
rachitis	nl	opentaal-medisch	opentaal	0		1.5
rami helicini uterinae	la	anatomie-la	uberon	0		1.5
ramus sinus carotici	la	anatomie-la	uberon	0		1.5
raphe (mediana pontina)	la	anatomie-la	uberon	0		1.5
raphe medullae oblongatae	la	anatomie-la	uberon	0		1.5
regio hypothalamica intermedia	la	anatomie-la	uberon	0		1.5
regio hypothalamica posterior	la	anatomie-la	uberon	0		1.5
regio olivaris inferior	la	anatomie-la	uberon	0		1.5
regio olivaris superioris	la	anatomie-la	uberon	0		1.5
reticulatum thalami (Hassler)	la	anatomie-la	uberon	0		1.5
reticulum trabeculare sclerae	la	anatomie-la	uberon	0		1.5
rostrum corporis callosi	la	anatomie-la	uberon	0		1.5
rostrum corpus callosi	la	anatomie-la	uberon	0		1.5
Rutherford	nl	classificaties-scores	gecureerd	0		1.5
s. durae matris	la	anatomie-la	uberon	0		1.5
s. grisea centralis	la	anatomie-la	uberon	0		1.5
s. interventriculare cordis	la	anatomie-la	uberon	0		1.5
s. lacrimalis maxillae	la	anatomie-la	uberon	0		1.5
saccus serosus peritonei	la	anatomie-la	uberon	0		1.5
Sanders	nl	classificaties-scores	gecureerd	0		1.5
sarcoidosis	en	pathologie	gecureerd,telnyx	0		1.5
segmentum hepatis I	la	anatomie-la	uberon	0		1.5
septum pellucidum (BNA,PNA)	la	anatomie-la	uberon	0		1.5
sinus venosus cordis	la	anatomie-la	uberon	0		1.5
sinus venosus sclerae	la	anatomie-la	uberon	0		1.5
sphincter ani externus	la	anatomie-la	uberon	0		1.5
sphincter urethrae internus	la	anatomie-la	uberon	0		1.5
spiral cochlear ligament	la	anatomie-la	uberon	0		1.5
splenomegaly	en	descriptoren-bevindingen	gecureerd	0		1.5
steatosis	en	descriptoren-bevindingen	gecureerd,telnyx	0		1.5
stenosis	en	descriptoren-bevindingen	gecureerd,telnyx	0		1.5
stratum album profundum	la	anatomie-la	uberon	0		1.5
stratum corneum epidermidis	la	anatomie-la	uberon	0		1.5
stratum ganglionicum retinae	la	anatomie-la	uberon	0		1.5
stratum griseum centrale	la	anatomie-la	uberon	0		1.5
stratum griseum intermediale	la	anatomie-la	uberon	0		1.5
stratum griseum mediale	la	anatomie-la	uberon	0		1.5
stratum griseum profundum	la	anatomie-la	uberon	0		1.5
stratum griseum superficiale	la	anatomie-la	uberon	0		1.5
stratum lucidum hippocampi	la	anatomie-la	uberon	0		1.5
stratum nervosum retinae	la	anatomie-la	uberon	0		1.5
stratum neurofibrarum retinae	la	anatomie-la	uberon	0		1.5
stratum neurofibrum retinae	la	anatomie-la	uberon	0		1.5
stratum oriens hippocampi	la	anatomie-la	uberon	0		1.5
stratum papillare (dermis)	la	anatomie-la	uberon	0		1.5
stratum papillare dermis	la	anatomie-la	uberon	0		1.5
stratum pigmentosa retinae	la	anatomie-la	uberon	0		1.5
stratum pigmentosum retinae	la	anatomie-la	uberon	0		1.5
stratum radiatum hippocampi	la	anatomie-la	uberon	0		1.5
stratum reticulare dermis	la	anatomie-la	uberon	0		1.5
stria cochlearis anterior	la	anatomie-la	uberon	0		1.5
stria cochlearis posterior	la	anatomie-la	uberon	0		1.5
stria longitudinalis interna	la	anatomie-la	uberon	0		1.5
stria longitudinalis medialis	la	anatomie-la	uberon	0		1.5
stria olfactoria lateralis	la	anatomie-la	uberon	0		1.5
stria olfactoria medialis	la	anatomie-la	uberon	0		1.5
striae acusticae dorsalis	la	anatomie-la	uberon	0		1.5
striae acusticae intermedius	la	anatomie-la	uberon	0		1.5
striae acusticae ventralis	la	anatomie-la	uberon	0		1.5
structurae oculi accessoriae	la	anatomie-la	uberon	0		1.5
subpleural	en	descriptoren-bevindingen	gecureerd	0		1.5
sucrose	nl	opentaal-medisch	opentaal	0		1.5
sulci temporales transversi	la	anatomie-la	uberon	0		1.5
sulcus centralis cerebri	la	anatomie-la	uberon	0		1.5
sulcus centralis insulae	la	anatomie-la	uberon	0		1.5
sulcus corporis callosi	la	anatomie-la	uberon	0		1.5
sulcus frontalis inferior	la	anatomie-la	uberon	0		1.5
sulcus frontalis intermedius	la	anatomie-la	uberon	0		1.5
sulcus frontalis secundus	la	anatomie-la	uberon	0		1.5
sulcus frontalis superior	la	anatomie-la	uberon	0		1.5
sulcus interventricularis anterior	la	anatomie-la	uberon	0		1.5
sulcus lateralis cerebri	la	anatomie-la	uberon	0		1.5
sulcus parolfactorius posterior	la	anatomie-la	uberon	0		1.5
sulcus rectus (Krieg)	la	anatomie-la	uberon	0		1.5
sulcus subcentralis anterior	la	anatomie-la	uberon	0		1.5
sulcus temporalis inferior	la	anatomie-la	uberon	0		1.5
sulcus temporalis primus	la	anatomie-la	uberon	0		1.5
sulcus temporalis secundus	la	anatomie-la	uberon	0		1.5
sulcus temporalis superior	la	anatomie-la	uberon	0		1.5
sulcus urethralis primarius	la	anatomie-la	uberon	0		1.5
sutura squamosa cranii	la	anatomie-la	uberon	0		1.5
systema conducente cordis	la	anatomie-la	uberon	0		1.5
systema nervosum centrale	la	anatomie-la	uberon	0		1.5
systema nervosum periphericum	la	anatomie-la	uberon	0		1.5
taenia libera Lancisi	la	anatomie-la	uberon	0		1.5
tapetum corporis callosi	la	anatomie-la	uberon	0		1.5
tela muscularis (oesophagus)	la	anatomie-la	uberon	0		1.5
tela submucosa (oesophagus)	la	anatomie-la	uberon	0		1.5
tela submucosa bronchi	la	anatomie-la	uberon	0		1.5
tela submucosa esophagi	la	anatomie-la	uberon	0		1.5
tela submucosa gastricae	la	anatomie-la	uberon	0		1.5
tela submucosa oesophageae	la	anatomie-la	uberon	0		1.5
tela submucosa pharyngea	la	anatomie-la	uberon	0		1.5
tela submucosa pharyngis	la	anatomie-la	uberon	0		1.5
tela submucosa recti	la	anatomie-la	uberon	0		1.5
tela submucosa vesicae	la	anatomie-la	uberon	0		1.5
textus adiposus albus	la	anatomie-la	uberon	0		1.5
textus adiposus fuscus	la	anatomie-la	uberon	0		1.5
textus connectivus elasticus	la	anatomie-la	uberon	0		1.5
textus connectivus laxus	la	anatomie-la	uberon	0		1.5
textus connectivus reticularis	la	anatomie-la	uberon	0		1.5
textus muscularis nonstriatus	la	anatomie-la	uberon	0		1.5
Thompson	nl	classificaties-scores	gecureerd	0		1.5
trabeculae carneae cordis	la	anatomie-la	uberon	0		1.5
tractus amygdalofugalis ventralis	la	anatomie-la	uberon	0		1.5
tractus cerebello-tegmentalis mesencephali	la	anatomie-la	uberon	0		1.5
tractus corticospinalis anterior	la	anatomie-la	uberon	0		1.5
tractus corticospinalis lateralis	la	anatomie-la	uberon	0		1.5
tractus corticospinalis ventralis	la	anatomie-la	uberon	0		1.5
tractus mesencephalicus trigeminalis	la	anatomie-la	uberon	0		1.5
tractus olfactorius lateralis	la	anatomie-la	uberon	0		1.5
tractus olfactorius medialis	la	anatomie-la	uberon	0		1.5
tractus retroflexus (Meynert)	la	anatomie-la	uberon	0		1.5
tractus spinocerebellaris anterior	la	anatomie-la	uberon	0		1.5
tractus spinocerebellaris ventralis	la	anatomie-la	uberon	0		1.5
tractus spinothalamicus (mesencephali)	la	anatomie-la	uberon	0		1.5
tractus spinothalamicus (myelencephali)	la	anatomie-la	uberon	0		1.5
tractus spinothalamicus (pontis)	la	anatomie-la	uberon	0		1.5
tractus trigeminalis dorsalis	la	anatomie-la	uberon	0		1.5
tractus trigeminalis ventralis	la	anatomie-la	uberon	0		1.5
tractus trigemino-thalamicus dorsalis	la	anatomie-la	uberon	0		1.5
tractus trigeminothalamicus anterior	la	anatomie-la	uberon	0		1.5
tractus trigeminothalamicus posterior	la	anatomie-la	uberon	0		1.5
tractus uncinatus (Lewandowsky)	la	anatomie-la	uberon	0		1.5
trigonum vesicae urinariae	la	anatomie-la	uberon	0		1.5
trunculus corporis callosi	la	anatomie-la	uberon	0		1.5
truncus corporis callosi	la	anatomie-la	uberon	0		1.5
truncus corpus callosi	la	anatomie-la	uberon	0		1.5
tuberculum anterius atlantis	la	anatomie-la	uberon	0		1.5
tuberculum linguale laterale	la	anatomie-la	uberon	0		1.5
tuberositas deltoidea humeri	la	anatomie-la	uberon	0		1.5
tubulus contortus distalis	la	anatomie-la	uberon	0		1.5
tubulus contortus proximalis	la	anatomie-la	uberon	0		1.5
tubulus convolutus distalis	la	anatomie-la	uberon	0		1.5
tubulus convolutus proximalis	la	anatomie-la	uberon	0		1.5
tubulus rectus distalis	la	anatomie-la	uberon	0		1.5
tubulus renalis arcuatus	la	anatomie-la	uberon	0		1.5
tubulus renalis colligens	la	anatomie-la	uberon	0		1.5
tunica adventitia (ureter)	la	anatomie-la	uberon	0		1.5
tunica adventitia ureteris	la	anatomie-la	uberon	0		1.5
tunica adventitia vasorum	la	anatomie-la	uberon	0		1.5
tunica albuginea ovarii	la	anatomie-la	uberon	0		1.5
tunica albuginea testis	la	anatomie-la	uberon	0		1.5
tunica externa vasorum	la	anatomie-la	uberon	0		1.5
tunica fibrosa hepatis	la	anatomie-la	uberon	0		1.5
tunica fibrosa splenica	la	anatomie-la	uberon	0		1.5
tunica media vasorum	la	anatomie-la	uberon	0		1.5
tunica mucosa bronchi	la	anatomie-la	uberon	0		1.5
tunica mucosa gastricae	la	anatomie-la	uberon	0		1.5
tunica mucosa gastris	la	anatomie-la	uberon	0		1.5
tunica mucosa laryngis	la	anatomie-la	uberon	0		1.5
tunica mucosa linguae	la	anatomie-la	uberon	0		1.5
tunica mucosa nasi	la	anatomie-la	uberon	0		1.5
tunica mucosa oesophageae	la	anatomie-la	uberon	0		1.5
tunica mucosa oris	la	anatomie-la	uberon	0		1.5
tunica mucosa pharyngea	la	anatomie-la	uberon	0		1.5
tunica mucosa tracheae	la	anatomie-la	uberon	0		1.5
tunica mucosa ureteris	la	anatomie-la	uberon	0		1.5
tunica mucosa uteri	la	anatomie-la	uberon	0		1.5
tunica mucosa vaginae	la	anatomie-la	uberon	0		1.5
tunica mucosa vesicae	la	anatomie-la	uberon	0		1.5
tunica muscularis (ureter)	la	anatomie-la	uberon	0		1.5
tunica muscularis esophagi	la	anatomie-la	uberon	0		1.5
tunica muscularis gastricae	la	anatomie-la	uberon	0		1.5
tunica muscularis oesophageae	la	anatomie-la	uberon	0		1.5
tunica muscularis pharyngis	la	anatomie-la	uberon	0		1.5
tunica muscularis ureteris	la	anatomie-la	uberon	0		1.5
tunica muscularis urethrae	la	anatomie-la	uberon	0		1.5
tunica muscularis vaginae	la	anatomie-la	uberon	0		1.5
tunica serosa gastricae	la	anatomie-la	uberon	0		1.5
tunica serosa hepatis	la	anatomie-la	uberon	0		1.5
tunica serosa oesophageae	la	anatomie-la	uberon	0		1.5
tunica serosa uteri	la	anatomie-la	uberon	0		1.5
tunica serosa vesicae	la	anatomie-la	uberon	0		1.5
tunica vaginalis testis	la	anatomie-la	uberon	0		1.5
tunica vasculosa bulbi	la	anatomie-la	uberon	0		1.5
v. iliaca interna	la	anatomie-la	uberon	0		1.5
valva atrioventricularis dextra	la	anatomie-la	uberon	0		1.5
valva atrioventricularis sinistra	la	anatomie-la	uberon	0		1.5
valva trunci pulmonalis	la	anatomie-la	uberon	0		1.5
valvula fossae navicularis	la	anatomie-la	uberon	0		1.5
vasa recta renis	la	anatomie-la	uberon	0		1.5
vasa sanguinea choroideae	la	anatomie-la	uberon	0		1.5
vasa sanguinea retinae	la	anatomie-la	uberon	0		1.5
velum medullare anterius	la	anatomie-la	uberon	0		1.5
velum medullare craniale	la	anatomie-la	uberon	0		1.5
velum medullare rostralis	la	anatomie-la	uberon	0		1.5
velum medullare superior	la	anatomie-la	uberon	0		1.5
velum medullare superius	la	anatomie-la	uberon	0		1.5
vena aqueductus vestibuli	la	anatomie-la	uberon	0		1.5
vena basilica antebrachii	la	anatomie-la	uberon	0		1.5
vena cardiaca magna	la	anatomie-la	uberon	0		1.5
vena cardiaca media	la	anatomie-la	uberon	0		1.5
vena centralis retinae	la	anatomie-la	uberon	0		1.5
vena cephalica antebrachii	la	anatomie-la	uberon	0		1.5
vena colica media	la	anatomie-la	uberon	0		1.5
vena cordis magna	la	anatomie-la	uberon	0		1.5
vena facialis anterior	la	anatomie-la	uberon	0		1.5
vena facialis posterior	la	anatomie-la	uberon	0		1.5
vena gastrica dextra	la	anatomie-la	uberon	0		1.5
vena gastrica sinistra	la	anatomie-la	uberon	0		1.5
vena hemiazygos accessoria	la	anatomie-la	uberon	0		1.5
vena iliaca communis	la	anatomie-la	uberon	0		1.5
vena iliaca externa	la	anatomie-la	uberon	0		1.5
vena jugularis anterior	la	anatomie-la	uberon	0		1.5
vena labialis inferior	la	anatomie-la	uberon	0		1.5
vena labialis superior	la	anatomie-la	uberon	0		1.5
vena mediana cubiti	la	anatomie-la	uberon	0		1.5
vena mesenterica inferior	la	anatomie-la	uberon	0		1.5
vena ovarica dextra	la	anatomie-la	uberon	0		1.5
vena ovarica sinistra	la	anatomie-la	uberon	0		1.5
vena portae hepatis	la	anatomie-la	uberon	0		1.5
vena pudenda externa	la	anatomie-la	uberon	0		1.5
vena pudenda interna	la	anatomie-la	uberon	0		1.5
vena testicularis dextra	la	anatomie-la	uberon	0		1.5
vena testicularis sinistra	la	anatomie-la	uberon	0		1.5
vena thoracica interna	la	anatomie-la	uberon	0		1.5
vena thoracica lateralis	la	anatomie-la	uberon	0		1.5
venae arcuatae renis	la	anatomie-la	uberon	0		1.5
venae auriculares anteriores	la	anatomie-la	uberon	0		1.5
venae auricularis posterior	la	anatomie-la	uberon	0		1.5
venae digitales palmares	la	anatomie-la	uberon	0		1.5
venae digitales plantares	la	anatomie-la	uberon	0		1.5
venae epigastricae inferiores	la	anatomie-la	uberon	0		1.5
venae epigastricae superiores	la	anatomie-la	uberon	0		1.5
venae intercostalis posterior	la	anatomie-la	uberon	0		1.5
venae interlobares renis	la	anatomie-la	uberon	0		1.5
venae interlobulares renis	la	anatomie-la	uberon	0		1.5
venae labiales inferiores	la	anatomie-la	uberon	0		1.5
venae metatarsales dorsales	la	anatomie-la	uberon	0		1.5
venae palpebrales inferiores	la	anatomie-la	uberon	0		1.5
venae palpebrales superiores	la	anatomie-la	uberon	0		1.5
venae phrenicae inferiores	la	anatomie-la	uberon	0		1.5
venae portales hypophysiales	la	anatomie-la	uberon	0		1.5
venae temporales superficiales	la	anatomie-la	uberon	0		1.5
venae tibiales anteriores	la	anatomie-la	uberon	0		1.5
venae tibiales posteriores	la	anatomie-la	uberon	0		1.5
ventriculus lateralis, corpus	la	anatomie-la	uberon	0		1.5
ventriculus sinister cordis	la	anatomie-la	uberon	0		1.5
ventriculus tertius cerebri	la	anatomie-la	uberon	0		1.5
venulae rectae renis	la	anatomie-la	uberon	0		1.5
vermis cerebelli [I-X]	la	anatomie-la	uberon	0		1.5
vermis lobus anterior	la	anatomie-la	uberon	0		1.5
vermis lobus posterior	la	anatomie-la	uberon	0		1.5
viscose	nl	opentaal-medisch	opentaal	0		1.5
Wilms	nl	tekens-eponiemen	gecureerd	0		1.5
zona activitatis polarisantis	la	anatomie-la	uberon	0		1.5
zona lateralis hypothalamicae	la	anatomie-la	uberon	0		1.5
zona medialis hypothalamicae	la	anatomie-la	uberon	0		1.5
zona periventricularis hypothalamicae	la	anatomie-la	uberon	0		1.5
ante	nl	template	templates	6		1.31
ganglia	nl	template	templates	6		1.31
reflux	nl	template	templates	6		1.31
rust	nl	template	templates	6		1.31
bijschildklier	nl	template	templates	7		1.28
driehoekige	nl	template	templates	7		1.28
intersectie	nl	template	templates	7		1.28
massa's	nl	template	templates	7		1.28
stof	nl	template	templates	7		1.28
turbulente	nl	template	templates	7		1.28
voorgeschiedenis	nl	template	templates	7		1.28
weefseltypering	nl	template	templates	7		1.28
witte	nl	template	templates	7		1.28
zonder	nl	template	templates	7		1.28
centrale	nl	template	templates,uberon	4		1.13
aanbrengpremie	nl	opentaal-medisch	opentaal	0		1.0
aangroeipremie	nl	opentaal-medisch	opentaal	0		1.0
aanjaagpremie	nl	opentaal-medisch	opentaal	0		1.0
aanloopstroom	nl	opentaal-medisch	opentaal	0		1.0
aanmoedigingspremie	nl	opentaal-medisch	opentaal	0		1.0
aanstelleritis	nl	opentaal-medisch	opentaal	0		1.0
aanstroom	nl	opentaal-medisch	opentaal	0		1.0
aardbeiboom	nl	opentaal-medisch	opentaal	0		1.0
aardstroom	nl	opentaal-medisch	opentaal	0		1.0
AAST	nl	classificaties-scores	gecureerd	0		1.0
abeelboom	nl	opentaal-medisch	opentaal	0		1.0
abrikozenboom	nl	opentaal-medisch	opentaal	0		1.0
academie	nl	opentaal-medisch	opentaal	0		1.0
acajouboom	nl	opentaal-medisch	opentaal	0		1.0
achterboom	nl	opentaal-medisch	opentaal	0		1.0
actiefotografie	nl	opentaal-medisch	opentaal	0		1.0
actiestroom	nl	opentaal-medisch	opentaal	0		1.0
ademstroom	nl	opentaal-medisch	opentaal	0		1.0
adoptiepremie	nl	opentaal-medisch	opentaal	0		1.0
aerodroom	nl	opentaal-medisch	opentaal	0		1.0
afhankelijkheidssyndroom	nl	opentaal-medisch	opentaal	0		1.0
afscheidspremie	nl	opentaal-medisch	opentaal	0		1.0
afsluitboom	nl	opentaal-medisch	opentaal	0		1.0
afsluitpremie	nl	opentaal-medisch	opentaal	0		1.0
afstoom	nl	opentaal-medisch	opentaal	0		1.0
afstroom	nl	opentaal-medisch	opentaal	0		1.0
afvalstroom	nl	opentaal-medisch	opentaal	0		1.0
agronoom	nl	opentaal-medisch	opentaal	0		1.0
ahornboom	nl	opentaal-medisch	opentaal	0		1.0
aidsdiagnose	nl	opentaal-medisch	opentaal	0		1.0
aidsepidemie	nl	opentaal-medisch	opentaal	0		1.0
ala major ossis sphenoidalis	la	anatomie-la	uberon	0		1.0
ala minor ossis sphenoidalis	la	anatomie-la	uberon	0		1.0
alarmsymptoom	nl	opentaal-medisch	opentaal	0		1.0
alba anterior medullae spinalis	la	anatomie-la	uberon	0		1.0
alchemie	nl	opentaal-medisch	opentaal	0		1.0
alcoholsyndroom	nl	opentaal-medisch	opentaal	0		1.0
allopathie	nl	opentaal-medisch	opentaal	0		1.0
alzheimerdiagnose	nl	opentaal-medisch	opentaal	0		1.0
amandelboom	nl	opentaal-medisch	opentaal	0		1.0
amateurastronoom	nl	opentaal-medisch	opentaal	0		1.0
amateurfotografie	nl	opentaal-medisch	opentaal	0		1.0
amberboom	nl	opentaal-medisch	opentaal	0		1.0
amnioscopie	nl	opentaal-medisch	opentaal	0		1.0
amyotrofie	nl	opentaal-medisch	opentaal	0		1.0
anatoom	nl	opentaal-medisch	opentaal	0		1.0
angstdroom	nl	opentaal-medisch	opentaal	0		1.0
angstneurose	nl	opentaal-medisch	opentaal	0		1.0
angstpsychose	nl	opentaal-medisch	opentaal	0		1.0
angstsyndroom	nl	opentaal-medisch	opentaal	0		1.0
ankerstroom	nl	opentaal-medisch	opentaal	0		1.0
anodestroom	nl	opentaal-medisch	opentaal	0		1.0
ansa lenticularis in thalamo	la	anatomie-la	uberon	0		1.0
antipathie	nl	opentaal-medisch	opentaal	0		1.0
anulus fibrosus dexter cordis	la	anatomie-la	uberon	0		1.0
anulus fibrosus sinister cordis	la	anatomie-la	uberon	0		1.0
apathie	nl	opentaal-medisch	opentaal	0		1.0
apenboom	nl	opentaal-medisch	opentaal	0		1.0
apenbroodboom	nl	opentaal-medisch	opentaal	0		1.0
apertura lateralis ventriculi quarti	la	anatomie-la	uberon	0		1.0
apertura mediana ventriculi quarti	la	anatomie-la	uberon	0		1.0
apneusyndroom	nl	opentaal-medisch	opentaal	0		1.0
apoptose	nl	opentaal-medisch	opentaal	0		1.0
apotheose	nl	opentaal-medisch	opentaal	0		1.0
appelboom	nl	opentaal-medisch	opentaal	0		1.0
appelsienenboom	nl	opentaal-medisch	opentaal	0		1.0
arbeidseconoom	nl	opentaal-medisch	opentaal	0		1.0
architectuurfotografie	nl	opentaal-medisch	opentaal	0		1.0
ARCO	nl	classificaties-scores	gecureerd	0		1.0
arcus venosus dorsalis pedis	la	anatomie-la	uberon	0		1.0
area cingularis anterior dorsalis	la	anatomie-la	uberon	0		1.0
area cingularis posterior dorsalis	la	anatomie-la	uberon	0		1.0
area cingularis posterior ventralis	la	anatomie-la	uberon	0		1.0
area periamygdalae caudalis ventralis	la	anatomie-la	uberon	0		1.0
area tegmentalis ventralis (Tsai)	la	anatomie-la	uberon	0		1.0
area tegmentalis, pars dorsalis	la	anatomie-la	uberon	0		1.0
arteria cerebri communicans posterior	la	anatomie-la	uberon	0		1.0
arteria circumflexa femoris medialis	la	anatomie-la	uberon	0		1.0
arteria circumflexa ilium profunda	la	anatomie-la	uberon	0		1.0
arteria pudenda externa profunda	la	anatomie-la	uberon	0		1.0
arteria pudenda externa superficialis	la	anatomie-la	uberon	0		1.0
arteriae digitales dorsales manus	la	anatomie-la	uberon	0		1.0
arteriae digitales dorsales pedis	la	anatomie-la	uberon	0		1.0
arteriae digitales palmares propriae	la	anatomie-la	uberon	0		1.0
arteriae digitales plantares communes	la	anatomie-la	uberon	0		1.0
arteriae digitales plantares propriae	la	anatomie-la	uberon	0		1.0
arteriae pudendae externa profunda	la	anatomie-la	uberon	0		1.0
arteriae pudendae externa superficialis	la	anatomie-la	uberon	0		1.0
arteriae pudendales externa profunda	la	anatomie-la	uberon	0		1.0
arteriae pudendales externa superficialis	la	anatomie-la	uberon	0		1.0
arteriola glomerularis afferens renis	la	anatomie-la	uberon	0		1.0
arteriola glomerularis efferens renis	la	anatomie-la	uberon	0		1.0
arteriosclerose	nl	opentaal-medisch	opentaal	0		1.0
artroscopie	nl	opentaal-medisch	opentaal	0		1.0
asielinstroom	nl	opentaal-medisch	opentaal	0		1.0
asielstroom	nl	opentaal-medisch	opentaal	0		1.0
aspergersyndroom	nl	opentaal-medisch	opentaal	0		1.0
assurantiepremie	nl	opentaal-medisch	opentaal	0		1.0
astrofotografie	nl	opentaal-medisch	opentaal	0		1.0
astronoom	nl	opentaal-medisch	opentaal	0		1.0
atoomstroom	nl	opentaal-medisch	opentaal	0		1.0
autobiografie	nl	opentaal-medisch	opentaal	0		1.0
autografie	nl	opentaal-medisch	opentaal	0		1.0
autonoom	nl	opentaal-medisch	opentaal	0		1.0
autoshowroom	nl	opentaal-medisch	opentaal	0		1.0
avitaminose	nl	opentaal-medisch	opentaal	0		1.0
babyboom	nl	opentaal-medisch	opentaal	0		1.0
bakkersroom	nl	opentaal-medisch	opentaal	0		1.0
balletacademie	nl	opentaal-medisch	opentaal	0		1.0
ballroom	nl	opentaal-medisch	opentaal	0		1.0
balsemboom	nl	opentaal-medisch	opentaal	0		1.0
banaanboom	nl	opentaal-medisch	opentaal	0		1.0
bananenboom	nl	opentaal-medisch	opentaal	0		1.0
banketbakkersroom	nl	opentaal-medisch	opentaal	0		1.0
baobabboom	nl	opentaal-medisch	opentaal	0		1.0
basalecelcarcinoom	nl	opentaal-medisch	opentaal	0		1.0
basis pedunculi cerebri (Willis)	la	anatomie-la	uberon	0		1.0
basischemie	nl	opentaal-medisch	opentaal	0		1.0
basispremie	nl	opentaal-medisch	opentaal	0		1.0
basisprognose	nl	opentaal-medisch	opentaal	0		1.0
basisstroom	nl	opentaal-medisch	opentaal	0		1.0
batterijstroom	nl	opentaal-medisch	opentaal	0		1.0
bedrijfseconoom	nl	opentaal-medisch	opentaal	0		1.0
bedrijfsfotografie	nl	opentaal-medisch	opentaal	0		1.0
bedrijfskasstroom	nl	opentaal-medisch	opentaal	0		1.0
bedrijfsstroom	nl	opentaal-medisch	opentaal	0		1.0
beeldenstroom	nl	opentaal-medisch	opentaal	0		1.0
behandelingsprognose	nl	opentaal-medisch	opentaal	0		1.0
behuwdoom	nl	opentaal-medisch	opentaal	0		1.0
bekerdroom	nl	opentaal-medisch	opentaal	0		1.0
belastingpremie	nl	opentaal-medisch	opentaal	0		1.0
belastingstroom	nl	opentaal-medisch	opentaal	0		1.0
benedenstroom	nl	opentaal-medisch	opentaal	0		1.0
bergstroom	nl	opentaal-medisch	opentaal	0		1.0
berichtenstroom	nl	opentaal-medisch	opentaal	0		1.0
berkenboom	nl	opentaal-medisch	opentaal	0		1.0
beslisboom	nl	opentaal-medisch	opentaal	0		1.0
beslissingsboom	nl	opentaal-medisch	opentaal	0		1.0
bessenboom	nl	opentaal-medisch	opentaal	0		1.0
beukenboom	nl	opentaal-medisch	opentaal	0		1.0
beverboom	nl	opentaal-medisch	opentaal	0		1.0
bevolkingsprognose	nl	opentaal-medisch	opentaal	0		1.0
bewegingsidioom	nl	opentaal-medisch	opentaal	0		1.0
bezoekersstroom	nl	opentaal-medisch	opentaal	0		1.0
bibliografie	nl	opentaal-medisch	opentaal	0		1.0
bindingspremie	nl	opentaal-medisch	opentaal	0		1.0
biochemie	nl	opentaal-medisch	opentaal	0		1.0
biografie	nl	opentaal-medisch	opentaal	0		1.0
blaascarcinoom	nl	opentaal-medisch	opentaal	0		1.0
blasfemie	nl	opentaal-medisch	opentaal	0		1.0
blijfpremie	nl	opentaal-medisch	opentaal	0		1.0
bliksemstroom	nl	opentaal-medisch	opentaal	0		1.0
bloedstroom	nl	opentaal-medisch	opentaal	0		1.0
bloesemboom	nl	opentaal-medisch	opentaal	0		1.0
bodemchemie	nl	opentaal-medisch	opentaal	0		1.0
boerenschroom	nl	opentaal-medisch	opentaal	0		1.0
bolletrieboom	nl	opentaal-medisch	opentaal	0		1.0
bonsaiboom	nl	opentaal-medisch	opentaal	0		1.0
bore-outsymptoom	nl	opentaal-medisch	opentaal	0		1.0
borstcarcinoom	nl	opentaal-medisch	opentaal	0		1.0
boterroom	nl	opentaal-medisch	opentaal	0		1.0
bouwpremie	nl	opentaal-medisch	opentaal	0		1.0
bouwstroom	nl	opentaal-medisch	opentaal	0		1.0
bovenstroom	nl	opentaal-medisch	opentaal	0		1.0
brachygrafie	nl	opentaal-medisch	opentaal	0		1.0
brandstofstroom	nl	opentaal-medisch	opentaal	0		1.0
broodboom	nl	opentaal-medisch	opentaal	0		1.0
bruinkoolstroom	nl	opentaal-medisch	opentaal	0		1.0
brutopremie	nl	opentaal-medisch	opentaal	0		1.0
buksboom	nl	opentaal-medisch	opentaal	0		1.0
bulkchemie	nl	opentaal-medisch	opentaal	0		1.0
bundelstroom	nl	opentaal-medisch	opentaal	0		1.0
burn-outsyndroom	nl	opentaal-medisch	opentaal	0		1.0
cacaoboom	nl	opentaal-medisch	opentaal	0		1.0
camera anterior bulbi oculi	la	anatomie-la	uberon	0		1.0
camera postrema bulbi oculi	la	anatomie-la	uberon	0		1.0
campus foreli (pars dorsalis)	la	anatomie-la	uberon	0		1.0
canadaboom	nl	opentaal-medisch	opentaal	0		1.0
capsula articularis articulationis temporomandibularis	la	anatomie-la	uberon	0		1.0
capsula fibrosa glandulae thyroideae	la	anatomie-la	uberon	0		1.0
capsula interna, pars anterior	la	anatomie-la	uberon	0		1.0
capsula interna, pars posterior	la	anatomie-la	uberon	0		1.0
capsula nuclei rubris tegmenti	la	anatomie-la	uberon	0		1.0
caput laterale musculus gastrocnemii	la	anatomie-la	uberon	0		1.0
caput mediale musculus gastrocnemii	la	anatomie-la	uberon	0		1.0
cardioscopie	nl	opentaal-medisch	opentaal	0		1.0
cartilago arcus pharyngei primi	la	anatomie-la	uberon	0		1.0
cartografie	nl	opentaal-medisch	opentaal	0		1.0
catalografie	nl	opentaal-medisch	opentaal	0		1.0
cavitas abdominis et pelvis	la	anatomie-la	uberon	0		1.0
cederboom	nl	opentaal-medisch	opentaal	0		1.0
chalcografie	nl	opentaal-medisch	opentaal	0		1.0
chatroom	nl	opentaal-medisch	opentaal	0		1.0
chef-econoom	nl	opentaal-medisch	opentaal	0		1.0
chiasma fibrorum proprium tecti	la	anatomie-la	uberon	0		1.0
chineesrestaurantsyndroom	nl	opentaal-medisch	opentaal	0		1.0
chlooratoom	nl	opentaal-medisch	opentaal	0		1.0
chocoladeroom	nl	opentaal-medisch	opentaal	0		1.0
cholera-epidemie	nl	opentaal-medisch	opentaal	0		1.0
choreografie	nl	opentaal-medisch	opentaal	0		1.0
chromatografie	nl	opentaal-medisch	opentaal	0		1.0
chromolithografie	nl	opentaal-medisch	opentaal	0		1.0
chromosoom	nl	opentaal-medisch	opentaal	0		1.0
chronischevermoeidheidssyndroom	nl	opentaal-medisch	opentaal	0		1.0
cinematografie	nl	opentaal-medisch	opentaal	0		1.0
cirrose	nl	opentaal-medisch	opentaal	0		1.0
cisterna venae magnae cerebri	la	anatomie-la	uberon	0		1.0
citroenboom	nl	opentaal-medisch	opentaal	0		1.0
clitoridectomie	nl	opentaal-medisch	opentaal	0		1.0
cM	nl	classificaties-scores	gecureerd	0		1.0
cocaïnestroom	nl	opentaal-medisch	opentaal	0		1.0
coccyx [vertebrae coccygeae I-IV]	la	anatomie-la	uberon	0		1.0
color Doppler	en	technieken-sequenties	gecureerd	0		1.0
commissura anterior, crus anterius	la	anatomie-la	uberon	0		1.0
commissura anterior, crus posterius	la	anatomie-la	uberon	0		1.0
commissura anterior, pars anterior	la	anatomie-la	uberon	0		1.0
commissura anterior, pars olfactoria	la	anatomie-la	uberon	0		1.0
commissura anterior, pars posterior	la	anatomie-la	uberon	0		1.0
commissura rostralis, pars anterior	la	anatomie-la	uberon	0		1.0
commissura rostralis, pars posterior	la	anatomie-la	uberon	0		1.0
computerdiagnose	nl	opentaal-medisch	opentaal	0		1.0
concentratiekampsyndroom	nl	opentaal-medisch	opentaal	0		1.0
condoom	nl	opentaal-medisch	opentaal	0		1.0
containerstroom	nl	opentaal-medisch	opentaal	0		1.0
convectiestroom	nl	opentaal-medisch	opentaal	0		1.0
conversiepremie	nl	opentaal-medisch	opentaal	0		1.0
cornu anterius (ventriculi lateralis)	la	anatomie-la	uberon	0		1.0
cornu anterius medullae spinalis	la	anatomie-la	uberon	0		1.0
cornu anterius ventriculi lateralis	la	anatomie-la	uberon	0		1.0
cornu frontale (ventriculi lateralis)	la	anatomie-la	uberon	0		1.0
cornu frontale ventriculi lateralis	la	anatomie-la	uberon	0		1.0
cornu inferius (ventriculi lateralis)	la	anatomie-la	uberon	0		1.0
cornu inferius cartilaginis thyroidea	la	anatomie-la	uberon	0		1.0
cornu inferius cartilaginis thyroideae	la	anatomie-la	uberon	0		1.0
cornu inferius ventriculi lateralis	la	anatomie-la	uberon	0		1.0
cornu laterale medullae spinalis	la	anatomie-la	uberon	0		1.0
cornu majus ossis hyoidei	la	anatomie-la	uberon	0		1.0
cornu minus ossis hyoidei	la	anatomie-la	uberon	0		1.0
cornu occipitale (ventriculi lateralis)	la	anatomie-la	uberon	0		1.0
cornu occipitale ventriculi lateralis	la	anatomie-la	uberon	0		1.0
cornu posterius (ventriculi lateralis)	la	anatomie-la	uberon	0		1.0
cornu posterius medullae spinalis	la	anatomie-la	uberon	0		1.0
cornu posterius ventriculi lateralis	la	anatomie-la	uberon	0		1.0
cornu superius cartilaginis thyroideae	la	anatomie-la	uberon	0		1.0
cornu temporale (ventriculi lateralis)	la	anatomie-la	uberon	0		1.0
cornu temporale ventriculi lateralis	la	anatomie-la	uberon	0		1.0
corpus amygdaloideum pars corticomedialis	la	anatomie-la	uberon	0		1.0
corpus amygdaloideum pars olfactoria	la	anatomie-la	uberon	0		1.0
corpus callosum, forceps major	la	anatomie-la	uberon	0		1.0
corpus callosum, forceps minor	la	anatomie-la	uberon	0		1.0
corpus geniculatum laterale (Hassler)	la	anatomie-la	uberon	0		1.0
couperose	nl	opentaal-medisch	opentaal	0		1.0
craniotoom	nl	opentaal-medisch	opentaal	0		1.0
creutzfeldt-jakobsyndroom	nl	opentaal-medisch	opentaal	0		1.0
crewroom	nl	opentaal-medisch	opentaal	0		1.0
crista terminalis atrii dextri	la	anatomie-la	uberon	0		1.0
crus anterius capsulae internae	la	anatomie-la	uberon	0		1.0
crus cerebelli ad pontem	la	anatomie-la	uberon	0		1.0
crus dextrum fasciculi atrioventricularis	la	anatomie-la	uberon	0		1.0
crus horizontale striae diagonalis	la	anatomie-la	uberon	0		1.0
crus posterius capsulae internae	la	anatomie-la	uberon	0		1.0
crus sinistrum fasciculi atrioventricularis	la	anatomie-la	uberon	0		1.0
crus verticale striae diagonalis	la	anatomie-la	uberon	0		1.0
cryptografie	nl	opentaal-medisch	opentaal	0		1.0
cultuurdiagnose	nl	opentaal-medisch	opentaal	0		1.0
cultuurstroom	nl	opentaal-medisch	opentaal	0		1.0
cuspis posterior (valva mitralis)	la	anatomie-la	uberon	0		1.0
cuspis septalis (valva tricuspidalis)	la	anatomie-la	uberon	0		1.0
cystoscopie	nl	opentaal-medisch	opentaal	0		1.0
dactylografie	nl	opentaal-medisch	opentaal	0		1.0
dactyloscopie	nl	opentaal-medisch	opentaal	0		1.0
dadelboom	nl	opentaal-medisch	opentaal	0		1.0
dagdroom	nl	opentaal-medisch	opentaal	0		1.0
dagzoom	nl	opentaal-medisch	opentaal	0		1.0
dansacademie	nl	opentaal-medisch	opentaal	0		1.0
dansidioom	nl	opentaal-medisch	opentaal	0		1.0
darmsyndroom	nl	opentaal-medisch	opentaal	0		1.0
datastroom	nl	opentaal-medisch	opentaal	0		1.0
dealingroom	nl	opentaal-medisch	opentaal	0		1.0
decussatio fibrarum nervorum trochlearium	la	anatomie-la	uberon	0		1.0
decussatio fibrorum medialium tecti	la	anatomie-la	uberon	0		1.0
decussatio pedunculorum cerebellarium superiorum	la	anatomie-la	uberon	0		1.0
decussatio pyramidum medullae oblongatae	la	anatomie-la	uberon	0		1.0
decussatio tegmentalis dorsalis (Meynert)	la	anatomie-la	uberon	0		1.0
deelstroom	nl	opentaal-medisch	opentaal	0		1.0
deeltjesstroom	nl	opentaal-medisch	opentaal	0		1.0
demografie	nl	opentaal-medisch	opentaal	0		1.0
dennenboom	nl	opentaal-medisch	opentaal	0		1.0
depersonalisatiesyndroom	nl	opentaal-medisch	opentaal	0		1.0
dialectgeografie	nl	opentaal-medisch	opentaal	0		1.0
diascopie	nl	opentaal-medisch	opentaal	0		1.0
dichotomie	nl	opentaal-medisch	opentaal	0		1.0
dichotoom	nl	opentaal-medisch	opentaal	0		1.0
difteritis	nl	opentaal-medisch	opentaal	0		1.0
digitus quintus [V] pedis	la	anatomie-la	uberon	0		1.0
discografie	nl	opentaal-medisch	opentaal	0		1.0
discus articularis articulationis temporomandibularis	la	anatomie-la	uberon	0		1.0
disselboom	nl	opentaal-medisch	opentaal	0		1.0
dittografie	nl	opentaal-medisch	opentaal	0		1.0
dividendstroom	nl	opentaal-medisch	opentaal	0		1.0
djatiboom	nl	opentaal-medisch	opentaal	0		1.0
documentairefotografie	nl	opentaal-medisch	opentaal	0		1.0
documentenstroom	nl	opentaal-medisch	opentaal	0		1.0
documentstroom	nl	opentaal-medisch	opentaal	0		1.0
doelenboom	nl	opentaal-medisch	opentaal	0		1.0
doornboom	nl	opentaal-medisch	opentaal	0		1.0
doorsneepremie	nl	opentaal-medisch	opentaal	0		1.0
doorstoom	nl	opentaal-medisch	opentaal	0		1.0
doorstroom	nl	opentaal-medisch	opentaal	0		1.0
downsyndroom	nl	opentaal-medisch	opentaal	0		1.0
draadboom	nl	opentaal-medisch	opentaal	0		1.0
draaiboom	nl	opentaal-medisch	opentaal	0		1.0
draaistroom	nl	opentaal-medisch	opentaal	0		1.0
drakenbloedboom	nl	opentaal-medisch	opentaal	0		1.0
drugspsychose	nl	opentaal-medisch	opentaal	0		1.0
druivenboom	nl	opentaal-medisch	opentaal	0		1.0
dubbelbiografie	nl	opentaal-medisch	opentaal	0		1.0
dubbeldiagnose	nl	opentaal-medisch	opentaal	0		1.0
ductus excretorius glandulae vesiculosae	la	anatomie-la	uberon	0		1.0
ductus mesonephricus; ductus Wolffi	la	anatomie-la	uberon	0		1.0
ductus paraurethrales urethrae femininae	la	anatomie-la	uberon	0		1.0
duimafdrukken	nl	tekens-eponiemen	gecureerd	0		1.0
dumpingsyndroom	nl	opentaal-medisch	opentaal	0		1.0
dwangneurose	nl	opentaal-medisch	opentaal	0		1.0
dwarsboom	nl	opentaal-medisch	opentaal	0		1.0
dystrofie	nl	opentaal-medisch	opentaal	0		1.0
ebbenboom	nl	opentaal-medisch	opentaal	0		1.0
ebola-epidemie	nl	opentaal-medisch	opentaal	0		1.0
ebstroom	nl	opentaal-medisch	opentaal	0		1.0
echoscopie	nl	opentaal-medisch	opentaal	0		1.0
ecologiepremie	nl	opentaal-medisch	opentaal	0		1.0
econoom	nl	opentaal-medisch	opentaal	0		1.0
ecostroom	nl	opentaal-medisch	opentaal	0		1.0
Effendi	nl	classificaties-scores	gecureerd	0		1.0
eikenboom	nl	opentaal-medisch	opentaal	0		1.0
einddiagnose	nl	opentaal-medisch	opentaal	0		1.0
eindejaarspremie	nl	opentaal-medisch	opentaal	0		1.0
elektro-osmose	nl	opentaal-medisch	opentaal	0		1.0
elektrocardiografie	nl	opentaal-medisch	opentaal	0		1.0
elektrochemie	nl	opentaal-medisch	opentaal	0		1.0
elektronenstroom	nl	opentaal-medisch	opentaal	0		1.0
elzenboom	nl	opentaal-medisch	opentaal	0		1.0
emigratiestroom	nl	opentaal-medisch	opentaal	0		1.0
empathie	nl	opentaal-medisch	opentaal	0		1.0
emptynestsyndroom	nl	opentaal-medisch	opentaal	0		1.0
encefalografie	nl	opentaal-medisch	opentaal	0		1.0
encefalopathie	nl	opentaal-medisch	opentaal	0		1.0
endemie	nl	opentaal-medisch	opentaal	0		1.0
endoscopie	nl	opentaal-medisch	opentaal	0		1.0
energiepremie	nl	opentaal-medisch	opentaal	0		1.0
energiestroom	nl	opentaal-medisch	opentaal	0		1.0
enterpremie	nl	opentaal-medisch	opentaal	0		1.0
envelope (involucrum medial) (Hassler)	la	anatomie-la	uberon	0		1.0
epidemie	nl	opentaal-medisch	opentaal	0		1.0
epididymectomie	nl	opentaal-medisch	opentaal	0		1.0
epigrafie	nl	opentaal-medisch	opentaal	0		1.0
episcopie	nl	opentaal-medisch	opentaal	0		1.0
episiotomie	nl	opentaal-medisch	opentaal	0		1.0
ergonoom	nl	opentaal-medisch	opentaal	0		1.0
escaperoom	nl	opentaal-medisch	opentaal	0		1.0
espenboom	nl	opentaal-medisch	opentaal	0		1.0
essenboom	nl	opentaal-medisch	opentaal	0		1.0
etnografie	nl	opentaal-medisch	opentaal	0		1.0
eucalyptusboom	nl	opentaal-medisch	opentaal	0		1.0
eutrofie	nl	opentaal-medisch	opentaal	0		1.0
evolutieboom	nl	opentaal-medisch	opentaal	0		1.0
evolutiestroom	nl	opentaal-medisch	opentaal	0		1.0
exportpremie	nl	opentaal-medisch	opentaal	0		1.0
f. caecum ossis frontalis	la	anatomie-la	uberon	0		1.0
f. gracilis medullae spinalis	la	anatomie-la	uberon	0		1.0
facies interna ossis frontalis	la	anatomie-la	uberon	0		1.0
facies temporalis ossis zygomatici	la	anatomie-la	uberon	0		1.0
facturenstroom	nl	opentaal-medisch	opentaal	0		1.0
fagocytose	nl	opentaal-medisch	opentaal	0		1.0
familieboom	nl	opentaal-medisch	opentaal	0		1.0
familiestamboom	nl	opentaal-medisch	opentaal	0		1.0
fantoom	nl	opentaal-medisch	opentaal	0		1.0
faryngectomie	nl	opentaal-medisch	opentaal	0		1.0
faryngorinoscopie	nl	opentaal-medisch	opentaal	0		1.0
fascia investiens intermedia abdominis	la	anatomie-la	uberon	0		1.0
fasciculus cuneatus medullae spinalis	la	anatomie-la	uberon	0		1.0
fasciculus dorsolateralis gracilis (Golli)	la	anatomie-la	uberon	0		1.0
fasciculus gracilis (medulla spinalis)	la	anatomie-la	uberon	0		1.0
fasciculus longitudinalis dorsalis (hypothalami)	la	anatomie-la	uberon	0		1.0
fasciculus longitudinalis dorsalis (mesencephali)	la	anatomie-la	uberon	0		1.0
fasciculus longitudinalis dorsalis (myelencephali)	la	anatomie-la	uberon	0		1.0
fasciculus longitudinalis dorsalis (pontis)	la	anatomie-la	uberon	0		1.0
fasciculus longitudinalis medialis (mesencephali)	la	anatomie-la	uberon	0		1.0
fasciculus longitudinalis medialis (myelencephali)	la	anatomie-la	uberon	0		1.0
fasciculus longitudinalis medialis (pontis)	la	anatomie-la	uberon	0		1.0
fasciculus longitudinalis telencephali medialis	la	anatomie-la	uberon	0		1.0
fasciculus olfactorius cornu Ammonis	la	anatomie-la	uberon	0		1.0
fasciculus posterior musculus palatopharyngei	la	anatomie-la	uberon	0		1.0
fasciculus retroflexus (of Meynert)	la	anatomie-la	uberon	0		1.0
fibrae arcuatae externae anteriores	la	anatomie-la	uberon	0		1.0
fibrae arcuatae externae dorsales	la	anatomie-la	uberon	0		1.0
fibrae arcuatae externae posteriores	la	anatomie-la	uberon	0		1.0
fibrae arcuatae externae ventrales	la	anatomie-la	uberon	0		1.0
fibrae transversae superficiales pontis	la	anatomie-la	uberon	0		1.0
fibromyalgie	nl	opentaal-medisch	opentaal	0		1.0
fijnchemie	nl	opentaal-medisch	opentaal	0		1.0
filmacademie	nl	opentaal-medisch	opentaal	0		1.0
filmbiografie	nl	opentaal-medisch	opentaal	0		1.0
filmografie	nl	opentaal-medisch	opentaal	0		1.0
FLAIR	en	technieken-sequenties	gecureerd	0		1.0
flatneurose	nl	opentaal-medisch	opentaal	0		1.0
flitsfotografie	nl	opentaal-medisch	opentaal	0		1.0
Fontaine	nl	classificaties-scores	gecureerd	0		1.0
footloose	nl	opentaal-medisch	opentaal	0		1.0
foramen caecum ossis frontalis	la	anatomie-la	uberon	0		1.0
foramen opticum ossis sphenoidalis	la	anatomie-la	uberon	0		1.0
foramen rotundum ossis sphenoidalis	la	anatomie-la	uberon	0		1.0
foramen transversarium vertebrae cervicales	la	anatomie-la	uberon	0		1.0
forceps major corporis callosi	la	anatomie-la	uberon	0		1.0
forceps minor corporis callosi	la	anatomie-la	uberon	0		1.0
formatio reticularis tegmenti mesencephali	la	anatomie-la	uberon	0		1.0
fornix (entering Corpus mamillare)	la	anatomie-la	uberon	0		1.0
fosforatoom	nl	opentaal-medisch	opentaal	0		1.0
fotoacademie	nl	opentaal-medisch	opentaal	0		1.0
fotochemie	nl	opentaal-medisch	opentaal	0		1.0
fotografie	nl	opentaal-medisch	opentaal	0		1.0
fotolithografie	nl	opentaal-medisch	opentaal	0		1.0
foutstroom	nl	opentaal-medisch	opentaal	0		1.0
frenulectomie	nl	opentaal-medisch	opentaal	0		1.0
fruitboom	nl	opentaal-medisch	opentaal	0		1.0
funiculus anterior medullae spinalis	la	anatomie-la	uberon	0		1.0
funiculus lateralis medullae spinalis	la	anatomie-la	uberon	0		1.0
funiculus posterior medullae spinalis	la	anatomie-la	uberon	0		1.0
galea aponeurotica; aponeurosis epicranialis	la	anatomie-la	uberon	0		1.0
ganglion geniculi nervi facialis	la	anatomie-la	uberon	0		1.0
ganglion inferius nervi glossopharyngei	la	anatomie-la	uberon	0		1.0
ganglion inferius nervi vagi	la	anatomie-la	uberon	0		1.0
ganglion inferius nervus glossopharyngei	la	anatomie-la	uberon	0		1.0
ganglion inferius nervus vagi	la	anatomie-la	uberon	0		1.0
ganglion sensorium nervi cranialis	la	anatomie-la	uberon	0		1.0
ganglion sensorium nervi spinalis	la	anatomie-la	uberon	0		1.0
ganglion superius nervi glossopharyngei	la	anatomie-la	uberon	0		1.0
ganglion superius nervus glossopharyngei	la	anatomie-la	uberon	0		1.0
ganglion superius nervus vagi	la	anatomie-la	uberon	0		1.0
garantiepremie	nl	opentaal-medisch	opentaal	0		1.0
Garden	nl	classificaties-scores	gecureerd	0		1.0
gaschromatografie	nl	opentaal-medisch	opentaal	0		1.0
gasnarcose	nl	opentaal-medisch	opentaal	0		1.0
gasstroom	nl	opentaal-medisch	opentaal	0		1.0
gastro-enteritis	nl	opentaal-medisch	opentaal	0		1.0
gastronoom	nl	opentaal-medisch	opentaal	0		1.0
geboortepremie	nl	opentaal-medisch	opentaal	0		1.0
gedachtestroom	nl	opentaal-medisch	opentaal	0		1.0
gedroom	nl	opentaal-medisch	opentaal	0		1.0
gegevensstroom	nl	opentaal-medisch	opentaal	0		1.0
geldboom	nl	opentaal-medisch	opentaal	0		1.0
geldstroom	nl	opentaal-medisch	opentaal	0		1.0
gelijkstroom	nl	opentaal-medisch	opentaal	0		1.0
genu internum n. faciales	la	anatomie-la	uberon	0		1.0
geografie	nl	opentaal-medisch	opentaal	0		1.0
geruchtenstroom	nl	opentaal-medisch	opentaal	0		1.0
geslachtsboom	nl	opentaal-medisch	opentaal	0		1.0
geslachtschromosoom	nl	opentaal-medisch	opentaal	0		1.0
getijdenstroom	nl	opentaal-medisch	opentaal	0		1.0
getijstroom	nl	opentaal-medisch	opentaal	0		1.0
getrouwheidspremie	nl	opentaal-medisch	opentaal	0		1.0
gevarenpremie	nl	opentaal-medisch	opentaal	0		1.0
gietboom	nl	opentaal-medisch	opentaal	0		1.0
gillesdelatourettesyndroom	nl	opentaal-medisch	opentaal	0		1.0
glandula palpebra tertia profundus	la	anatomie-la	uberon	0		1.0
glandula palpebra tertia superficialis	la	anatomie-la	uberon	0		1.0
glandulae urethrales urethrae masculinae	la	anatomie-la	uberon	0		1.0
glaucoom	nl	opentaal-medisch	opentaal	0		1.0
globus pallidus pars medialis	la	anatomie-la	uberon	0		1.0
globus pallidus, pars externa	la	anatomie-la	uberon	0		1.0
globus pallidus, pars interna	la	anatomie-la	uberon	0		1.0
glycemie	nl	opentaal-medisch	opentaal	0		1.0
goederenstroom	nl	opentaal-medisch	opentaal	0		1.0
golfstroom	nl	opentaal-medisch	opentaal	0		1.0
gomboom	nl	opentaal-medisch	opentaal	0		1.0
goudstroom	nl	opentaal-medisch	opentaal	0		1.0
gramatoom	nl	opentaal-medisch	opentaal	0		1.0
granaatappelboom	nl	opentaal-medisch	opentaal	0		1.0
granaatboom	nl	opentaal-medisch	opentaal	0		1.0
grasboom	nl	opentaal-medisch	opentaal	0		1.0
grensstroom	nl	opentaal-medisch	opentaal	0		1.0
griepepidemie	nl	opentaal-medisch	opentaal	0		1.0
grieppandemie	nl	opentaal-medisch	opentaal	0		1.0
grillroom	nl	opentaal-medisch	opentaal	0		1.0
groeipremie	nl	opentaal-medisch	opentaal	0		1.0
groeiprognose	nl	opentaal-medisch	opentaal	0		1.0
grondstofstroom	nl	opentaal-medisch	opentaal	0		1.0
grondstroom	nl	opentaal-medisch	opentaal	0		1.0
grondwaterstroom	nl	opentaal-medisch	opentaal	0		1.0
grootoom	nl	opentaal-medisch	opentaal	0		1.0
grotsyndroom	nl	opentaal-medisch	opentaal	0		1.0
gymnasiumstroom	nl	opentaal-medisch	opentaal	0		1.0
gyrus frontalis medialis (Winters)	la	anatomie-la	uberon	0		1.0
gyrus orbitalis longitudinalis externus	la	anatomie-la	uberon	0		1.0
gyrus orbitalis longitudinalis internus	la	anatomie-la	uberon	0		1.0
gyrus parahippocampalis, pars posterior	la	anatomie-la	uberon	0		1.0
gyrus temporalis transversus anterior	la	anatomie-la	uberon	0		1.0
gyrus temporalis transversus posterior	la	anatomie-la	uberon	0		1.0
gyrus temporalis transversus primus	la	anatomie-la	uberon	0		1.0
h1 bundle of Forel	la	anatomie-la	uberon	0		1.0
h1 field of Forel	la	anatomie-la	uberon	0		1.0
haalboom	nl	opentaal-medisch	opentaal	0		1.0
hagiografie	nl	opentaal-medisch	opentaal	0		1.0
handbalacademie	nl	opentaal-medisch	opentaal	0		1.0
handboom	nl	opentaal-medisch	opentaal	0		1.0
handelspremie	nl	opentaal-medisch	opentaal	0		1.0
handelsstroom	nl	opentaal-medisch	opentaal	0		1.0
haptonoom	nl	opentaal-medisch	opentaal	0		1.0
harsboom	nl	opentaal-medisch	opentaal	0		1.0
hartneurose	nl	opentaal-medisch	opentaal	0		1.0
Hawkins	nl	classificaties-scores	gecureerd	0		1.0
hazelnotenboom	nl	opentaal-medisch	opentaal	0		1.0
heeroom	nl	opentaal-medisch	opentaal	0		1.0
hefboom	nl	opentaal-medisch	opentaal	0		1.0
heliografie	nl	opentaal-medisch	opentaal	0		1.0
heliumatoom	nl	opentaal-medisch	opentaal	0		1.0
hemelboom	nl	opentaal-medisch	opentaal	0		1.0
hemelfotografie	nl	opentaal-medisch	opentaal	0		1.0
hepatocellular carcinoma	en	pathologie	gecureerd	0		1.0
Herbert	nl	classificaties-scores	gecureerd	0		1.0
herdenkingsboom	nl	opentaal-medisch	opentaal	0		1.0
herverzekeringspremie	nl	opentaal-medisch	opentaal	0		1.0
heteronoom	nl	opentaal-medisch	opentaal	0		1.0
hilum nuclei olivaris inferioris	la	anatomie-la	uberon	0		1.0
hippodroom	nl	opentaal-medisch	opentaal	0		1.0
historiografie	nl	opentaal-medisch	opentaal	0		1.0
hollanditis	nl	opentaal-medisch	opentaal	0		1.0
holografie	nl	opentaal-medisch	opentaal	0		1.0
homeopathie	nl	opentaal-medisch	opentaal	0		1.0
honingboom	nl	opentaal-medisch	opentaal	0		1.0
hoofddiagnose	nl	opentaal-medisch	opentaal	0		1.0
hoofdeconoom	nl	opentaal-medisch	opentaal	0		1.0
hoofdstroom	nl	opentaal-medisch	opentaal	0		1.0
hoofdsymptoom	nl	opentaal-medisch	opentaal	0		1.0
hoogstamboom	nl	opentaal-medisch	opentaal	0		1.0
houtcellulose	nl	opentaal-medisch	opentaal	0		1.0
huidtuberculose	nl	opentaal-medisch	opentaal	0		1.0
hulpstroom	nl	opentaal-medisch	opentaal	0		1.0
hydrografie	nl	opentaal-medisch	opentaal	0		1.0
hypercholesterolemie	nl	opentaal-medisch	opentaal	0		1.0
hyperglycemie	nl	opentaal-medisch	opentaal	0		1.0
hyperglykemie	nl	opentaal-medisch	opentaal	0		1.0
hyperurikemie	nl	opentaal-medisch	opentaal	0		1.0
hypnose	nl	opentaal-medisch	opentaal	0		1.0
hypoglycemie	nl	opentaal-medisch	opentaal	0		1.0
hypoglykemie	nl	opentaal-medisch	opentaal	0		1.0
iconografie	nl	opentaal-medisch	opentaal	0		1.0
iepenboom	nl	opentaal-medisch	opentaal	0		1.0
ijsroom	nl	opentaal-medisch	opentaal	0		1.0
ijsstroom	nl	opentaal-medisch	opentaal	0		1.0
iliitis	nl	opentaal-medisch	opentaal	0		1.0
immigrantenstroom	nl	opentaal-medisch	opentaal	0		1.0
immigratiestroom	nl	opentaal-medisch	opentaal	0		1.0
importstroom	nl	opentaal-medisch	opentaal	0		1.0
inductiestroom	nl	opentaal-medisch	opentaal	0		1.0
inflatieprognose	nl	opentaal-medisch	opentaal	0		1.0
influenza-epidemie	nl	opentaal-medisch	opentaal	0		1.0
informatiestroom	nl	opentaal-medisch	opentaal	0		1.0
inhaalpremie	nl	opentaal-medisch	opentaal	0		1.0
inkomensstroom	nl	opentaal-medisch	opentaal	0		1.0
inkomstenstroom	nl	opentaal-medisch	opentaal	0		1.0
inkoopdiagnose	nl	opentaal-medisch	opentaal	0		1.0
innovatiepremie	nl	opentaal-medisch	opentaal	0		1.0
inruilpremie	nl	opentaal-medisch	opentaal	0		1.0
inschakelstroom	nl	opentaal-medisch	opentaal	0		1.0
instoom	nl	opentaal-medisch	opentaal	0		1.0
instroom	nl	opentaal-medisch	opentaal	0		1.0
intracranial hemorrhage	en	pathologie	gecureerd	0		1.0
invaliditeitspremie	nl	opentaal-medisch	opentaal	0		1.0
investeringspremie	nl	opentaal-medisch	opentaal	0		1.0
investeringsstroom	nl	opentaal-medisch	opentaal	0		1.0
invoerstroom	nl	opentaal-medisch	opentaal	0		1.0
ionenstroom	nl	opentaal-medisch	opentaal	0		1.0
iriscopie	nl	opentaal-medisch	opentaal	0		1.0
isthmus of gyrus fornicatus	la	anatomie-la	uberon	0		1.0
jaarpremie	nl	opentaal-medisch	opentaal	0		1.0
jaarprognose	nl	opentaal-medisch	opentaal	0		1.0
jeugdacademie	nl	opentaal-medisch	opentaal	0		1.0
jeugddroom	nl	opentaal-medisch	opentaal	0		1.0
johannesbroodboom	nl	opentaal-medisch	opentaal	0		1.0
jongensdroom	nl	opentaal-medisch	opentaal	0		1.0
kabelboom	nl	opentaal-medisch	opentaal	0		1.0
kabouterboom	nl	opentaal-medisch	opentaal	0		1.0
kakografie	nl	opentaal-medisch	opentaal	0		1.0
kalebasboom	nl	opentaal-medisch	opentaal	0		1.0
kalligrafie	nl	opentaal-medisch	opentaal	0		1.0
kamferboom	nl	opentaal-medisch	opentaal	0		1.0
kampsyndroom	nl	opentaal-medisch	opentaal	0		1.0
kanarieboom	nl	opentaal-medisch	opentaal	0		1.0
kaneelboom	nl	opentaal-medisch	opentaal	0		1.0
kankerdiagnose	nl	opentaal-medisch	opentaal	0		1.0
kankerepidemie	nl	opentaal-medisch	opentaal	0		1.0
kansboom	nl	opentaal-medisch	opentaal	0		1.0
kapitaalpremie	nl	opentaal-medisch	opentaal	0		1.0
kapitaalsstroom	nl	opentaal-medisch	opentaal	0		1.0
kapitaalstroom	nl	opentaal-medisch	opentaal	0		1.0
kapokboom	nl	opentaal-medisch	opentaal	0		1.0
kasstroom	nl	opentaal-medisch	opentaal	0		1.0
kastanjeboom	nl	opentaal-medisch	opentaal	0		1.0
katoenboom	nl	opentaal-medisch	opentaal	0		1.0
kennelsyndroom	nl	opentaal-medisch	opentaal	0		1.0
kennisstroom	nl	opentaal-medisch	opentaal	0		1.0
kernspintomografie	nl	opentaal-medisch	opentaal	0		1.0
kernstroom	nl	opentaal-medisch	opentaal	0		1.0
kersenboom	nl	opentaal-medisch	opentaal	0		1.0
kerstboom	nl	opentaal-medisch	opentaal	0		1.0
kettingboom	nl	opentaal-medisch	opentaal	0		1.0
keuzebiografie	nl	opentaal-medisch	opentaal	0		1.0
kinaboom	nl	opentaal-medisch	opentaal	0		1.0
kinderbijslagpremie	nl	opentaal-medisch	opentaal	0		1.0
kinderdroom	nl	opentaal-medisch	opentaal	0		1.0
kinderleukemie	nl	opentaal-medisch	opentaal	0		1.0
kinderpornografie	nl	opentaal-medisch	opentaal	0		1.0
kinderpremie	nl	opentaal-medisch	opentaal	0		1.0
kinematografie	nl	opentaal-medisch	opentaal	0		1.0
klaarstoom	nl	opentaal-medisch	opentaal	0		1.0
klachtenstroom	nl	opentaal-medisch	opentaal	0		1.0
klankenstroom	nl	opentaal-medisch	opentaal	0		1.0
klankidioom	nl	opentaal-medisch	opentaal	0		1.0
klantenstroom	nl	opentaal-medisch	opentaal	0		1.0
klapperboom	nl	opentaal-medisch	opentaal	0		1.0
klauwzeerepidemie	nl	opentaal-medisch	opentaal	0		1.0
kleinkunstacademie	nl	opentaal-medisch	opentaal	0		1.0
kleurenfotografie	nl	opentaal-medisch	opentaal	0		1.0
kleurfotografie	nl	opentaal-medisch	opentaal	0		1.0
klimboom	nl	opentaal-medisch	opentaal	0		1.0
kluiverboom	nl	opentaal-medisch	opentaal	0		1.0
koffieboom	nl	opentaal-medisch	opentaal	0		1.0
koffieroom	nl	opentaal-medisch	opentaal	0		1.0
kokosboom	nl	opentaal-medisch	opentaal	0		1.0
kokosnotenboom	nl	opentaal-medisch	opentaal	0		1.0
koksroom	nl	opentaal-medisch	opentaal	0		1.0
kolenstroom	nl	opentaal-medisch	opentaal	0		1.0
kometenstaart	nl	tekens-eponiemen	gecureerd	0		1.0
koningsboom	nl	opentaal-medisch	opentaal	0		1.0
kookroom	nl	opentaal-medisch	opentaal	0		1.0
koolstofatoom	nl	opentaal-medisch	opentaal	0		1.0
koolstofchemie	nl	opentaal-medisch	opentaal	0		1.0
koortsdroom	nl	opentaal-medisch	opentaal	0		1.0
kornoeljeboom	nl	opentaal-medisch	opentaal	0		1.0
korsakovsyndroom	nl	opentaal-medisch	opentaal	0		1.0
kortsluitstroom	nl	opentaal-medisch	opentaal	0		1.0
kosmografie	nl	opentaal-medisch	opentaal	0		1.0
kostenprognose	nl	opentaal-medisch	opentaal	0		1.0
kostenstroom	nl	opentaal-medisch	opentaal	0		1.0
kostprijspremie	nl	opentaal-medisch	opentaal	0		1.0
kraanboom	nl	opentaal-medisch	opentaal	0		1.0
krachtstroom	nl	opentaal-medisch	opentaal	0		1.0
kredietstroom	nl	opentaal-medisch	opentaal	0		1.0
krentenboom	nl	opentaal-medisch	opentaal	0		1.0
kriekenboom	nl	opentaal-medisch	opentaal	0		1.0
kringstroom	nl	opentaal-medisch	opentaal	0		1.0
kristallografie	nl	opentaal-medisch	opentaal	0		1.0
kruidnagelboom	nl	opentaal-medisch	opentaal	0		1.0
kruisboom	nl	opentaal-medisch	opentaal	0		1.0
kunstacademie	nl	opentaal-medisch	opentaal	0		1.0
kunstboom	nl	opentaal-medisch	opentaal	0		1.0
kunstfotografie	nl	opentaal-medisch	opentaal	0		1.0
kunstkerstboom	nl	opentaal-medisch	opentaal	0		1.0
kunststroom	nl	opentaal-medisch	opentaal	0		1.0
kurkboom	nl	opentaal-medisch	opentaal	0		1.0
kwantumchemie	nl	opentaal-medisch	opentaal	0		1.0
kwassieboom	nl	opentaal-medisch	opentaal	0		1.0
laadboom	nl	opentaal-medisch	opentaal	0		1.0
laadstroom	nl	opentaal-medisch	opentaal	0		1.0
laanboom	nl	opentaal-medisch	opentaal	0		1.0
labyrintectomie	nl	opentaal-medisch	opentaal	0		1.0
ladderboom	nl	opentaal-medisch	opentaal	0		1.0
lakboom	nl	opentaal-medisch	opentaal	0		1.0
lamina basilaris ductus cochlearis	la	anatomie-la	uberon	0		1.0
lamina colliculi superioris I	la	anatomie-la	uberon	0		1.0
lamina colliculi superioris ii	la	anatomie-la	uberon	0		1.0
lamina colliculi superioris iii	la	anatomie-la	uberon	0		1.0
lamina colliculi superioris iv	la	anatomie-la	uberon	0		1.0
lamina colliculi superioris v	la	anatomie-la	uberon	0		1.0
lamina colliculi superioris vi	la	anatomie-la	uberon	0		1.0
lamina colliculi superioris vii	la	anatomie-la	uberon	0		1.0
lamina cribrosa ossis ethmoidalis	la	anatomie-la	uberon	0		1.0
lamina horizontalis ossis palatini	la	anatomie-la	uberon	0		1.0
lamina limitans anterior corneae	la	anatomie-la	uberon	0		1.0
lamina limitans posterior corneae	la	anatomie-la	uberon	0		1.0
lamina medullaris externa pallidi	la	anatomie-la	uberon	0		1.0
lamina medullaris externa thalami	la	anatomie-la	uberon	0		1.0
lamina medullaris incompleta pallidi	la	anatomie-la	uberon	0		1.0
lamina medullaris interna pallidi	la	anatomie-la	uberon	0		1.0
lamina medullaris interna thalami	la	anatomie-la	uberon	0		1.0
lamina medullaris lateralis thalami	la	anatomie-la	uberon	0		1.0
lamina medullaris medialis thalami	la	anatomie-la	uberon	0		1.0
lamina medullaris thalami externa	la	anatomie-la	uberon	0		1.0
lamina medullaris thalami interna	la	anatomie-la	uberon	0		1.0
lamina muscularis mucosae (oesphagus)	la	anatomie-la	uberon	0		1.0
lamina muscularis mucosae gastricae	la	anatomie-la	uberon	0		1.0
lamina muscularis mucosae oesophageae	la	anatomie-la	uberon	0		1.0
lamina prevertebralis fasciae cervicalis	la	anatomie-la	uberon	0		1.0
lamina superficialis fasciae cervicalis	la	anatomie-la	uberon	0		1.0
lamina visceralis pericardii serosi	la	anatomie-la	uberon	0		1.0
landbouweconoom	nl	opentaal-medisch	opentaal	0		1.0
landschapsfotografie	nl	opentaal-medisch	opentaal	0		1.0
laparoscopie	nl	opentaal-medisch	opentaal	0		1.0
laparotomie	nl	opentaal-medisch	opentaal	0		1.0
lariksboom	nl	opentaal-medisch	opentaal	0		1.0
laryngoscopie	nl	opentaal-medisch	opentaal	0		1.0
lasstroom	nl	opentaal-medisch	opentaal	0		1.0
latierboom	nl	opentaal-medisch	opentaal	0		1.0
laurierboom	nl	opentaal-medisch	opentaal	0		1.0
lavastroom	nl	opentaal-medisch	opentaal	0		1.0
leeftijdspremie	nl	opentaal-medisch	opentaal	0		1.0
leegstroom	nl	opentaal-medisch	opentaal	0		1.0
legionellose	nl	opentaal-medisch	opentaal	0		1.0
leiboom	nl	opentaal-medisch	opentaal	0		1.0
lekstroom	nl	opentaal-medisch	opentaal	0		1.0
lemmetjeboom	nl	opentaal-medisch	opentaal	0		1.0
lentestroom	nl	opentaal-medisch	opentaal	0		1.0
leptosoom	nl	opentaal-medisch	opentaal	0		1.0
leptospirose	nl	opentaal-medisch	opentaal	0		1.0
leukemie	nl	opentaal-medisch	opentaal	0		1.0
levensboom	nl	opentaal-medisch	opentaal	0		1.0
levensdroom	nl	opentaal-medisch	opentaal	0		1.0
levensprognose	nl	opentaal-medisch	opentaal	0		1.0
levensstroom	nl	opentaal-medisch	opentaal	0		1.0
levercarcinoom	nl	opentaal-medisch	opentaal	0		1.0
lexicografie	nl	opentaal-medisch	opentaal	0		1.0
lichtboom	nl	opentaal-medisch	opentaal	0		1.0
lichtstroom	nl	opentaal-medisch	opentaal	0		1.0
lievelingsboom	nl	opentaal-medisch	opentaal	0		1.0
lievelingsoom	nl	opentaal-medisch	opentaal	0		1.0
ligamentum arteriosum (ductus arteriosus)	la	anatomie-la	uberon	0		1.0
ligamentum spirale ductus cochlearis	la	anatomie-la	uberon	0		1.0
lijfrentepremie	nl	opentaal-medisch	opentaal	0		1.0
lindeboom	nl	opentaal-medisch	opentaal	0		1.0
linea pectinata canalis analis	la	anatomie-la	uberon	0		1.0
liquiditeitsprognose	nl	opentaal-medisch	opentaal	0		1.0
lithografie	nl	opentaal-medisch	opentaal	0		1.0
littekenbreuk	nl	tekens-eponiemen	gecureerd	0		1.0
lobotomie	nl	opentaal-medisch	opentaal	0		1.0
lobulus biventer [h viii]	la	anatomie-la	uberon	0		1.0
lobulus quadrangularis (pars rostralis)	la	anatomie-la	uberon	0		1.0
lobulus quadrangularis pars caudalis/posterior	la	anatomie-la	uberon	0		1.0
lobulus quadrangularis pars inferoposterior	la	anatomie-la	uberon	0		1.0
lobulus semilunaris inferior cerebelli	la	anatomie-la	uberon	0		1.0
lobulus semilunaris superior cerebelli	la	anatomie-la	uberon	0		1.0
lobus anterior (glandula pituitaria)	la	anatomie-la	uberon	0		1.0
lobus inferior (pulmo dexter)	la	anatomie-la	uberon	0		1.0
lobus inferior pulmonis dextri	la	anatomie-la	uberon	0		1.0
lobus inferior pulmonis sinistri	la	anatomie-la	uberon	0		1.0
lobus medius pulmonis dextri	la	anatomie-la	uberon	0		1.0
lobus posterior (glandula pituitaria)	la	anatomie-la	uberon	0		1.0
lobus superior (pulmo dexter)	la	anatomie-la	uberon	0		1.0
lobus superior (pulmo sinister)	la	anatomie-la	uberon	0		1.0
lobus superior pulmonis dextri	la	anatomie-la	uberon	0		1.0
lobus superior pulmonis sinistri	la	anatomie-la	uberon	0		1.0
longroom	nl	opentaal-medisch	opentaal	0		1.0
longtuberculose	nl	opentaal-medisch	opentaal	0		1.0
loofboom	nl	opentaal-medisch	opentaal	0		1.0
lorkenboom	nl	opentaal-medisch	opentaal	0		1.0
luchtfotografie	nl	opentaal-medisch	opentaal	0		1.0
luchtstroom	nl	opentaal-medisch	opentaal	0		1.0
luchtwortelboom	nl	opentaal-medisch	opentaal	0		1.0
Lugano	nl	classificaties-scores	gecureerd	0		1.0
lunchroom	nl	opentaal-medisch	opentaal	0		1.0
m. obliquus externus abdominis	la	anatomie-la	uberon	0		1.0
maalstroom	nl	opentaal-medisch	opentaal	0		1.0
maandpremie	nl	opentaal-medisch	opentaal	0		1.0
macro-econoom	nl	opentaal-medisch	opentaal	0		1.0
macrofotografie	nl	opentaal-medisch	opentaal	0		1.0
mahonieboom	nl	opentaal-medisch	opentaal	0		1.0
malaria-epidemie	nl	opentaal-medisch	opentaal	0		1.0
mammoetboom	nl	opentaal-medisch	opentaal	0		1.0
mangoboom	nl	opentaal-medisch	opentaal	0		1.0
mangroveboom	nl	opentaal-medisch	opentaal	0		1.0
mannencondoom	nl	opentaal-medisch	opentaal	0		1.0
marktprognose	nl	opentaal-medisch	opentaal	0		1.0
Mason	nl	classificaties-scores	gecureerd	0		1.0
massapsychose	nl	opentaal-medisch	opentaal	0		1.0
massastroom	nl	opentaal-medisch	opentaal	0		1.0
mastboom	nl	opentaal-medisch	opentaal	0		1.0
materiaalstroom	nl	opentaal-medisch	opentaal	0		1.0
maximumpremie	nl	opentaal-medisch	opentaal	0		1.0
mazelenepidemie	nl	opentaal-medisch	opentaal	0		1.0
meetstroom	nl	opentaal-medisch	opentaal	0		1.0
meiboom	nl	opentaal-medisch	opentaal	0		1.0
meisjesdroom	nl	opentaal-medisch	opentaal	0		1.0
melanoom	nl	opentaal-medisch	opentaal	0		1.0
MELD	nl	classificaties-scores	gecureerd	0		1.0
melkstroom	nl	opentaal-medisch	opentaal	0		1.0
meloenboom	nl	opentaal-medisch	opentaal	0		1.0
membrana reticularis organi spiralis	la	anatomie-la	uberon	0		1.0
membrana synovialis (capsula articularis)	la	anatomie-la	uberon	0		1.0
membrana synovialis capsulae articularis	la	anatomie-la	uberon	0		1.0
mensenstroom	nl	opentaal-medisch	opentaal	0		1.0
mercurochroom	nl	opentaal-medisch	opentaal	0		1.0
messroom	nl	opentaal-medisch	opentaal	0		1.0
metaalatoom	nl	opentaal-medisch	opentaal	0		1.0
metallografie	nl	opentaal-medisch	opentaal	0		1.0
metamorfose	nl	opentaal-medisch	opentaal	0		1.0
metempsychose	nl	opentaal-medisch	opentaal	0		1.0
metronoom	nl	opentaal-medisch	opentaal	0		1.0
microchemie	nl	opentaal-medisch	opentaal	0		1.0
microfotografie	nl	opentaal-medisch	opentaal	0		1.0
microscopie	nl	opentaal-medisch	opentaal	0		1.0
migrantenstroom	nl	opentaal-medisch	opentaal	0		1.0
migratiestroom	nl	opentaal-medisch	opentaal	0		1.0
milieuchemie	nl	opentaal-medisch	opentaal	0		1.0
milieueconoom	nl	opentaal-medisch	opentaal	0		1.0
miljardenstroom	nl	opentaal-medisch	opentaal	0		1.0
mimografie	nl	opentaal-medisch	opentaal	0		1.0
mineralenstroom	nl	opentaal-medisch	opentaal	0		1.0
minibiografie	nl	opentaal-medisch	opentaal	0		1.0
minimumpremie	nl	opentaal-medisch	opentaal	0		1.0
mirreboom	nl	opentaal-medisch	opentaal	0		1.0
mirtenboom	nl	opentaal-medisch	opentaal	0		1.0
mispelboom	nl	opentaal-medisch	opentaal	0		1.0
mistelboom	nl	opentaal-medisch	opentaal	0		1.0
modderstroom	nl	opentaal-medisch	opentaal	0		1.0
modeacademie	nl	opentaal-medisch	opentaal	0		1.0
modefotografie	nl	opentaal-medisch	opentaal	0		1.0
modelfotografie	nl	opentaal-medisch	opentaal	0		1.0
modelprognose	nl	opentaal-medisch	opentaal	0		1.0
moederboom	nl	opentaal-medisch	opentaal	0		1.0
moerbeiboom	nl	opentaal-medisch	opentaal	0		1.0
molestpremie	nl	opentaal-medisch	opentaal	0		1.0
monochroom	nl	opentaal-medisch	opentaal	0		1.0
monografie	nl	opentaal-medisch	opentaal	0		1.0
motorstroom	nl	opentaal-medisch	opentaal	0		1.0
mucoviscidose	nl	opentaal-medisch	opentaal	0		1.0
muscularis compartimentum femoris posterius	la	anatomie-la	uberon	0		1.0
musculi externi bulbi oculi	la	anatomie-la	uberon	0		1.0
musculi interossei dorsalis pedis	la	anatomie-la	uberon	0		1.0
musculi pectinati atrii dextri	la	anatomie-la	uberon	0		1.0
musculi pectinati atrii sinistri	la	anatomie-la	uberon	0		1.0
musculus abductor digiti minimi	la	anatomie-la	uberon	0		1.0
musculus abductor pollicis brevis	la	anatomie-la	uberon	0		1.0
musculus constrictor pharyngis inferior	la	anatomie-la	uberon	0		1.0
musculus constrictor pharyngis medius	la	anatomie-la	uberon	0		1.0
musculus constrictor pharyngis superior	la	anatomie-la	uberon	0		1.0
musculus depressor anguli oris	la	anatomie-la	uberon	0		1.0
musculus depressor septi nasi	la	anatomie-la	uberon	0		1.0
musculus detrusor vesicae urinariae	la	anatomie-la	uberon	0		1.0
musculus extensor digiti minimi	la	anatomie-la	uberon	0		1.0
musculus extensor digitorum brevis	la	anatomie-la	uberon	0		1.0
musculus flexor hallucis brevis	la	anatomie-la	uberon	0		1.0
musculus flexor pollicis brevis	la	anatomie-la	uberon	0		1.0
musculus levator labii superioris	la	anatomie-la	uberon	0		1.0
musculus levator veli palatini	la	anatomie-la	uberon	0		1.0
musculus longitudinalis superior linguae	la	anatomie-la	uberon	0		1.0
musculus obliquus inferior bulbi	la	anatomie-la	uberon	0		1.0
musculus obliquus superior bulbi	la	anatomie-la	uberon	0		1.0
musculus rectus capitis anterior	la	anatomie-la	uberon	0		1.0
musculus rectus capitis lateralis	la	anatomie-la	uberon	0		1.0
musculus rectus inferior bulbi	la	anatomie-la	uberon	0		1.0
musculus rectus lateralis bulbi	la	anatomie-la	uberon	0		1.0
musculus rectus medialis bulbi	la	anatomie-la	uberon	0		1.0
musculus rectus superior bulbi	la	anatomie-la	uberon	0		1.0
musculus sphincter ampullae hepatopancreatica	la	anatomie-la	uberon	0		1.0
musculus sphincter urethrae internus	la	anatomie-la	uberon	0		1.0
musculus sphincter urethrae membranaceae	la	anatomie-la	uberon	0		1.0
musculus tensor veli palatini	la	anatomie-la	uberon	0		1.0
musculus trigoni vesicae profundus	la	anatomie-la	uberon	0		1.0
muskaatboom	nl	opentaal-medisch	opentaal	0		1.0
muziekacademie	nl	opentaal-medisch	opentaal	0		1.0
muziekstroom	nl	opentaal-medisch	opentaal	0		1.0
myo-epithelioom	nl	opentaal-medisch	opentaal	0		1.0
myopathie	nl	opentaal-medisch	opentaal	0		1.0
myxomatose	nl	opentaal-medisch	opentaal	0		1.0
naaktfotografie	nl	opentaal-medisch	opentaal	0		1.0
naaldboom	nl	opentaal-medisch	opentaal	0		1.0
nachtstroom	nl	opentaal-medisch	opentaal	0		1.0
natuurfotografie	nl	opentaal-medisch	opentaal	0		1.0
natuurstroom	nl	opentaal-medisch	opentaal	0		1.0
Neer	nl	classificaties-scores	gecureerd	0		1.0
nervus dorsalis penis <male>	la	anatomie-la	uberon	0		1.0
nervus trigemini radix motoria	la	anatomie-la	uberon	0		1.0
nervus trigeminus, radix motoria	la	anatomie-la	uberon	0		1.0
nervus trigeminus, radix motorius	la	anatomie-la	uberon	0		1.0
nestboom	nl	opentaal-medisch	opentaal	0		1.0
netstroom	nl	opentaal-medisch	opentaal	0		1.0
neuralgie	nl	opentaal-medisch	opentaal	0		1.0
neuropathie	nl	opentaal-medisch	opentaal	0		1.0
neurose	nl	opentaal-medisch	opentaal	0		1.0
nichroom	nl	opentaal-medisch	opentaal	0		1.0
niemboom	nl	opentaal-medisch	opentaal	0		1.0
niet-econoom	nl	opentaal-medisch	opentaal	0		1.0
nieuwsfotografie	nl	opentaal-medisch	opentaal	0		1.0
nieuwsstroom	nl	opentaal-medisch	opentaal	0		1.0
nodi lymphatici inguinales profundi	la	anatomie-la	uberon	0		1.0
nodus inguinales profundi distalis	la	anatomie-la	uberon	0		1.0
nodus inguinales profundi intermedius	la	anatomie-la	uberon	0		1.0
nodus lymphaticus inguinalis profundus	la	anatomie-la	uberon	0		1.0
nodus lymphaticus inguinalis superficialis	la	anatomie-la	uberon	0		1.0
nodus lymphaticus supraclavicularis axillae	la	anatomie-la	uberon	0		1.0
nomografie	nl	opentaal-medisch	opentaal	0		1.0
noodstroom	nl	opentaal-medisch	opentaal	0		1.0
nostalgie	nl	opentaal-medisch	opentaal	0		1.0
notenboom	nl	opentaal-medisch	opentaal	0		1.0
nuclei accessorii tractus optici	la	anatomie-la	uberon	0		1.0
nuclei corporis geniculati medialis	la	anatomie-la	uberon	0		1.0
nuclei raphes tegmenti mesencephali	la	anatomie-la	uberon	0		1.0
nuclei ventrales mediales thalami	la	anatomie-la	uberon	0		1.0
nucleus (motorius) tecti cerebelli	la	anatomie-la	uberon	0		1.0
nucleus amygdalae basalis accessorius	la	anatomie-la	uberon	0		1.0
nucleus amygdalae basalis lateralis	la	anatomie-la	uberon	0		1.0
nucleus amygdalae basalis medialis	la	anatomie-la	uberon	0		1.0
nucleus anterior corporis trapezoidei	la	anatomie-la	uberon	0		1.0
nucleus anterior lemnisci lateralis	la	anatomie-la	uberon	0		1.0
nucleus anterior principalis (Hassler)	la	anatomie-la	uberon	0		1.0
nucleus anterodorsalis of thalamus	la	anatomie-la	uberon	0		1.0
nucleus basalis accessorius amygdalae	la	anatomie-la	uberon	0		1.0
nucleus basalis lateralis amygdalae	la	anatomie-la	uberon	0		1.0
nucleus basalis medialis amygdalae	la	anatomie-la	uberon	0		1.0
nucleus caudalis centralis oculomotorii	la	anatomie-la	uberon	0		1.0
nucleus centralis (colliculi inferioris)	la	anatomie-la	uberon	0		1.0
nucleus centralis colliculi inferioris	la	anatomie-la	uberon	0		1.0
nucleus centralis nervi oculomotorii	la	anatomie-la	uberon	0		1.0
nucleus commissurae posterioris (Riley)	la	anatomie-la	uberon	0		1.0
nucleus commissuralis nervi vagi	la	anatomie-la	uberon	0		1.0
nucleus corporis geniculati lateralis	la	anatomie-la	uberon	0		1.0
nucleus corporis geniculati medialis	la	anatomie-la	uberon	0		1.0
nucleus corporis mamillaris lateralis	la	anatomie-la	uberon	0		1.0
nucleus dorsalis corporis trapezoidei	la	anatomie-la	uberon	0		1.0
nucleus dorsalis lateralis thalami	la	anatomie-la	uberon	0		1.0
nucleus dorsalis nervi oculomotorii	la	anatomie-la	uberon	0		1.0
nucleus dorsalis nervi vagi	la	anatomie-la	uberon	0		1.0
nucleus dorsalis tegmenti (Gudden)	la	anatomie-la	uberon	0		1.0
nucleus dorsomedialis hypothalamicae intermediae	la	anatomie-la	uberon	0		1.0
nucleus externus (colliculi inferioris)	la	anatomie-la	uberon	0		1.0
nucleus externus colliculi inferioris	la	anatomie-la	uberon	0		1.0
nucleus fasciculi diagonalis Brocae	la	anatomie-la	uberon	0		1.0
nucleus fasciculi longitudinalis medialis	la	anatomie-la	uberon	0		1.0
nucleus funiculi cuneatus externus	la	anatomie-la	uberon	0		1.0
nucleus geniculatus lateralis dorsalis	la	anatomie-la	uberon	0		1.0
nucleus intercalatus corporis mammillaris	la	anatomie-la	uberon	0		1.0
nucleus intermediolateralis medullae spinalis	la	anatomie-la	uberon	0		1.0
nucleus intermedius corpus mamillaris	la	anatomie-la	uberon	0		1.0
nucleus interpositus anterior cerebelli	la	anatomie-la	uberon	0		1.0
nucleus interpositus posterior cerebelli	la	anatomie-la	uberon	0		1.0
nucleus interstitialis commissurae anterior	la	anatomie-la	uberon	0		1.0
nucleus interstitialis striae terminalis	la	anatomie-la	uberon	0		1.0
nucleus lateralis colliculi inferioris	la	anatomie-la	uberon	0		1.0
nucleus lateralis corpus mamillaris	la	anatomie-la	uberon	0		1.0
nucleus lateralis globi pallidi	la	anatomie-la	uberon	0		1.0
nucleus lemnisci lateralis dorsalis	la	anatomie-la	uberon	0		1.0
nucleus lemnisci lateralis ventralis	la	anatomie-la	uberon	0		1.0
nucleus magnocellularis tractus optici	la	anatomie-la	uberon	0		1.0
nucleus medialis dorsalis (Hassler)	la	anatomie-la	uberon	0		1.0
nucleus medialis dorsalis thalami	la	anatomie-la	uberon	0		1.0
nucleus medialis globi pallidi	la	anatomie-la	uberon	0		1.0
nucleus mesencephalicus nervi trigeminalis	la	anatomie-la	uberon	0		1.0
nucleus mesencephalicus nervi trigemini	la	anatomie-la	uberon	0		1.0
nucleus motorius nervi trigeminalis	la	anatomie-la	uberon	0		1.0
nucleus motorius nervi trigemini	la	anatomie-la	uberon	0		1.0
nucleus nervi oculomotorii centralis	la	anatomie-la	uberon	0		1.0
nucleus nervi oculomotorii Edinger-Westphal	la	anatomie-la	uberon	0		1.0
nucleus nervi oculomotorii parvocellularis	la	anatomie-la	uberon	0		1.0
nucleus nervi oculomotorii ventrolateralis	la	anatomie-la	uberon	0		1.0
nucleus olivaris accessorius medialis	la	anatomie-la	uberon	0		1.0
nucleus olivaris accessorius posterior	la	anatomie-la	uberon	0		1.0
nucleus olivaris superior lateralis	la	anatomie-la	uberon	0		1.0
nucleus olivaris superior medialis	la	anatomie-la	uberon	0		1.0
nucleus parvocellularis nervi hypoglossi	la	anatomie-la	uberon	0		1.0
nucleus pericentralis (colliculi inferioris)	la	anatomie-la	uberon	0		1.0
nucleus pericentralis colliculi inferioris	la	anatomie-la	uberon	0		1.0
nucleus pontinus nervi trigeminalis	la	anatomie-la	uberon	0		1.0
nucleus pontinus nervi trigemini	la	anatomie-la	uberon	0		1.0
nucleus posterior lemnisci lateralis	la	anatomie-la	uberon	0		1.0
nucleus principalis nervi trigemini	la	anatomie-la	uberon	0		1.0
nucleus proprius columnae posterioris	la	anatomie-la	uberon	0		1.0
nucleus proprius cornu dorsalis	la	anatomie-la	uberon	0		1.0
nucleus proprius medullae spinalis	la	anatomie-la	uberon	0		1.0
nucleus pulvinaris oromedialis (Hassler)	la	anatomie-la	uberon	0		1.0
nucleus reticularis diffusus (Koelliker)	la	anatomie-la	uberon	0		1.0
nucleus reticularis paramedianus myelencephali	la	anatomie-la	uberon	0		1.0
nucleus reticularis pontis caudalis	la	anatomie-la	uberon	0		1.0
nucleus reticularis pontis oralis	la	anatomie-la	uberon	0		1.0
nucleus reticularis tegmenti pontis	la	anatomie-la	uberon	0		1.0
nucleus rostralis nervi oculomotorii	la	anatomie-la	uberon	0		1.0
nucleus ruber tegmenti (Stilling)	la	anatomie-la	uberon	0		1.0
nucleus ruber, pars magnocellularis	la	anatomie-la	uberon	0		1.0
nucleus ruber, pars parvocellularis	la	anatomie-la	uberon	0		1.0
nucleus spinalis nervi trigemini	la	anatomie-la	uberon	0		1.0
nucleus striae olfactoriae lateralis	la	anatomie-la	uberon	0		1.0
nucleus substantiae grisea ventralis	la	anatomie-la	uberon	0		1.0
nucleus substantiae griseae ventralis	la	anatomie-la	uberon	0		1.0
nucleus tegmentalis centralis inferior	la	anatomie-la	uberon	0		1.0
nucleus ventralis anterior thalami	la	anatomie-la	uberon	0		1.0
nucleus ventralis caudalis lateralis	la	anatomie-la	uberon	0		1.0
nucleus ventralis corporis trapezoidei	la	anatomie-la	uberon	0		1.0
nucleus ventralis posterolateralis (Walker)	la	anatomie-la	uberon	0		1.0
nucleus ventralis posterolateralis thalami	la	anatomie-la	uberon	0		1.0
nucleus ventralis posteromedialis thalami	la	anatomie-la	uberon	0		1.0
nucleus ventralis tegmenti (Gudden)	la	anatomie-la	uberon	0		1.0
nucleus ventro-oralis internus (Hassler)	la	anatomie-la	uberon	0		1.0
oceanografie	nl	opentaal-medisch	opentaal	0		1.0
oesofaguscarcinoom	nl	opentaal-medisch	opentaal	0		1.0
oleografie	nl	opentaal-medisch	opentaal	0		1.0
olieboom	nl	opentaal-medisch	opentaal	0		1.0
oliestroom	nl	opentaal-medisch	opentaal	0		1.0
olijfboom	nl	opentaal-medisch	opentaal	0		1.0
omslagpremie	nl	opentaal-medisch	opentaal	0		1.0
omzetpremie	nl	opentaal-medisch	opentaal	0		1.0
omzetprognose	nl	opentaal-medisch	opentaal	0		1.0
onderstroom	nl	opentaal-medisch	opentaal	0		1.0
onderwaterfotografie	nl	opentaal-medisch	opentaal	0		1.0
ontslagpremie	nl	opentaal-medisch	opentaal	0		1.0
ontwikkelingseconoom	nl	opentaal-medisch	opentaal	0		1.0
ooftboom	nl	opentaal-medisch	opentaal	0		1.0
oorlogspsychose	nl	opentaal-medisch	opentaal	0		1.0
oprotpremie	nl	opentaal-medisch	opentaal	0		1.0
opslagpremie	nl	opentaal-medisch	opentaal	0		1.0
opstoom	nl	opentaal-medisch	opentaal	0		1.0
optiepremie	nl	opentaal-medisch	opentaal	0		1.0
oranjeboom	nl	opentaal-medisch	opentaal	0		1.0
orderstroom	nl	opentaal-medisch	opentaal	0		1.0
organum vasculosum lamina terminalis	la	anatomie-la	uberon	0		1.0
organum vasculosum laminae terminalis	la	anatomie-la	uberon	0		1.0
orografie	nl	opentaal-medisch	opentaal	0		1.0
orthografie	nl	opentaal-medisch	opentaal	0		1.0
ossa sessamoidea m. gastrocnemii	la	anatomie-la	uberon	0		1.0
osteopathie	nl	opentaal-medisch	opentaal	0		1.0
ostium pharyngeum tubae auditivae	la	anatomie-la	uberon	0		1.0
ostium pharyngeum tubae auditoriae	la	anatomie-la	uberon	0		1.0
overnamepremie	nl	opentaal-medisch	opentaal	0		1.0
overstroom	nl	opentaal-medisch	opentaal	0		1.0
overtoom	nl	opentaal-medisch	opentaal	0		1.0
overwegboom	nl	opentaal-medisch	opentaal	0		1.0
overwinningspremie	nl	opentaal-medisch	opentaal	0		1.0
paasboom	nl	opentaal-medisch	opentaal	0		1.0
pagodeboom	nl	opentaal-medisch	opentaal	0		1.0
paleografie	nl	opentaal-medisch	opentaal	0		1.0
palindroom	nl	opentaal-medisch	opentaal	0		1.0
palmboom	nl	opentaal-medisch	opentaal	0		1.0
pandemie	nl	opentaal-medisch	opentaal	0		1.0
panniculus adiposus (tela subcutanea)	la	anatomie-la	uberon	0		1.0
panniculus adiposus telae subcutaneae	la	anatomie-la	uberon	0		1.0
papierstroom	nl	opentaal-medisch	opentaal	0		1.0
paradentose	nl	opentaal-medisch	opentaal	0		1.0
paratuberculose	nl	opentaal-medisch	opentaal	0		1.0
paries membranaceus cavi tympani	la	anatomie-la	uberon	0		1.0
paries tegmentalis cavi tympani	la	anatomie-la	uberon	0		1.0
parkietenboom	nl	opentaal-medisch	opentaal	0		1.0
parodontitis	nl	opentaal-medisch	opentaal	0		1.0
parodontose	nl	opentaal-medisch	opentaal	0		1.0
pars anterior dorsi linguae	la	anatomie-la	uberon	0		1.0
pars anterior fornicis vaginae	la	anatomie-la	uberon	0		1.0
pars basilaris ossis occipitalis	la	anatomie-la	uberon	0		1.0
pars centralis (ventriculi lateralis)	la	anatomie-la	uberon	0		1.0
pars centralis ventriculi lateralis	la	anatomie-la	uberon	0		1.0
pars cervicalis medullae spinalis	la	anatomie-la	uberon	0		1.0
pars coccygea medullae spinalis	la	anatomie-la	uberon	0		1.0
pars compacta substantiae nigrae	la	anatomie-la	uberon	0		1.0
pars distalis (glandula pituitaria)	la	anatomie-la	uberon	0		1.0
pars dorsolateralis nuclei supraoptici	la	anatomie-la	uberon	0		1.0
pars flaccida (membrana tympanica)	la	anatomie-la	uberon	0		1.0
pars flaccida membranae tympanicae	la	anatomie-la	uberon	0		1.0
pars inferior ganglionis vestibularis	la	anatomie-la	uberon	0		1.0
pars intermedia (glandula pituitaria)	la	anatomie-la	uberon	0		1.0
pars intermedia urethrae masculinae	la	anatomie-la	uberon	0		1.0
pars lateralis fornicis vaginae	la	anatomie-la	uberon	0		1.0
pars lateralis ossis occipitalis	la	anatomie-la	uberon	0		1.0
pars lateralis substantiae nigrae	la	anatomie-la	uberon	0		1.0
pars lumbalis medullae spinalis	la	anatomie-la	uberon	0		1.0
pars magnocellularis nuclei rubri	la	anatomie-la	uberon	0		1.0
pars marginalis sulci cinguli	la	anatomie-la	uberon	0		1.0
pars medialis globi pallidi	la	anatomie-la	uberon	0		1.0
pars mediastinalis pleurae parietalis	la	anatomie-la	uberon	0		1.0
pars membranacea septi interventricularis	la	anatomie-la	uberon	0		1.0
pars membranacea urethrae masculinae	la	anatomie-la	uberon	0		1.0
pars muscularis septi interventricularis	la	anatomie-la	uberon	0		1.0
pars olfactoria commissurae anterioris	la	anatomie-la	uberon	0		1.0
pars orbitalis glandulae lacrimalis	la	anatomie-la	uberon	0		1.0
pars orbitalis ossis frontalis	la	anatomie-la	uberon	0		1.0
pars ossea tubae auditivae	la	anatomie-la	uberon	0		1.0
pars palpebralis glandulae lacrimalis	la	anatomie-la	uberon	0		1.0
pars parvocellularis nuclei rubri	la	anatomie-la	uberon	0		1.0
pars pialis fili terminalis	la	anatomie-la	uberon	0		1.0
pars posterior commissurae anterioris	la	anatomie-la	uberon	0		1.0
pars posterior dorsi linguae	la	anatomie-la	uberon	0		1.0
pars posterior of hypophysis	la	anatomie-la	uberon	0		1.0
pars profunda musculus masseterica	la	anatomie-la	uberon	0		1.0
pars reticularis substantiae nigrae	la	anatomie-la	uberon	0		1.0
pars retrolenticularis capsulae internae	la	anatomie-la	uberon	0		1.0
pars retrolentiformis (capsulae internae)	la	anatomie-la	uberon	0		1.0
pars sacralis medullae spinalis	la	anatomie-la	uberon	0		1.0
pars spinalis nervus accessorius	la	anatomie-la	uberon	0		1.0
pars spongiosa (urethra masculina)	la	anatomie-la	uberon	0		1.0
pars squamosa ossis temporalis	la	anatomie-la	uberon	0		1.0
pars superior ganglionis vestibularis	la	anatomie-la	uberon	0		1.0
pars tensa membranae tympanicae	la	anatomie-la	uberon	0		1.0
pars thoracica medullae spinalis	la	anatomie-la	uberon	0		1.0
pars thyroepiglottica musculi thyroarytenoidei	la	anatomie-la	uberon	0		1.0
pars thyroepiglottica musculus thyroarytenoidei	la	anatomie-la	uberon	0		1.0
pars tuberalis (glandula pituitaria)	la	anatomie-la	uberon	0		1.0
pars tympanica ossis temporalis	la	anatomie-la	uberon	0		1.0
partes intersegmentales venarum pulmonum	la	anatomie-la	uberon	0		1.0
patholoog-anatoom	nl	opentaal-medisch	opentaal	0		1.0
patiëntenstroom	nl	opentaal-medisch	opentaal	0		1.0
pediculose	nl	opentaal-medisch	opentaal	0		1.0
pedunculus cerebellaris superior (mesencephalon)	la	anatomie-la	uberon	0		1.0
pedunculus cerebellaris superior (pontis)	la	anatomie-la	uberon	0		1.0
pedunculus cerebri, pars basalis	la	anatomie-la	uberon	0		1.0
peetoom	nl	opentaal-medisch	opentaal	0		1.0
pensioenpremie	nl	opentaal-medisch	opentaal	0		1.0
peperboom	nl	opentaal-medisch	opentaal	0		1.0
perenboom	nl	opentaal-medisch	opentaal	0		1.0
pericardial effusion	en	descriptoren-bevindingen	gecureerd	0		1.0
pericraniitis	nl	opentaal-medisch	opentaal	0		1.0
perienteric stranding	en	descriptoren-bevindingen	gecureerd	0		1.0
persfotografie	nl	opentaal-medisch	opentaal	0		1.0
persoonlijkheidssyndroom	nl	opentaal-medisch	opentaal	0		1.0
perzikboom	nl	opentaal-medisch	opentaal	0		1.0
perzikenboom	nl	opentaal-medisch	opentaal	0		1.0
pes pedunculi of midbrain	la	anatomie-la	uberon	0		1.0
pestepidemie	nl	opentaal-medisch	opentaal	0		1.0
petrochemie	nl	opentaal-medisch	opentaal	0		1.0
pickwicksyndroom	nl	opentaal-medisch	opentaal	0		1.0
pijnboom	nl	opentaal-medisch	opentaal	0		1.0
pimentboom	nl	opentaal-medisch	opentaal	0		1.0
pisangboom	nl	opentaal-medisch	opentaal	0		1.0
pistacheboom	nl	opentaal-medisch	opentaal	0		1.0
pleural effusion	en	descriptoren-bevindingen	gecureerd,telnyx	0		1.0
plexus nervosus aorticus abdominalis	la	anatomie-la	uberon	0		1.0
plexus nervosus aorticus thoracicus	la	anatomie-la	uberon	0		1.0
plexus nervosus hypogastricus inferior	la	anatomie-la	uberon	0		1.0
plexus nervosus mesentericus inferior	la	anatomie-la	uberon	0		1.0
plexus pharyngeus nervi vagi	la	anatomie-la	uberon	0		1.0
ploegboom	nl	opentaal-medisch	opentaal	0		1.0
pokkenepidemie	nl	opentaal-medisch	opentaal	0		1.0
polarisatiestroom	nl	opentaal-medisch	opentaal	0		1.0
poliepose	nl	opentaal-medisch	opentaal	0		1.0
polio-epidemie	nl	opentaal-medisch	opentaal	0		1.0
politieacademie	nl	opentaal-medisch	opentaal	0		1.0
polstendosynoviitis	nl	opentaal-medisch	opentaal	0		1.0
polychroom	nl	opentaal-medisch	opentaal	0		1.0
polygrafie	nl	opentaal-medisch	opentaal	0		1.0
polymeerchemie	nl	opentaal-medisch	opentaal	0		1.0
polynoom	nl	opentaal-medisch	opentaal	0		1.0
polysemie	nl	opentaal-medisch	opentaal	0		1.0
pornografie	nl	opentaal-medisch	opentaal	0		1.0
portio minor nervi trigemini	la	anatomie-la	uberon	0		1.0
portretfotografie	nl	opentaal-medisch	opentaal	0		1.0
posterior fontanelle of skull	la	anatomie-la	uberon	0		1.0
poststroom	nl	opentaal-medisch	opentaal	0		1.0
postviraalsyndroom	nl	opentaal-medisch	opentaal	0		1.0
processus articularis inferior vertebrae	la	anatomie-la	uberon	0		1.0
processus articularis superior vertebrae	la	anatomie-la	uberon	0		1.0
processus frontalis ossis zygomatici	la	anatomie-la	uberon	0		1.0
processus palatinus ossis maxillae	la	anatomie-la	uberon	0		1.0
processus pterygoideus ossis sphenoidalis	la	anatomie-la	uberon	0		1.0
processus styloideus ossis temporalis	la	anatomie-la	uberon	0		1.0
processus temporalis ossis zygomatici	la	anatomie-la	uberon	0		1.0
processus uncinatus ossis ethmoidalis	la	anatomie-la	uberon	0		1.0
processus vaginalis peritonei femininus	la	anatomie-la	uberon	0		1.0
processus vaginalis peritonei masculinus	la	anatomie-la	uberon	0		1.0
processus zygomaticus ossis frontalis	la	anatomie-la	uberon	0		1.0
processus zygomaticus ossis temporalis	la	anatomie-la	uberon	0		1.0
productfotografie	nl	opentaal-medisch	opentaal	0		1.0
productiepremie	nl	opentaal-medisch	opentaal	0		1.0
productiestroom	nl	opentaal-medisch	opentaal	0		1.0
productstroom	nl	opentaal-medisch	opentaal	0		1.0
prolongatiepremie	nl	opentaal-medisch	opentaal	0		1.0
prominentia spiralis ductus cochlearis	la	anatomie-la	uberon	0		1.0
pruimenboom	nl	opentaal-medisch	opentaal	0		1.0
psittacose	nl	opentaal-medisch	opentaal	0		1.0
psychoneurose	nl	opentaal-medisch	opentaal	0		1.0
psychopathie	nl	opentaal-medisch	opentaal	0		1.0
psychoscopie	nl	opentaal-medisch	opentaal	0		1.0
psychosomatose	nl	opentaal-medisch	opentaal	0		1.0
pulmonary nodule	en	pathologie	gecureerd	0		1.0
raamboom	nl	opentaal-medisch	opentaal	0		1.0
rabdomyosarcoom	nl	opentaal-medisch	opentaal	0		1.0
radioscopie	nl	opentaal-medisch	opentaal	0		1.0
radiotelegrafie	nl	opentaal-medisch	opentaal	0		1.0
ramus anterior nervi spinalis	la	anatomie-la	uberon	0		1.0
ramus anterior sulcus lateralis	la	anatomie-la	uberon	0		1.0
ramus ascendens sulcus lateralis	la	anatomie-la	uberon	0		1.0
ramus digastricus nervus facialis	la	anatomie-la	uberon	0		1.0
ramus horizontalis fissurae sylvii	la	anatomie-la	uberon	0		1.0
ramus inferior nervi oculomotorii	la	anatomie-la	uberon	0		1.0
ramus inferior nervus oculomotorii	la	anatomie-la	uberon	0		1.0
ramus marginalis sulci cinguli	la	anatomie-la	uberon	0		1.0
ramus marginalis; sulcus marginalis	la	anatomie-la	uberon	0		1.0
ramus meningeus nervus mandibularis	la	anatomie-la	uberon	0		1.0
ramus palmaris (nervus medianus)	la	anatomie-la	uberon	0		1.0
ramus pharyngeus nervi vagi	la	anatomie-la	uberon	0		1.0
ramus posterior nervi spinalis	la	anatomie-la	uberon	0		1.0
ramus stylohyoideus nervus facialis	la	anatomie-la	uberon	0		1.0
ramus superior nervi oculomotorii	la	anatomie-la	uberon	0		1.0
ramus superior nervus oculomotorii	la	anatomie-la	uberon	0		1.0
ramus verticalis fissurae sylvii	la	anatomie-la	uberon	0		1.0
ramus zygomaticotemporalis nervus zygomatici	la	anatomie-la	uberon	0		1.0
randpsychose	nl	opentaal-medisch	opentaal	0		1.0
re-integratiepremie	nl	opentaal-medisch	opentaal	0		1.0
recessus hepatorenalis recessi subhepatici	la	anatomie-la	uberon	0		1.0
recessus inferior bursae omentalis	la	anatomie-la	uberon	0		1.0
recessus lateralis (ventriculi quarti)	la	anatomie-la	uberon	0		1.0
recessus lateralis ventriculi quarti	la	anatomie-la	uberon	0		1.0
recessus superior bursae omentalis	la	anatomie-la	uberon	0		1.0
reclamefotografie	nl	opentaal-medisch	opentaal	0		1.0
rectoscopie	nl	opentaal-medisch	opentaal	0		1.0
regio hippocampi proprii III	la	anatomie-la	uberon	0		1.0
regio I cornus ammonis	la	anatomie-la	uberon	0		1.0
regio I hippocampi proprii	la	anatomie-la	uberon	0		1.0
regio ii cornus ammonis	la	anatomie-la	uberon	0		1.0
regio ii hippocampi proprii	la	anatomie-la	uberon	0		1.0
regio III cornus ammonis	la	anatomie-la	uberon	0		1.0
regio III hippocampi proprii	la	anatomie-la	uberon	0		1.0
regio IV cornus ammonis	la	anatomie-la	uberon	0		1.0
regio IV hippocampi proprii	la	anatomie-la	uberon	0		1.0
regulitis	nl	opentaal-medisch	opentaal	0		1.0
reizigersstroom	nl	opentaal-medisch	opentaal	0		1.0
rentepremie	nl	opentaal-medisch	opentaal	0		1.0
reportagefotografie	nl	opentaal-medisch	opentaal	0		1.0
reprografie	nl	opentaal-medisch	opentaal	0		1.0
reststroom	nl	opentaal-medisch	opentaal	0		1.0
retinopathie	nl	opentaal-medisch	opentaal	0		1.0
retourpremie	nl	opentaal-medisch	opentaal	0		1.0
rheumatoid arthritis	en	pathologie	gecureerd	0		1.0
ribosoom	nl	opentaal-medisch	opentaal	0		1.0
ricinusboom	nl	opentaal-medisch	opentaal	0		1.0
rijksacademie	nl	opentaal-medisch	opentaal	0		1.0
risicopremie	nl	opentaal-medisch	opentaal	0		1.0
rolzoom	nl	opentaal-medisch	opentaal	0		1.0
rozenboom	nl	opentaal-medisch	opentaal	0		1.0
rubberboom	nl	opentaal-medisch	opentaal	0		1.0
ruststroom	nl	opentaal-medisch	opentaal	0		1.0
s. limitans fossae rhomboideae	la	anatomie-la	uberon	0		1.0
sacharose	nl	opentaal-medisch	opentaal	0		1.0
sacro-iliitis	nl	opentaal-medisch	opentaal	0		1.0
samenstroom	nl	opentaal-medisch	opentaal	0		1.0
sandelboom	nl	opentaal-medisch	opentaal	0		1.0
sapstroom	nl	opentaal-medisch	opentaal	0		1.0
sausboom	nl	opentaal-medisch	opentaal	0		1.0
scenografie	nl	opentaal-medisch	opentaal	0		1.0
schakelhefboom	nl	opentaal-medisch	opentaal	0		1.0
schellenboom	nl	opentaal-medisch	opentaal	0		1.0
Scheltens	nl	classificaties-scores	gecureerd	0		1.0
schietboom	nl	opentaal-medisch	opentaal	0		1.0
schijnvroom	nl	opentaal-medisch	opentaal	0		1.0
schilderacademie	nl	opentaal-medisch	opentaal	0		1.0
schippersboom	nl	opentaal-medisch	opentaal	0		1.0
schoolpremie	nl	opentaal-medisch	opentaal	0		1.0
schrikneurose	nl	opentaal-medisch	opentaal	0		1.0
schrikstroom	nl	opentaal-medisch	opentaal	0		1.0
schroom	nl	opentaal-medisch	opentaal	0		1.0
schrootpremie	nl	opentaal-medisch	opentaal	0		1.0
schubboom	nl	opentaal-medisch	opentaal	0		1.0
schutsboom	nl	opentaal-medisch	opentaal	0		1.0
scrofulose	nl	opentaal-medisch	opentaal	0		1.0
segment hepatis posterius I	la	anatomie-la	uberon	0		1.0
segmentum anterius bulbi oculi	la	anatomie-la	uberon	0		1.0
segmentum posterius bulbi oculi	la	anatomie-la	uberon	0		1.0
semiautonoom	nl	opentaal-medisch	opentaal	0		1.0
septikemie	nl	opentaal-medisch	opentaal	0		1.0
seringenboom	nl	opentaal-medisch	opentaal	0		1.0
shakenbabysyndroom	nl	opentaal-medisch	opentaal	0		1.0
showroom	nl	opentaal-medisch	opentaal	0		1.0
shutterboom	nl	opentaal-medisch	opentaal	0		1.0
sickbuildingsyndroom	nl	opentaal-medisch	opentaal	0		1.0
sicksinussyndroom	nl	opentaal-medisch	opentaal	0		1.0
sierboom	nl	opentaal-medisch	opentaal	0		1.0
sikkelcelanemie	nl	opentaal-medisch	opentaal	0		1.0
sinaasappelboom	nl	opentaal-medisch	opentaal	0		1.0
sinus transversus durae matris	la	anatomie-la	uberon	0		1.0
slagboom	nl	opentaal-medisch	opentaal	0		1.0
slagroom	nl	opentaal-medisch	opentaal	0		1.0
slooppremie	nl	opentaal-medisch	opentaal	0		1.0
sluitboom	nl	opentaal-medisch	opentaal	0		1.0
socialeverzekeringspremie	nl	opentaal-medisch	opentaal	0		1.0
sociografie	nl	opentaal-medisch	opentaal	0		1.0
spaarpremie	nl	opentaal-medisch	opentaal	0		1.0
spalierboom	nl	opentaal-medisch	opentaal	0		1.0
sparrenboom	nl	opentaal-medisch	opentaal	0		1.0
spectrografie	nl	opentaal-medisch	opentaal	0		1.0
spectroscopie	nl	opentaal-medisch	opentaal	0		1.0
speelboom	nl	opentaal-medisch	opentaal	0		1.0
spieratrofie	nl	opentaal-medisch	opentaal	0		1.0
spierdystrofie	nl	opentaal-medisch	opentaal	0		1.0
spinazieacademie	nl	opentaal-medisch	opentaal	0		1.0
spinnakerboom	nl	opentaal-medisch	opentaal	0		1.0
spoorboom	nl	opentaal-medisch	opentaal	0		1.0
sporkeboom	nl	opentaal-medisch	opentaal	0		1.0
sportacademie	nl	opentaal-medisch	opentaal	0		1.0
sportfotografie	nl	opentaal-medisch	opentaal	0		1.0
spuitboom	nl	opentaal-medisch	opentaal	0		1.0
squameuzecelcarcinoom	nl	opentaal-medisch	opentaal	0		1.0
staalboom	nl	opentaal-medisch	opentaal	0		1.0
stamboom	nl	opentaal-medisch	opentaal	0		1.0
startpremie	nl	opentaal-medisch	opentaal	0		1.0
stenografie	nl	opentaal-medisch	opentaal	0		1.0
stereochemie	nl	opentaal-medisch	opentaal	0		1.0
stereofotografie	nl	opentaal-medisch	opentaal	0		1.0
stereoscopie	nl	opentaal-medisch	opentaal	0		1.0
sterkstroom	nl	opentaal-medisch	opentaal	0		1.0
stijgstroom	nl	opentaal-medisch	opentaal	0		1.0
stimuleringspremie	nl	opentaal-medisch	opentaal	0		1.0
stinkboom	nl	opentaal-medisch	opentaal	0		1.0
stockholmsyndroom	nl	opentaal-medisch	opentaal	0		1.0
straalstroom	nl	opentaal-medisch	opentaal	0		1.0
straatfotografie	nl	opentaal-medisch	opentaal	0		1.0
stratigrafie	nl	opentaal-medisch	opentaal	0		1.0
stratum granulare gyri dentati	la	anatomie-la	uberon	0		1.0
stratum granulosum corticis cerebelli	la	anatomie-la	uberon	0		1.0
stratum limitans externum retinae	la	anatomie-la	uberon	0		1.0
stratum limitans internum retinae	la	anatomie-la	uberon	0		1.0
stratum longitudinale (tunica muscularis)(gaster)	la	anatomie-la	uberon	0		1.0
stratum moleculare corticis cerebelli	la	anatomie-la	uberon	0		1.0
stratum moleculare gyri dentati	la	anatomie-la	uberon	0		1.0
stratum nucleare externum retinae	la	anatomie-la	uberon	0		1.0
stratum nucleare internum retinae	la	anatomie-la	uberon	0		1.0
stratum opticum colliculi superioris	la	anatomie-la	uberon	0		1.0
stratum plexiforme externum retinae	la	anatomie-la	uberon	0		1.0
stratum plexiforme internum retinae	la	anatomie-la	uberon	0		1.0
stratum synoviale (capsula articularis)	la	anatomie-la	uberon	0		1.0
stratum zonale colliculi superioris	la	anatomie-la	uberon	0		1.0
stratum zonale of midbrain	la	anatomie-la	uberon	0		1.0
streptokokkemie	nl	opentaal-medisch	opentaal	0		1.0
stresssymptoom	nl	opentaal-medisch	opentaal	0		1.0
stresssyndroom	nl	opentaal-medisch	opentaal	0		1.0
stria externa medullae renalis	la	anatomie-la	uberon	0		1.0
stria interna medullae renalis	la	anatomie-la	uberon	0		1.0
stria vascularis ductus cochlearis	la	anatomie-la	uberon	0		1.0
studiofotografie	nl	opentaal-medisch	opentaal	0		1.0
stuurboom	nl	opentaal-medisch	opentaal	0		1.0
stuurstroom	nl	opentaal-medisch	opentaal	0		1.0
subarachnoid hemorrhage	en	pathologie	gecureerd	0		1.0
subchondral cyst	en	descriptoren-bevindingen	gecureerd	0		1.0
subchondral sclerosis	en	descriptoren-bevindingen	gecureerd	0		1.0
subdural hematoma	en	pathologie	gecureerd	0		1.0
subsidiestroom	nl	opentaal-medisch	opentaal	0		1.0
substantia gelatinosa cornu posterioris medullae spinalis	la	anatomie-la	uberon	0		1.0
suikeroom	nl	opentaal-medisch	opentaal	0		1.0
sulcus anterolateralis medullae oblongatae	la	anatomie-la	uberon	0		1.0
sulcus cerebri lateralis (Sylvii)	la	anatomie-la	uberon	0		1.0
sulcus frontalis medius (Eberstaller)	la	anatomie-la	uberon	0		1.0
sulcus frontalis superior anterior	la	anatomie-la	uberon	0		1.0
sulcus lateralis, ramus anterior	la	anatomie-la	uberon	0		1.0
sulcus lateralis, ramus ascendens	la	anatomie-la	uberon	0		1.0
sulcus lateralis, ramus posterior	la	anatomie-la	uberon	0		1.0
sulcus limitans inferior lateralis	la	anatomie-la	uberon	0		1.0
sulcus olfactorius lobi frontalis	la	anatomie-la	uberon	0		1.0
sulcus temporalis inferior (Roberts)	la	anatomie-la	uberon	0		1.0
sulcus temporalis medius (Roberts)	la	anatomie-la	uberon	0		1.0
symbiose	nl	opentaal-medisch	opentaal	0		1.0
sympathie	nl	opentaal-medisch	opentaal	0		1.0
symptoom	nl	opentaal-medisch	opentaal	0		1.0
systeemdiagnose	nl	opentaal-medisch	opentaal	0		1.0
tachygrafie	nl	opentaal-medisch	opentaal	0		1.0
tamarindeboom	nl	opentaal-medisch	opentaal	0		1.0
taxonoom	nl	opentaal-medisch	opentaal	0		1.0
taxusboom	nl	opentaal-medisch	opentaal	0		1.0
tearoom	nl	opentaal-medisch	opentaal	0		1.0
tegenstoom	nl	opentaal-medisch	opentaal	0		1.0
tegenstroom	nl	opentaal-medisch	opentaal	0		1.0
tekenacademie	nl	opentaal-medisch	opentaal	0		1.0
tela choroidea (ventriculi lateralis)	la	anatomie-la	uberon	0		1.0
tela choroidea ventriculi quarti	la	anatomie-la	uberon	0		1.0
tela choroidea ventriculi tertii	la	anatomie-la	uberon	0		1.0
tela submucosa (vesica urinaria)	la	anatomie-la	uberon	0		1.0
tela submucosa intestini crassi	la	anatomie-la	uberon	0		1.0
tela submucosa intestini tenuis	la	anatomie-la	uberon	0		1.0
tela submucosa tubae uterinae	la	anatomie-la	uberon	0		1.0
telefotografie	nl	opentaal-medisch	opentaal	0		1.0
telegrafie	nl	opentaal-medisch	opentaal	0		1.0
telepathie	nl	opentaal-medisch	opentaal	0		1.0
terpentijnboom	nl	opentaal-medisch	opentaal	0		1.0
terugstroom	nl	opentaal-medisch	opentaal	0		1.0
textus connectivus collagenosus laxus	la	anatomie-la	uberon	0		1.0
textus connectivus of pes	la	anatomie-la	uberon	0		1.0
theeboom	nl	opentaal-medisch	opentaal	0		1.0
thermografie	nl	opentaal-medisch	opentaal	0		1.0
tijdstroom	nl	opentaal-medisch	opentaal	0		1.0
toekomstdroom	nl	opentaal-medisch	opentaal	0		1.0
toeristenstroom	nl	opentaal-medisch	opentaal	0		1.0
toestroom	nl	opentaal-medisch	opentaal	0		1.0
tolboom	nl	opentaal-medisch	opentaal	0		1.0
tomografie	nl	opentaal-medisch	opentaal	0		1.0
tomosynthesis	en	technieken-sequenties	gecureerd	0		1.0
toneelacademie	nl	opentaal-medisch	opentaal	0		1.0
tonkaboom	nl	opentaal-medisch	opentaal	0		1.0
tonsillectomie	nl	opentaal-medisch	opentaal	0		1.0
topografie	nl	opentaal-medisch	opentaal	0		1.0
toverboom	nl	opentaal-medisch	opentaal	0		1.0
toxicose	nl	opentaal-medisch	opentaal	0		1.0
toxoplasmose	nl	opentaal-medisch	opentaal	0		1.0
tracheotomie	nl	opentaal-medisch	opentaal	0		1.0
trachoom	nl	opentaal-medisch	opentaal	0		1.0
tractus corticospinalis (pyramidalis) lateralis	la	anatomie-la	uberon	0		1.0
tractus mesencephalicus nervi trigeminalis	la	anatomie-la	uberon	0		1.0
tractus mesencephalicus nervi trigemini	la	anatomie-la	uberon	0		1.0
tractus solitarius medullae oblongatae	la	anatomie-la	uberon	0		1.0
tractus spinalis nervi trigeminalis	la	anatomie-la	uberon	0		1.0
tractus spinalis nervi trigemini	la	anatomie-la	uberon	0		1.0
tractus tegmentalis centralis (mesencephali)	la	anatomie-la	uberon	0		1.0
tractus tegmentalis centralis (pontis)	la	anatomie-la	uberon	0		1.0
tranenstroom	nl	opentaal-medisch	opentaal	0		1.0
trichinose	nl	opentaal-medisch	opentaal	0		1.0
trigonum fibrosum dextrum cordis	la	anatomie-la	uberon	0		1.0
trigonum fibrosum sinistrum cordis	la	anatomie-la	uberon	0		1.0
trombarteriitis	nl	opentaal-medisch	opentaal	0		1.0
trompetboom	nl	opentaal-medisch	opentaal	0		1.0
trunci et ductus lymphatici	la	anatomie-la	uberon	0		1.0
tuberculum cervicales anterius vertebrae	la	anatomie-la	uberon	0		1.0
tuberculum cervicales posterius vertebrae	la	anatomie-la	uberon	0		1.0
tulpenboom	nl	opentaal-medisch	opentaal	0		1.0
tunica adventitia ductus deferentis	la	anatomie-la	uberon	0		1.0
tunica adventitia glandulae vesiculosae	la	anatomie-la	uberon	0		1.0
tunica albuginea corporis spongiosi	la	anatomie-la	uberon	0		1.0
tunica albuginea corporum cavernosorum	la	anatomie-la	uberon	0		1.0
tunica externa thecae folliculi	la	anatomie-la	uberon	0		1.0
tunica mucosa (vesica urinaria)	la	anatomie-la	uberon	0		1.0
tunica mucosa cavitatis tympanicae	la	anatomie-la	uberon	0		1.0
tunica mucosa ductus deferentis	la	anatomie-la	uberon	0		1.0
tunica mucosa glandulae vesiculosae	la	anatomie-la	uberon	0		1.0
tunica mucosa intestini crassi	la	anatomie-la	uberon	0		1.0
tunica mucosa intestini tenuis	la	anatomie-la	uberon	0		1.0
tunica mucosa pelvis renalis	la	anatomie-la	uberon	0		1.0
tunica mucosa tubae uterinae	la	anatomie-la	uberon	0		1.0
tunica mucosa urethrae intermediae	la	anatomie-la	uberon	0		1.0
tunica mucosa urethrae prosticae	la	anatomie-la	uberon	0		1.0
tunica mucosa vesicae biliaris	la	anatomie-la	uberon	0		1.0
tunica muscularis ductus deferentis	la	anatomie-la	uberon	0		1.0
tunica muscularis glandulae vesiculosae	la	anatomie-la	uberon	0		1.0
tunica muscularis intestini crassi	la	anatomie-la	uberon	0		1.0
tunica muscularis intestini tenuis	la	anatomie-la	uberon	0		1.0
tunica muscularis tubae uterinae	la	anatomie-la	uberon	0		1.0
tunica muscularis urethrae spongiosa	la	anatomie-la	uberon	0		1.0
tunica serosa (vesica urinaria)	la	anatomie-la	uberon	0		1.0
tunica serosa intestini crassi	la	anatomie-la	uberon	0		1.0
tunica serosa intestini tenuis	la	anatomie-la	uberon	0		1.0
tunica serosa vesicae biliaris	la	anatomie-la	uberon	0		1.0
tunnelsyndroom	nl	opentaal-medisch	opentaal	0		1.0
tyfusepidemie	nl	opentaal-medisch	opentaal	0		1.0
typografie	nl	opentaal-medisch	opentaal	0		1.0
uienschil	nl	tekens-eponiemen	gecureerd	0		1.0
uitgiftepremie	nl	opentaal-medisch	opentaal	0		1.0
uitlaatgasstroom	nl	opentaal-medisch	opentaal	0		1.0
uitstoom	nl	opentaal-medisch	opentaal	0		1.0
uitstroom	nl	opentaal-medisch	opentaal	0		1.0
uitstroompremie	nl	opentaal-medisch	opentaal	0		1.0
uitvoerstroom	nl	opentaal-medisch	opentaal	0		1.0
uitzoom	nl	opentaal-medisch	opentaal	0		1.0
uranografie	nl	opentaal-medisch	opentaal	0		1.0
urinestroom	nl	opentaal-medisch	opentaal	0		1.0
uroscopie	nl	opentaal-medisch	opentaal	0		1.0
vaarboom	nl	opentaal-medisch	opentaal	0		1.0
valvula venae cavae inferioris	la	anatomie-la	uberon	0		1.0
Vancouver	nl	classificaties-scores	gecureerd	0		1.0
varkenspestepidemie	nl	opentaal-medisch	opentaal	0		1.0
vasectomie	nl	opentaal-medisch	opentaal	0		1.0
vasotomie	nl	opentaal-medisch	opentaal	0		1.0
veenstroom	nl	opentaal-medisch	opentaal	0		1.0
velodroom	nl	opentaal-medisch	opentaal	0		1.0
vena circumflexa humeri posterior	la	anatomie-la	uberon	0		1.0
vena circumflexa ilium profunda	la	anatomie-la	uberon	0		1.0
vena marginalis lateralis pedis	la	anatomie-la	uberon	0		1.0
vena marginalis medialis pedis	la	anatomie-la	uberon	0		1.0
vena pancreaticoduodenalis superior posterior	la	anatomie-la	uberon	0		1.0
vena pudendae externalis profunda	la	anatomie-la	uberon	0		1.0
vena pudendae externalis superficialis	la	anatomie-la	uberon	0		1.0
vena pudendales externalis profunda	la	anatomie-la	uberon	0		1.0
vena pudendales externalis superficialis	la	anatomie-la	uberon	0		1.0
venter frontalis musculi occipitofrontalis	la	anatomie-la	uberon	0		1.0
venter frontalis musculus occipitofrontalis	la	anatomie-la	uberon	0		1.0
venter posterior musculus digastrici	la	anatomie-la	uberon	0		1.0
ventriculus lateralis, cornu anterius	la	anatomie-la	uberon	0		1.0
ventriculus lateralis, cornu inferius	la	anatomie-la	uberon	0		1.0
ventriculus lateralis, cornu occipitale	la	anatomie-la	uberon	0		1.0
ventriculus lateralis, cornu posterius	la	anatomie-la	uberon	0		1.0
ventriculus lateralis, cornu temporale	la	anatomie-la	uberon	0		1.0
ventriculus lateralis, pars centralis	la	anatomie-la	uberon	0		1.0
verchroom	nl	opentaal-medisch	opentaal	0		1.0
verdroom	nl	opentaal-medisch	opentaal	0		1.0
verhuispremie	nl	opentaal-medisch	opentaal	0		1.0
verkeersacademie	nl	opentaal-medisch	opentaal	0		1.0
verkeersstroom	nl	opentaal-medisch	opentaal	0		1.0
verkoopprognose	nl	opentaal-medisch	opentaal	0		1.0
vermoeidheidssyndroom	nl	opentaal-medisch	opentaal	0		1.0
vernisboom	nl	opentaal-medisch	opentaal	0		1.0
verschilstroom	nl	opentaal-medisch	opentaal	0		1.0
vertebra prominens [C VII]	la	anatomie-la	uberon	0		1.0
vertrekpremie	nl	opentaal-medisch	opentaal	0		1.0
vervoersstroom	nl	opentaal-medisch	opentaal	0		1.0
verzekeringspremie	nl	opentaal-medisch	opentaal	0		1.0
vestigingspremie	nl	opentaal-medisch	opentaal	0		1.0
vijgenboom	nl	opentaal-medisch	opentaal	0		1.0
viproom	nl	opentaal-medisch	opentaal	0		1.0
virusepidemie	nl	opentaal-medisch	opentaal	0		1.0
vlamboom	nl	opentaal-medisch	opentaal	0		1.0
vleesboom	nl	opentaal-medisch	opentaal	0		1.0
vliegtuigtrombose	nl	opentaal-medisch	opentaal	0		1.0
vlierboom	nl	opentaal-medisch	opentaal	0		1.0
vlinderboom	nl	opentaal-medisch	opentaal	0		1.0
vloedstroom	nl	opentaal-medisch	opentaal	0		1.0
vloeistofstroom	nl	opentaal-medisch	opentaal	0		1.0
vluchtelingenstroom	nl	opentaal-medisch	opentaal	0		1.0
voedingsstroom	nl	opentaal-medisch	opentaal	0		1.0
voedselchemie	nl	opentaal-medisch	opentaal	0		1.0
voedselstroom	nl	opentaal-medisch	opentaal	0		1.0
voetbalacademie	nl	opentaal-medisch	opentaal	0		1.0
vogelgriepepidemie	nl	opentaal-medisch	opentaal	0		1.0
volumestroom	nl	opentaal-medisch	opentaal	0		1.0
voorschotpremie	nl	opentaal-medisch	opentaal	0		1.0
vredesboom	nl	opentaal-medisch	opentaal	0		1.0
vrijheidsboom	nl	opentaal-medisch	opentaal	0		1.0
vrouwencondoom	nl	opentaal-medisch	opentaal	0		1.0
vruchtboom	nl	opentaal-medisch	opentaal	0		1.0
vuilboom	nl	opentaal-medisch	opentaal	0		1.0
waaiboom	nl	opentaal-medisch	opentaal	0		1.0
wachtgeldpremie	nl	opentaal-medisch	opentaal	0		1.0
wagenboom	nl	opentaal-medisch	opentaal	0		1.0
walnotenboom	nl	opentaal-medisch	opentaal	0		1.0
warmtestroom	nl	opentaal-medisch	opentaal	0		1.0
wasboom	nl	opentaal-medisch	opentaal	0		1.0
waterstofatoom	nl	opentaal-medisch	opentaal	0		1.0
waterstroom	nl	opentaal-medisch	opentaal	0		1.0
weerstroom	nl	opentaal-medisch	opentaal	0		1.0
weesboom	nl	opentaal-medisch	opentaal	0		1.0
wegstroom	nl	opentaal-medisch	opentaal	0		1.0
welkomstpremie	nl	opentaal-medisch	opentaal	0		1.0
wensboom	nl	opentaal-medisch	opentaal	0		1.0
wensdroom	nl	opentaal-medisch	opentaal	0		1.0
wereldboom	nl	opentaal-medisch	opentaal	0		1.0
werkdiagnose	nl	opentaal-medisch	opentaal	0		1.0
werkgeverspremie	nl	opentaal-medisch	opentaal	0		1.0
werknemerspremie	nl	opentaal-medisch	opentaal	0		1.0
werkstroom	nl	opentaal-medisch	opentaal	0		1.0
wervelstroom	nl	opentaal-medisch	opentaal	0		1.0
weversboom	nl	opentaal-medisch	opentaal	0		1.0
wierookboom	nl	opentaal-medisch	opentaal	0		1.0
wilgenboom	nl	opentaal-medisch	opentaal	0		1.0
windboom	nl	opentaal-medisch	opentaal	0		1.0
windstroom	nl	opentaal-medisch	opentaal	0		1.0
winstpremie	nl	opentaal-medisch	opentaal	0		1.0
winstprognose	nl	opentaal-medisch	opentaal	0		1.0
winststroom	nl	opentaal-medisch	opentaal	0		1.0
wisselstroom	nl	opentaal-medisch	opentaal	0		1.0
wolboom	nl	opentaal-medisch	opentaal	0		1.0
wonderboom	nl	opentaal-medisch	opentaal	0		1.0
woordenstroom	nl	opentaal-medisch	opentaal	0		1.0
wortelboom	nl	opentaal-medisch	opentaal	0		1.0
xanthoom	nl	opentaal-medisch	opentaal	0		1.0
xerografie	nl	opentaal-medisch	opentaal	0		1.0
xylografie	nl	opentaal-medisch	opentaal	0		1.0
zadelboom	nl	opentaal-medisch	opentaal	0		1.0
zavelboom	nl	opentaal-medisch	opentaal	0		1.0
zeepboom	nl	opentaal-medisch	opentaal	0		1.0
zeestroom	nl	opentaal-medisch	opentaal	0		1.0
zelfhypnose	nl	opentaal-medisch	opentaal	0		1.0
zevenboom	nl	opentaal-medisch	opentaal	0		1.0
ziekenfondspremie	nl	opentaal-medisch	opentaal	0		1.0
ziektekostenpremie	nl	opentaal-medisch	opentaal	0		1.0
ziektesymptoom	nl	opentaal-medisch	opentaal	0		1.0
ziektewetpremie	nl	opentaal-medisch	opentaal	0		1.0
zijinstroom	nl	opentaal-medisch	opentaal	0		1.0
zinkografie	nl	opentaal-medisch	opentaal	0		1.0
zona externa (medullaris renalis)	la	anatomie-la	uberon	0		1.0
zona externa medullae renalis	la	anatomie-la	uberon	0		1.0
zona interna (medullaris renalis)	la	anatomie-la	uberon	0		1.0
zona interna medullae renalis	la	anatomie-la	uberon	0		1.0
zonnestroom	nl	opentaal-medisch	opentaal	0		1.0
zorgpremie	nl	opentaal-medisch	opentaal	0		1.0
zoögeografie	nl	opentaal-medisch	opentaal	0		1.0
zoönose	nl	opentaal-medisch	opentaal	0		1.0
zuurstofatoom	nl	opentaal-medisch	opentaal	0		1.0
zuurzakboom	nl	opentaal-medisch	opentaal	0		1.0
zwakstroom	nl	opentaal-medisch	opentaal	0		1.0
zwart-witfotografie	nl	opentaal-medisch	opentaal	0		1.0
zwerfstroom	nl	opentaal-medisch	opentaal	0		1.0
aantasting	nl	template	templates	6		0.81
beeld	nl	template	templates	6		0.81
bovenste	nl	template	templates	6		0.81
coronaire	nl	template	templates	6		0.81
deviatie	nl	template	templates	6		0.81
goede	nl	template	templates	6		0.81
hersenen	nl	template	templates	6		0.81
lengte	nl	template	templates	6		0.81
lies	nl	template	templates	6		0.81
lucht	nl	template	templates	6		0.81
organen	nl	template	templates	6		0.81
patroon	nl	template	templates	6		0.81
residu's	nl	template	templates	6		0.81
systemen	nl	template	templates	6		0.81
vaten	nl	template	templates	6		0.81
ventrikel	nl	template	templates	6		0.81
verloop	nl	template	templates	6		0.81
visualisatie	nl	template	templates	6		0.81
voorarm	nl	template	templates	6		0.81
contrast	nl	template	templates	5		0.77
rectale	nl	template	templates	5		0.77
aliasing	en	technieken-sequenties	gecureerd	0		0.5
anechoic	en	descriptoren-bevindingen	gecureerd	0		0.5
angulation	en	descriptoren-bevindingen	gecureerd	0		0.5
apex cornu posterioris medullae spinalis	la	anatomie-la	uberon	0		0.5
area entorhinalis ventralis et dorsalis	la	anatomie-la	uberon	0		0.5
area subthalamica tegmentalis, pars dorsomedialis	la	anatomie-la	uberon	0		0.5
area tegmentalis, pars dorsalis (Forel)	la	anatomie-la	uberon	0		0.5
arteriola glomerularis efferens capsulae renalis	la	anatomie-la	uberon	0		0.5
ASL	en	technieken-sequenties	gecureerd	0		0.5
avulsion	en	descriptoren-bevindingen	gecureerd	0		0.5
basis cornus dorsalis medullae spinalis	la	anatomie-la	uberon	0		0.5
basis cornus posterioris medullae spinalis	la	anatomie-la	uberon	0		0.5
CA1 field of the hippocampus	la	anatomie-la	uberon	0		0.5
calcification	en	descriptoren-bevindingen	gecureerd	0		0.5
caput breve (musculus biceps brachii)	la	anatomie-la	uberon	0		0.5
caput breve musculus bicipitis brachii	la	anatomie-la	uberon	0		0.5
caput longum musculus bicipitis brachii	la	anatomie-la	uberon	0		0.5
cavitation	en	descriptoren-bevindingen	gecureerd	0		0.5
CISS	en	technieken-sequenties	gecureerd	0		0.5
comminuted	en	descriptoren-bevindingen	gecureerd	0		0.5
commissura alba anterior medullae spinalis	la	anatomie-la	uberon	0		0.5
commissura alba posterior medullae spinalis	la	anatomie-la	uberon	0		0.5
commissura grisea anaterior medullae spinalis	la	anatomie-la	uberon	0		0.5
commissura grisea posterior medulla spinalis	la	anatomie-la	uberon	0		0.5
commissura supraoptica dorsalis pars dorsalis	la	anatomie-la	uberon	0		0.5
commissura supraoptica superior pars dorsalis	la	anatomie-la	uberon	0		0.5
consolidation	en	descriptoren-bevindingen	gecureerd	0		0.5
contusion	en	descriptoren-bevindingen	gecureerd	0		0.5
corpus geniculatus mediale, pars magnocellularis	la	anatomie-la	uberon	0		0.5
crus cerebelli ad medullam oblongatam	la	anatomie-la	uberon	0		0.5
crus membranaceum commune ductus semicircularis	la	anatomie-la	uberon	0		0.5
crus membranaceum commune ductuum semicircularium	la	anatomie-la	uberon	0		0.5
cuspis anterior valvae atrioventricularis sinistri	la	anatomie-la	uberon	0		0.5
cuspis posterior valvae atrioventricularis sinistri	la	anatomie-la	uberon	0		0.5
cuspis septalis valvae atrioventricularis dextrae	la	anatomie-la	uberon	0		0.5
displacement	en	descriptoren-bevindingen	gecureerd	0		0.5
divisio autonomica systematis nervosi peripherici	la	anatomie-la	uberon	0		0.5
Dixon	en	technieken-sequenties	gecureerd	0		0.5
edema	en	descriptoren-bevindingen	gecureerd	0		0.5
effusion	en	descriptoren-bevindingen	gecureerd	0		0.5
enhancement	en	descriptoren-bevindingen	gecureerd	0		0.5
fissura mediana anterior medullae oblongatae	la	anatomie-la	uberon	0		0.5
fissura mediana anterior medullae spinalis	la	anatomie-la	uberon	0		0.5
fluoroscopy	en	technieken-sequenties	gecureerd	0		0.5
forceps minor of corpus callosum	la	anatomie-la	uberon	0		0.5
gadolinium	en	technieken-sequenties	gecureerd	0		0.5
ganglion	nl	pathologie	gecureerd,telnyx,uberon	0		0.5
glioblastoma	en	pathologie	gecureerd	0		0.5
globus pallidus, lamina medullaris externa	la	anatomie-la	uberon	0		0.5
globus pallidus, lamina medullaris interna	la	anatomie-la	uberon	0		0.5
gyrus frontalis inferior, pars opercularis	la	anatomie-la	uberon	0		0.5
gyrus frontalis inferior, pars orbitalis	la	anatomie-la	uberon	0		0.5
gyrus frontalis inferior, pars triangularis	la	anatomie-la	uberon	0		0.5
hemispherium cerebelli [H II - H X]	la	anatomie-la	uberon	0		0.5
herniation	en	descriptoren-bevindingen	gecureerd	0		0.5
heterogeneous	en	descriptoren-bevindingen	gecureerd	0		0.5
homogeneous	en	descriptoren-bevindingen	gecureerd	0		0.5
hydrocephalus	en	descriptoren-bevindingen	gecureerd	0		0.5
impacted	en	descriptoren-bevindingen	gecureerd	0		0.5
incidentaloma	en	descriptoren-bevindingen	gecureerd	0		0.5
infundibulum (lobus posterior) (glandula pituitaria)	la	anatomie-la	uberon	0		0.5
isodense	en	descriptoren-bevindingen	gecureerd	0		0.5
isoechoic	en	descriptoren-bevindingen	gecureerd	0		0.5
isointense	en	descriptoren-bevindingen	gecureerd	0		0.5
lamina medullaris accessoria corporis striati	la	anatomie-la	uberon	0		0.5
lamina medullaris externa corporis striati	la	anatomie-la	uberon	0		0.5
lamina medullaris interna corporis striati	la	anatomie-la	uberon	0		0.5
lamina medullaris lateralis corporis striati	la	anatomie-la	uberon	0		0.5
lamina medullaris medialis corporis striati	la	anatomie-la	uberon	0		0.5
lamina molecularis isocorticis [lamina I]	la	anatomie-la	uberon	0		0.5
lamina multiformis isocorticis [lamina vi]	la	anatomie-la	uberon	0		0.5
lamina muscularis mucosae intestini crassi	la	anatomie-la	uberon	0		0.5
lamina muscularis mucosae intestini tenuis	la	anatomie-la	uberon	0		0.5
lesion	en	descriptoren-bevindingen	gecureerd	0		0.5
ligamentum collaterale mediale articulationis talocruralis	la	anatomie-la	uberon	0		0.5
lipohemarthrosis	en	descriptoren-bevindingen	gecureerd	0		0.5
lobulated	en	descriptoren-bevindingen	gecureerd	0		0.5
lymphadenopathy	en	descriptoren-bevindingen	gecureerd	0		0.5
mass	en	descriptoren-bevindingen	gecureerd	0		0.5
meningioma	en	pathologie	gecureerd	0		0.5
micronodules	en	descriptoren-bevindingen	gecureerd	0		0.5
MPRAGE	en	technieken-sequenties	gecureerd	0		0.5
MRCP	en	technieken-sequenties	gecureerd	0		0.5
musculi palati mollis et faucium	la	anatomie-la	uberon	0		0.5
musculus opponens digiti minimi (Manus)	la	anatomie-la	uberon	0		0.5
musculus rectus capitis posterior major	la	anatomie-la	uberon	0		0.5
musculus rectus capitis posterior minor	la	anatomie-la	uberon	0		0.5
necrosis	en	descriptoren-bevindingen	gecureerd	0		0.5
noduli lymphoidei aggregati intestini tenuis	la	anatomie-la	uberon	0		0.5
nodus lymphoideus inguinales profundi distalis	la	anatomie-la	uberon	0		0.5
nodus lymphoideus inguinales profundi intermedius	la	anatomie-la	uberon	0		0.5
nodus lymphoideus inguinales profundi proximalis	la	anatomie-la	uberon	0		0.5
nuclei accessorii nervi oculomtorii (Edinger-Westphal)	la	anatomie-la	uberon	0		0.5
nuclei vestibulares in medulla oblongata	la	anatomie-la	uberon	0		0.5
nucleus accessorius lateralis tractus optici	la	anatomie-la	uberon	0		0.5
nucleus accessorius medialis tractus optici	la	anatomie-la	uberon	0		0.5
nucleus accessorius posterior tractus optici	la	anatomie-la	uberon	0		0.5
nucleus amygdalae basalis, pars lateralis	la	anatomie-la	uberon	0		0.5
nucleus amygdalae basalis, pars medialis	la	anatomie-la	uberon	0		0.5
nucleus amygdaloideus basalis, pars medialis	la	anatomie-la	uberon	0		0.5
nucleus dorsalis corporis geniculati lateralis	la	anatomie-la	uberon	0		0.5
nucleus dorsalis corporis geniculati medialis	la	anatomie-la	uberon	0		0.5
nucleus dorsalis motorius nervi vagi	la	anatomie-la	uberon	0		0.5
nucleus geniculatus lateralis pars ventralis	la	anatomie-la	uberon	0		0.5
nucleus geniculatus medialis fasciculosis (Hassler)	la	anatomie-la	uberon	0		0.5
nucleus geniculatus medialis magnocellularis (Hassler)	la	anatomie-la	uberon	0		0.5
nucleus geniculatus medialis, pars magnocellularis	la	anatomie-la	uberon	0		0.5
nucleus interstitialis of posterior commissure	la	anatomie-la	uberon	0		0.5
nucleus lemnisci lateralis pars dorsalis	la	anatomie-la	uberon	0		0.5
nucleus lemnisci lateralis pars ventralis	la	anatomie-la	uberon	0		0.5
nucleus medialis corpus mamillaris (Shantha)	la	anatomie-la	uberon	0		0.5
nucleus medialis dorsalis, pars parvocellularis	la	anatomie-la	uberon	0		0.5
nucleus motorius of nervi vagi	la	anatomie-la	uberon	0		0.5
nucleus nervi oculomotorii medianus anterior	la	anatomie-la	uberon	0		0.5
nucleus nervi oculomotorii, pars dorsalis	la	anatomie-la	uberon	0		0.5
nucleus nervi oculomotorii, pars intermedius	la	anatomie-la	uberon	0		0.5
nucleus nervi oculomotorii, pars medialis	la	anatomie-la	uberon	0		0.5
nucleus nervi oculomotorii, pars ventralis	la	anatomie-la	uberon	0		0.5
nucleus of tractus olfactorius lateralis	la	anatomie-la	uberon	0		0.5
nucleus olivaris colliculi superioris (Fuse)	la	anatomie-la	uberon	0		0.5
nucleus olivaris corporis quadrigemini anterioris	la	anatomie-la	uberon	0		0.5
nucleus olivaris pretectalis of Fuse	la	anatomie-la	uberon	0		0.5
nucleus periventricularis hypothalami, pars dorsalis	la	anatomie-la	uberon	0		0.5
nucleus reticularis lateralis medullae oblongatae	la	anatomie-la	uberon	0		0.5
nucleus salivatorius inferior nervi glossopharyngei	la	anatomie-la	uberon	0		0.5
nucleus sensibilis superior nervi trigemini	la	anatomie-la	uberon	0		0.5
nucleus sensorius principalis nervi trigemini	la	anatomie-la	uberon	0		0.5
nucleus sensorius superior nervi trigemini	la	anatomie-la	uberon	0		0.5
nucleus substantiae nigrae, pars compacta	la	anatomie-la	uberon	0		0.5
nucleus substantiae nigrae, pars reticularis	la	anatomie-la	uberon	0		0.5
nucleus tractus mesencephalici nervi trigemini	la	anatomie-la	uberon	0		0.5
nucleus tractus mesencephalicus nervi trigemini	la	anatomie-la	uberon	0		0.5
nucleus tractus solitarii medullae oblongatae	la	anatomie-la	uberon	0		0.5
nucleus ventralis anterior, pars parvocellularis	la	anatomie-la	uberon	0		0.5
nucleus ventralis corporis geniculati lateralis	la	anatomie-la	uberon	0		0.5
nucleus ventralis corporis geniculati medialis	la	anatomie-la	uberon	0		0.5
nucleus ventralis lateralis, pars medialis	la	anatomie-la	uberon	0		0.5
nucleus ventralis lateralis, pars postrema	la	anatomie-la	uberon	0		0.5
nucleus ventralis posterior inferior thalami	la	anatomie-la	uberon	0		0.5
nucleus ventralis posteromedialis, pars principalis	la	anatomie-la	uberon	0		0.5
nucleus ventrocaudalis externus (Van Buren)	la	anatomie-la	uberon	0		0.5
occlusion	en	descriptoren-bevindingen	gecureerd	0		0.5
organum vasculosum of lamina terminalis	la	anatomie-la	uberon	0		0.5
os metacarpale III et IV	la	anatomie-la	uberon	0		0.5
os metapodiale III et IV	la	anatomie-la	uberon	0		0.5
os tarsale I et II	la	anatomie-la	uberon	0		0.5
os tarsale II et III	la	anatomie-la	uberon	0		0.5
os tarsale IV et V	la	anatomie-la	uberon	0		0.5
ostium urethrae externum (urethra feminina)	la	anatomie-la	uberon	0		0.5
ostium urethrae externum (urethra masculina)	la	anatomie-la	uberon	0		0.5
p. maxillaris conchae nasalis inferioris	la	anatomie-la	uberon	0		0.5
panniculus adiposus telae subcutaneae abdominis	la	anatomie-la	uberon	0		0.5
pars aryepiglottica musculi arytenoidei obliqui	la	anatomie-la	uberon	0		0.5
pars aryepiglottica musculus arytenoidei obliqui	la	anatomie-la	uberon	0		0.5
pars lateralis globi pallidi medialis	la	anatomie-la	uberon	0		0.5
pars magnocellularis nuclei mediodorsalis thalami	la	anatomie-la	uberon	0		0.5
pars olfactoria tunicae mucosae nasi	la	anatomie-la	uberon	0		0.5
pars paralaminaris nuclei mediodorsalis thalami	la	anatomie-la	uberon	0		0.5
pars profunda musculus masseterica superficialis	la	anatomie-la	uberon	0		0.5
pars respiratoria tunicae mucosae nasi	la	anatomie-la	uberon	0		0.5
pars vagalis of nervus accessorius	la	anatomie-la	uberon	0		0.5
portio minor of trigeminal nerve	la	anatomie-la	uberon	0		0.5
processus articularis superior ossis sacri	la	anatomie-la	uberon	0		0.5
processus ethmoidalis conchae nasalis inferioris	la	anatomie-la	uberon	0		0.5
processus maxillaris conchae nasalis inferioris	la	anatomie-la	uberon	0		0.5
processus papillaris lobi caudati hepatis	la	anatomie-la	uberon	0		0.5
pseudoaneurysm	en	descriptoren-bevindingen	gecureerd	0		0.5
rami bronchiales partis thoracicae aortae	la	anatomie-la	uberon	0		0.5
rami palpebrales inferiores nervi infraorbitalis	la	anatomie-la	uberon	0		0.5
ramus anterior ascendens fissurae lateralis	la	anatomie-la	uberon	0		0.5
ramus anterior horizontalis sulcus lateralis	la	anatomie-la	uberon	0		0.5
ramus anterior sulci lateralis cerebri	la	anatomie-la	uberon	0		0.5
ramus ascendens sulci lateralis cerebri	la	anatomie-la	uberon	0		0.5
ramus calcarinus (arteria occipitalis medialis)	la	anatomie-la	uberon	0		0.5
ramus circumflexus (arteria coronaria sinistra)	la	anatomie-la	uberon	0		0.5
ramus dexter (arteria hepatica propria)	la	anatomie-la	uberon	0		0.5
ramus labialis inferior arteriae facialis	la	anatomie-la	uberon	0		0.5
ramus labialis superior arteriae facialis	la	anatomie-la	uberon	0		0.5
ramus mentalis (arteria alveolaris inferior)	la	anatomie-la	uberon	0		0.5
ramus musculi stylopharyngei nervus glossopharyngei	la	anatomie-la	uberon	0		0.5
ramus posterior sulci lateralis cerebri	la	anatomie-la	uberon	0		0.5
ramus renalis nervus splanchnici minoris	la	anatomie-la	uberon	0		0.5
ramus saphenus (arteria descendentis genus)	la	anatomie-la	uberon	0		0.5
ramus sinister (arteria hepatica propria)	la	anatomie-la	uberon	0		0.5
ramus sinus carotici nervi glossopharyngei	la	anatomie-la	uberon	0		0.5
ramus sinus carotici nervus glossopharyngei	la	anatomie-la	uberon	0		0.5
reticulation	en	descriptoren-bevindingen	gecureerd	0		0.5
segmenta cervicalia medullae spinalis [1-8	la	anatomie-la	uberon	0		0.5
segmenta coccygea medullae spinalis [1-3]	la	anatomie-la	uberon	0		0.5
segmenta lumbalia medullae spinalis [1-5]	la	anatomie-la	uberon	0		0.5
segmenta sacralia medullae spinalis [1-5]	la	anatomie-la	uberon	0		0.5
segmenta thoracica medullae spinalis [1-12]	la	anatomie-la	uberon	0		0.5
spiculated	en	descriptoren-bevindingen	gecureerd	0		0.5
spina nasalis anterior corporis maxillae	la	anatomie-la	uberon	0		0.5
stratum circulare tunicae muscularis gastricae	la	anatomie-la	uberon	0		0.5
stratum griseum intermedium colliculi superioris	la	anatomie-la	uberon	0		0.5
stratum griseum profundum colliculi superioris	la	anatomie-la	uberon	0		0.5
stratum griseum superficiale colliculi superioris	la	anatomie-la	uberon	0		0.5
stratum longitudinale tunicae muscularis gastricae	la	anatomie-la	uberon	0		0.5
stratum medullare intermedium colliculi superioris	la	anatomie-la	uberon	0		0.5
stratum medullare profundum colliculi superioris	la	anatomie-la	uberon	0		0.5
stroke	en	pathologie	gecureerd	0		0.5
tractus spinalis nervi trigemini (myelencephali)	la	anatomie-la	uberon	0		0.5
tractus spinalis nervi trigemini (pontis)	la	anatomie-la	uberon	0		0.5
venter posterior musculus digastrici anterior	la	anatomie-la	uberon	0		0.5
venter transversa musculi occipitofrontalis occipitalis	la	anatomie-la	uberon	0		0.5
venter transversa musculus occipitofrontalis occipitalis	la	anatomie-la	uberon	0		0.5
aanwezige	nl	template	templates	5		0.27
architectuur	nl	template	templates	5		0.27
axillaire	nl	template	templates	5		0.27
darmen	nl	template	templates	5		0.27
dissecties	nl	template	templates	5		0.27
doorgankelijke	nl	template	templates	5		0.27
functionele	nl	template	templates	5		0.27
inloop	nl	template	templates	5		0.27
lokale	nl	template	templates	5		0.27
mechanische	nl	template	templates	5		0.27
onderbuik	nl	template	templates	5		0.27
pathologie	nl	template	templates	5		0.27
scherpe	nl	template	templates	5		0.27
verstoring	nl	template	templates	5		0.27
verwijding	nl	template	templates	5		0.27
vinger	nl	template	templates	5		0.27
alzheimer	nl	template	templates	4		0.13
anderson	nl	template	templates	4		0.13
area	nl	template	templates	4		0.13
calcium	nl	template	templates	4		0.13
corner	nl	template	templates	4		0.13
dorsale	nl	template	templates	4		0.13
ADC	en	technieken-sequenties	gecureerd	0		0.0
ADC map	en	technieken-sequenties	gecureerd	0		0.0
adrenal adenoma	en	pathologie	gecureerd	0		0.0
air bronchogram	en	descriptoren-bevindingen	gecureerd	0		0.0
aortic dissection	en	pathologie	gecureerd	0		0.0
avascular necrosis	en	descriptoren-bevindingen	gecureerd	0		0.0
black blood	en	technieken-sequenties	gecureerd	0		0.0
blooming artifact	en	technieken-sequenties	gecureerd	0		0.0
bone bruise	en	descriptoren-bevindingen	gecureerd	0		0.0
cartilago tubae auditivae; cartilago tubae auditoriae	la	anatomie-la	uberon	0		0.0
cine	en	technieken-sequenties	gecureerd	0		0.0
commissura supraoptica dorsalis pars ventralis (Meynert)	la	anatomie-la	uberon	0		0.0
complexus olivaris inferior; nuclei olivares inferiores	la	anatomie-la	uberon	0		0.0
contrast-enhanced ultrasound	en	technieken-sequenties	gecureerd	0		0.0
CT angiography	en	technieken-sequenties	gecureerd	0		0.0
CT colonography	en	technieken-sequenties	gecureerd	0		0.0
CT perfusion	en	technieken-sequenties	gecureerd	0		0.0
CT urography	en	technieken-sequenties	gecureerd	0		0.0
DCE	en	technieken-sequenties	gecureerd	0		0.0
diffusion restriction	en	descriptoren-bevindingen	gecureerd	0		0.0
diffusion-weighted imaging	en	technieken-sequenties	gecureerd	0		0.0
Doppler ultrasound	en	technieken-sequenties	gecureerd	0		0.0
DTI	en	technieken-sequenties	gecureerd	0		0.0
DWI	en	technieken-sequenties	gecureerd	0		0.0
dynamic contrast-enhanced	en	technieken-sequenties	gecureerd	0		0.0
embryoblastus; massa cellularis interna; pluriblastus senior	la	anatomie-la	uberon	0		0.0
enhancing	en	descriptoren-bevindingen	gecureerd	0		0.0
fat stranding	en	descriptoren-bevindingen	gecureerd	0		0.0
fat suppression	en	technieken-sequenties	gecureerd	0		0.0
fat-fluid level	en	descriptoren-bevindingen	gecureerd	0		0.0
fat-saturated	en	technieken-sequenties	gecureerd	0		0.0
FDG	en	technieken-sequenties	gecureerd	0		0.0
filling defect	en	descriptoren-bevindingen	gecureerd	0		0.0
fluid-fluid level	en	descriptoren-bevindingen	gecureerd	0		0.0
gradient echo	en	technieken-sequenties	gecureerd	0		0.0
GRE	en	technieken-sequenties	gecureerd	0		0.0
ground glass	en	descriptoren-bevindingen	gecureerd	0		0.0
ground-glass opacity	en	descriptoren-bevindingen	gecureerd	0		0.0
HASTE	en	technieken-sequenties	gecureerd	0		0.0
ill-defined	en	descriptoren-bevindingen	gecureerd	0		0.0
in-phase	en	technieken-sequenties	gecureerd	0		0.0
incidental finding	en	descriptoren-bevindingen	gecureerd	0		0.0
insufficiency fracture	en	descriptoren-bevindingen	gecureerd	0		0.0
intimal flap	en	descriptoren-bevindingen	gecureerd	0		0.0
iterative reconstruction	en	technieken-sequenties	gecureerd	0		0.0
joint effusion	en	descriptoren-bevindingen	gecureerd	0		0.0
labral tear	en	pathologie	gecureerd	0		0.0
lacunar infarct	en	descriptoren-bevindingen	gecureerd	0		0.0
lamina granularis externa isocorticis [lamina ii]	la	anatomie-la	uberon	0		0.0
lamina granularis interna isocorticis [lamina iv]	la	anatomie-la	uberon	0		0.0
lamina lateralis processi pterygoideus ossis sphenoidalis	la	anatomie-la	uberon	0		0.0
lamina pyramidalis externa isocorticis [lamina iii]	la	anatomie-la	uberon	0		0.0
lamina pyramidalis interna isocorticis [lamina v]	la	anatomie-la	uberon	0		0.0
leukoaraiosis	en	descriptoren-bevindingen	gecureerd	0		0.0
lobulus ansiformis cerebelli [h vii a]	la	anatomie-la	uberon	0		0.0
lobulus centralis cerebelli [ii et iii]	la	anatomie-la	uberon	0		0.0
lobulus parafloccularis dorsalis [h viii b]	la	anatomie-la	uberon	0		0.0
lobulus quadrangularis posterior cerebelli [H VI]	la	anatomie-la	uberon	0		0.0
lung cancer	en	pathologie	gecureerd	0		0.0
meniscal tear	en	pathologie	gecureerd	0		0.0
microbleeds	en	descriptoren-bevindingen	gecureerd	0		0.0
mosaic attenuation	en	descriptoren-bevindingen	gecureerd	0		0.0
motion artifact	en	technieken-sequenties	gecureerd	0		0.0
MR angiography	en	technieken-sequenties	gecureerd	0		0.0
MR arthrography	en	technieken-sequenties	gecureerd	0		0.0
MR cholangiopancreatography	en	technieken-sequenties	gecureerd	0		0.0
MR spectroscopy	en	technieken-sequenties	gecureerd	0		0.0
multiplanar reconstruction	en	technieken-sequenties	gecureerd	0		0.0
multiple sclerosis	en	pathologie	gecureerd	0		0.0
musculus flexor digiti minimi brevis (manus)	la	anatomie-la	uberon	0		0.0
musculus levator labii superioris alaequae nasi	la	anatomie-la	uberon	0		0.0
musculus sphincter urethrae externus (urethra feminina)	la	anatomie-la	uberon	0		0.0
musculus sphincter urethrae externus (urethra masculina)	la	anatomie-la	uberon	0		0.0
musculus sphincter urethrae externus urethrae femininae	la	anatomie-la	uberon	0		0.0
musculus sphincter urethrae externus urethrae masculinae	la	anatomie-la	uberon	0		0.0
nucleus accessorius columnae anterioris medullae spinalis	la	anatomie-la	uberon	0		0.0
nucleus amygdaloideus basalis pars lateralis parvocellularis	la	anatomie-la	uberon	0		0.0
nucleus amygdaloideus basalis, pars lateralis magnocellularis	la	anatomie-la	uberon	0		0.0
nucleus caudalis tractus spinalis nervi trigemini	la	anatomie-la	uberon	0		0.0
nucleus corporis geniculati lateralis, pars dorsalis	la	anatomie-la	uberon	0		0.0
nucleus corporis geniculati medialis, pars magnocellularis	la	anatomie-la	uberon	0		0.0
nucleus corporis mamillaris medialis, pars lateralis	la	anatomie-la	uberon	0		0.0
nucleus corporis mamillaris medialis, pars medialis	la	anatomie-la	uberon	0		0.0
nucleus interpolaris tractus spinalis nervi trigemini	la	anatomie-la	uberon	0		0.0
nucleus medialis dorsalis nucleus fasciculosus (Hassler)	la	anatomie-la	uberon	0		0.0
nucleus oralis tractus spinalis nervi trigemini	la	anatomie-la	uberon	0		0.0
nucleus phrenicus columnae anterioris medullae spinalis	la	anatomie-la	uberon	0		0.0
nucleus spinalis nervi trigemini, pars caudalis	la	anatomie-la	uberon	0		0.0
nucleus spinalis nervi trigemini, pars interpolaris	la	anatomie-la	uberon	0		0.0
nucleus spinalis nervi trigemini, pars oralis	la	anatomie-la	uberon	0		0.0
nucleus thalamicus ventralis anterior, pars magnocellularis	la	anatomie-la	uberon	0		0.0
nucleus ventralis oralis, pars medialis (Dewulf)	la	anatomie-la	uberon	0		0.0
nucleus ventralis posterior lateralis, pars caudalis	la	anatomie-la	uberon	0		0.0
nucleus ventralis posterior medialis, pars parvocellularis	la	anatomie-la	uberon	0		0.0
nucleus ventralis posterior pars lateralis (Dewulf)	la	anatomie-la	uberon	0		0.0
opposed-phase	en	technieken-sequenties	gecureerd	0		0.0
os metatarsale III et IV (Ru)	la	anatomie-la	uberon	0		0.0
out-of-phase	en	technieken-sequenties	gecureerd	0		0.0
pars cricopharyngea musculus constrictoris pharyngis inferioris	la	anatomie-la	uberon	0		0.0
pars magnocellularis nuclei ventralis anterior thalami	la	anatomie-la	uberon	0		0.0
pars orbitalis of frontal operculum (Ono)	la	anatomie-la	uberon	0		0.0
pars parasympathica divisionis autonomici systematis nervosi	la	anatomie-la	uberon	0		0.0
pars parvicellularis nuclei ventralis posteromedialis thalami	la	anatomie-la	uberon	0		0.0
pars parvocellularis lateralis nuclei mediodorsalis thalami	la	anatomie-la	uberon	0		0.0
pars posterior of inferior frontal gyrus	la	anatomie-la	uberon	0		0.0
pars principalis nuclei ventralis anterior thalami	la	anatomie-la	uberon	0		0.0
pars pterygopharyngea musculus constrictoris pharyngis superioris	la	anatomie-la	uberon	0		0.0
pars sympathica divisionis autonomici systematis nervosi	la	anatomie-la	uberon	0		0.0
pars thyropharyngea musculus constrictoris pharyngis inferioris	la	anatomie-la	uberon	0		0.0
pars triangularis of frontal operculum (Ono)	la	anatomie-la	uberon	0		0.0
perfusion-weighted imaging	en	technieken-sequenties	gecureerd	0		0.0
phase contrast	en	technieken-sequenties	gecureerd	0		0.0
photon-counting CT	en	technieken-sequenties	gecureerd	0		0.0
power Doppler	en	technieken-sequenties	gecureerd	0		0.0
proton density	en	technieken-sequenties	gecureerd	0		0.0
PSMA	en	technieken-sequenties	gecureerd	0		0.0
ramus ascendens sulci cerebri lateralis (Sylvii)	la	anatomie-la	uberon	0		0.0
ramus meningeus anterior (arteria ethmoidalis anterioris)	la	anatomie-la	uberon	0		0.0
ramus palmaris nervus interossei antebrachii anterior	la	anatomie-la	uberon	0		0.0
restricted diffusion	en	descriptoren-bevindingen	gecureerd	0		0.0
rim enhancement	en	descriptoren-bevindingen	gecureerd	0		0.0
septal thickening	en	descriptoren-bevindingen	gecureerd	0		0.0
signal-to-noise ratio	en	technieken-sequenties	gecureerd	0		0.0
slice thickness	en	technieken-sequenties	gecureerd	0		0.0
spectral Doppler	en	technieken-sequenties	gecureerd	0		0.0
spin echo	en	technieken-sequenties	gecureerd	0		0.0
SSFSE	en	technieken-sequenties	gecureerd	0		0.0
STIR	en	technieken-sequenties	gecureerd	0		0.0
strata (grisea et alba) colliculi cranialis	la	anatomie-la	uberon	0		0.0
strata (grisea et alba) colliculi superioris	la	anatomie-la	uberon	0		0.0
stratum circulare tunicae muscularis intestini tenuis	la	anatomie-la	uberon	0		0.0
stratum hippocampi moleculare et substratum lacunosum	la	anatomie-la	uberon	0		0.0
stratum longitudinale tunicae muscularis intestini tenuis	la	anatomie-la	uberon	0		0.0
stratum musculosum panniculi adiposi telae subcutaneae	la	anatomie-la	uberon	0		0.0
stratum segmentorum externorum et internorum retinae	la	anatomie-la	uberon	0		0.0
streak artifact	en	technieken-sequenties	gecureerd	0		0.0
stress fracture	en	descriptoren-bevindingen	gecureerd	0		0.0
susceptibility artifact	en	technieken-sequenties	gecureerd	0		0.0
susceptibility-weighted imaging	en	technieken-sequenties	gecureerd	0		0.0
SUVmax	en	technieken-sequenties	gecureerd	0		0.0
SWI	en	technieken-sequenties	gecureerd	0		0.0
T1 mapping	en	technieken-sequenties	gecureerd	0		0.0
T2 mapping	en	technieken-sequenties	gecureerd	0		0.0
T2 star	en	technieken-sequenties	gecureerd	0		0.0
textus muscularis levis; textus muscularis nonstriatus	la	anatomie-la	uberon	0		0.0
THRIVE	en	technieken-sequenties	gecureerd	0		0.0
time-of-flight	en	technieken-sequenties	gecureerd	0		0.0
TIRM	en	technieken-sequenties	gecureerd	0		0.0
traction bronchiectasis	en	descriptoren-bevindingen	gecureerd	0		0.0
tractography	en	technieken-sequenties	gecureerd	0		0.0
tree-in-bud	en	descriptoren-bevindingen	gecureerd	0		0.0
TrueFISP	en	technieken-sequenties	gecureerd	0		0.0
tuba auditiva; tuba auditoria; tuba auditivea	la	anatomie-la	uberon	0		0.0
unremarkable	en	descriptoren-bevindingen	gecureerd	0		0.0
VIBE	en	technieken-sequenties	gecureerd	0		0.0
well-circumscribed	en	descriptoren-bevindingen	gecureerd	0		0.0
aanhechtingen	nl	template	templates	4		-0.37
achterste	nl	template	templates	4		-0.37
afmetingen	nl	template	templates	4		-0.37
algemeen	nl	template	templates	4		-0.37
aortaklep	nl	template	templates	4		-0.37
artefacten	nl	template	templates	4		-0.37
banden	nl	template	templates	4		-0.37
beide	nl	template	templates	4		-0.37
beperkt	nl	template	templates	4		-0.37
bloed-hersenbarrière	nl	template	templates	4		-0.37
botstructuur	nl	template	templates	4		-0.37
bovenbuik	nl	template	templates	4		-0.37
complexen	nl	template	templates	4		-0.37
conflicten	nl	template	templates	4		-0.37
degeneratieve	nl	template	templates	4		-0.37
dekplaten	nl	template	templates	4		-0.37
diffusie	nl	template	templates	4		-0.37
dominantie	nl	template	templates	4		-0.37
doorgankelijkheid	nl	template	templates	4		-0.37
evaluatie	nl	template	templates	4		-0.37
fecale	nl	template	templates	4		-0.37
gevisualiseerde	nl	template	templates	4		-0.37
grond	nl	template	templates	4		-0.37
insufficiëntie	nl	template	templates	4		-0.37
invasie	nl	template	templates	4		-0.37
kalk	nl	template	templates	4		-0.37
kenmerken	nl	template	templates	4		-0.37
kind	nl	template	templates	4		-0.37
klachten	nl	template	templates	4		-0.37
kruisband	nl	template	templates	4		-0.37
majeur	nl	template	templates	4		-0.37
matig	nl	template	templates	4		-0.37
middel	nl	template	templates	4		-0.37
morfologische	nl	template	templates	4		-0.37
neusschelpen	nl	template	templates	4		-0.37
noch	nl	template	templates	4		-0.37
obstructie	nl	template	templates	4		-0.37
omliggend	nl	template	templates	4		-0.37
omliggende	nl	template	templates	4		-0.37
omvormingen	nl	template	templates	4		-0.37
onderarm	nl	template	templates	4		-0.37
overgang	nl	template	templates	4		-0.37
persisterende	nl	template	templates	4		-0.37
plooi	nl	template	templates	4		-0.37
recente	nl	template	templates	4		-0.37
resultaat	nl	template	templates	4		-0.37
ronde	nl	template	templates	4		-0.37
ruimten	nl	template	templates	4		-0.37
schedelbasis	nl	template	templates	4		-0.37
softwarematige	nl	template	templates	4		-0.37
spreiding	nl	template	templates	4		-0.37
stand	nl	template	templates	4		-0.37
symmetrische	nl	template	templates	4		-0.37
takken	nl	template	templates	4		-0.37
thoraxwand	nl	template	templates	4		-0.37
toegangsroute	nl	template	templates	4		-0.37
toenemende	nl	template	templates	4		-0.37
tonsillen	nl	template	templates	4		-0.37
uitgesproken	nl	template	templates	4		-0.37
variantie	nl	template	templates	4		-0.37
veneuze	nl	template	templates	4		-0.37
visuele	nl	template	templates	4		-0.37
voorste	nl	template	templates	4		-0.37
vorm	nl	template	templates	4		-0.37
abdominal aortic aneurysm	en	pathologie	gecureerd	0		-0.5
amygdala	nl	anatomie-nl	gecureerd,uberon	0		-0.5
appendix	nl	anatomie-nl	gecureerd,telnyx	0		-0.5
arterial spin labeling	en	technieken-sequenties	gecureerd	0		-0.5
bone marrow edema	en	descriptoren-bevindingen	gecureerd	0		-0.5
chemical shift artifact	en	technieken-sequenties	gecureerd	0		-0.5
cone beam CT	en	technieken-sequenties	gecureerd	0		-0.5
crus secundum lobuli ansiformis cerebelli [hVII A]	la	anatomie-la	uberon	0		-0.5
curved planar reformation	en	technieken-sequenties	gecureerd	0		-0.5
deep vein thrombosis	en	descriptoren-bevindingen	gecureerd	0		-0.5
diffusion tensor imaging	en	technieken-sequenties	gecureerd	0		-0.5
digital subtraction angiography	en	technieken-sequenties	gecureerd	0		-0.5
fast spin echo	en	technieken-sequenties	gecureerd	0		-0.5
fibula	nl	anatomie-nl	gecureerd,uberon	0		-0.5
field of view	en	technieken-sequenties	gecureerd	0		-0.5
interlobular septal thickening	en	descriptoren-bevindingen	gecureerd	0		-0.5
joint space narrowing	en	descriptoren-bevindingen	gecureerd	0		-0.5
larynx	nl	anatomie-nl	gecureerd,uberon	0		-0.5
late gadolinium enhancement	en	technieken-sequenties	gecureerd	0		-0.5
lobulus simplex cerebelli [h vi et vi]	la	anatomie-la	uberon	0		-0.5
magic angle artifact	en	technieken-sequenties	gecureerd	0		-0.5
maximum intensity projection	en	technieken-sequenties	gecureerd	0		-0.5
metoprolol	nl	contrast-medicatie	gecureerd,telnyx	0		-0.5
minimum intensity projection	en	technieken-sequenties	gecureerd	0		-0.5
no acute abnormality	en	descriptoren-bevindingen	gecureerd	0		-0.5
os sacrum [vertebrae sacrales I - V]	la	anatomie-la	uberon	0		-0.5
partial volume artifact	en	technieken-sequenties	gecureerd	0		-0.5
renal cell carcinoma	en	pathologie	gecureerd	0		-0.5
rotator cuff tear	en	pathologie	gecureerd	0		-0.5
small bowel obstruction	en	pathologie	gecureerd	0		-0.5
sternum	nl	anatomie-nl	gecureerd,uberon	0		-0.5
strata magnocellularia nuclei dorsalis corporis geniculati lateralis	la	anatomie-la	uberon	0		-0.5
strata parvocellularia nuclei dorsalis corporis geniculati lateralis	la	anatomie-la	uberon	0		-0.5
stratum koniocellulare nuclei dorsalis corporis geniculati lateralis	la	anatomie-la	uberon	0		-0.5
thymus	nl	anatomie-nl	gecureerd,uberon	0		-0.5
turbo spin echo	en	technieken-sequenties	gecureerd	0		-0.5
white matter hyperintensities	en	descriptoren-bevindingen	gecureerd	0		-0.5
within normal limits	en	descriptoren-bevindingen	gecureerd	0		-0.5
coronale	nl	template	templates	3		-0.65
face	nl	template	templates,uberon	2		-0.65
hand	nl	template	templates	3		-0.65
interne	nl	template	templates	3		-0.65
opening	nl	template	templates	3		-0.65
passage	nl	template	templates	3		-0.65
superior	nl	template	templates	3		-0.65
anterior cruciate ligament tear	en	pathologie	gecureerd	0		-1.0
balanced steady-state free precession	en	technieken-sequenties	gecureerd	0		-1.0
crus primum lobuli ansiformis cerebelli [h vii a]	la	anatomie-la	uberon	0		-1.0
lobulus quadrangularis anterior cerebelli [h iv et v]	la	anatomie-la	uberon	0		-1.0
ramus sinus cavernosi (pars cavernosa) (arteria carotis interna)	la	anatomie-la	uberon	0		-1.0
aangetoond	nl	template	templates	3		-1.15
arteriële	nl	template	templates	3		-1.15
balans	nl	template	templates	3		-1.15
blaascapaciteit	nl	template	templates	3		-1.15
bloedingen	nl	template	templates	3		-1.15
boven	nl	template	templates	3		-1.15
capaciteit	nl	template	templates	3		-1.15
contractie	nl	template	templates	3		-1.15
contracties	nl	template	templates	3		-1.15
derde	nl	template	templates	3		-1.15
doorheen	nl	template	templates	3		-1.15
elevatie	nl	template	templates	3		-1.15
enkele	nl	template	templates	3		-1.15
houdend	nl	template	templates	3		-1.15
intact	nl	template	templates	3		-1.15
intacte	nl	template	templates	3		-1.15
integriteit	nl	template	templates	3		-1.15
jodium	nl	template	templates	3		-1.15
lekkage	nl	template	templates	3		-1.15
mediaanlijn	nl	template	templates	3		-1.15
mobiliteit	nl	template	templates	3		-1.15
oppervlakkige	nl	template	templates	3		-1.15
peesschede	nl	template	templates	3		-1.15
primaire	nl	template	templates	3		-1.15
tertiaire	nl	template	templates	3		-1.15
tussen	nl	template	templates	3		-1.15
ventrikels	nl	template	templates	3		-1.15
vergroting	nl	template	templates	3		-1.15
vierde	nl	template	templates	3		-1.15
voorbij	nl	template	templates	3		-1.15
acenocoumarol	nl	contrast-medicatie	gecureerd	0		-1.5
atlas	nl	anatomie-nl	gecureerd	0		-1.5
atrium	nl	anatomie-nl	gecureerd	0		-1.5
bronchitis	en	telnyx-en	opentaal,telnyx	0		-1.5
bypass	nl	materiaal-interventie	gecureerd	0		-1.5
carina	nl	anatomie-nl	gecureerd	0		-1.5
centimeter	nl	verslagtaal	gecureerd	0		-1.5
clavicula	nl	anatomie-nl	gecureerd	0		-1.5
clip	nl	materiaal-interventie	gecureerd	0		-1.5
defibrillator	nl	materiaal-interventie	gecureerd	0		-1.5
dermis	en	anatomie-en	telnyx,uberon	0		-1.5
discus	nl	anatomie-nl	gecureerd	0		-1.5
Douglas	nl	anatomie-nl	gecureerd	0		-1.5
drain	nl	materiaal-interventie	gecureerd	0		-1.5
endocarditis	en	telnyx-en	opentaal,telnyx	0		-1.5
endocardium	en	anatomie-en	telnyx,uberon	0		-1.5
endosteum	en	anatomie-en	telnyx,uberon	0		-1.5
endothelium	en	anatomie-en	telnyx,uberon	0		-1.5
epicardium	en	anatomie-en	telnyx,uberon	0		-1.5
epiphysis	en	anatomie-en	telnyx,uberon	0		-1.5
epithelium	en	anatomie-en	telnyx,uberon	0		-1.5
expander	nl	materiaal-interventie	gecureerd	0		-1.5
graft	nl	materiaal-interventie	gecureerd	0		-1.5
hepatitis	en	telnyx-en	opentaal,telnyx	0		-1.5
hippocampus	nl	anatomie-nl	gecureerd	0		-1.5
hypodermis	en	anatomie-en	telnyx,uberon	0		-1.5
inlay	nl	materiaal-interventie	gecureerd	0		-1.5
lacune	nl	descriptoren-bevindingen	gecureerd	0		-1.5
lacunes	nl	descriptoren-bevindingen	gecureerd	0		-1.5
marker	nl	materiaal-interventie	gecureerd	0		-1.5
massa	nl	descriptoren-bevindingen	gecureerd	0		-1.5
metaphysis	en	anatomie-en	telnyx,uberon	0		-1.5
millimeter	nl	verslagtaal	gecureerd	0		-1.5
navel	nl	anatomie-nl	gecureerd	0		-1.5
pericardium	en	anatomie-en	telnyx,uberon	0		-1.5
periosteum	en	anatomie-en	telnyx,uberon	0		-1.5
plaques	nl	descriptoren-bevindingen	gecureerd	0		-1.5
sectio	nl	materiaal-interventie	gecureerd	0		-1.5
shunt	nl	materiaal-interventie	gecureerd	0		-1.5
stoma	nl	materiaal-interventie	gecureerd	0		-1.5
struma	nl	pathologie	gecureerd	0		-1.5
trapezium	nl	anatomie-nl	gecureerd	0		-1.5
tube	nl	materiaal-interventie	gecureerd	0		-1.5
urethritis	en	telnyx-en	opentaal,telnyx	0		-1.5
vermis	nl	anatomie-nl	gecureerd	0		-1.5
acute	nl	template	templates	2		-1.65
adequate	nl	template	templates	2		-1.65
baker	nl	template	templates	2		-1.65
cava	nl	template	templates	2		-1.65
fossa	nl	template	templates	2		-1.65
horn	nl	template	templates	2		-1.65
loge	nl	template	templates	2		-1.65
orale	nl	template	templates	2		-1.65
reserve	nl	template	templates	2		-1.65
viii	nl	template	templates	2		-1.65
Aanbeveling	nl	verslagtaal	gecureerd	0		-2.0
acetylsalicylzuur	nl	contrast-medicatie	gecureerd	0		-2.0
achillespeesruptuur	nl	pathologie	gecureerd	0		-2.0
achtervoet	nl	anatomie-nl	gecureerd	0		-2.0
Addendum	nl	verslagtaal	gecureerd	0		-2.0
Advies	nl	verslagtaal	gecureerd	0		-2.0
afgelijnd	nl	descriptoren-bevindingen	gecureerd	0		-2.0
ankers	nl	materiaal-interventie	gecureerd	0		-2.0
aquaduct	nl	anatomie-nl	gecureerd	0		-2.0
aspecifiek	nl	descriptoren-bevindingen	gecureerd	0		-2.0
asymmetrie	nl	descriptoren-bevindingen	gecureerd	0		-2.0
asymmetrisch	nl	descriptoren-bevindingen	gecureerd	0		-2.0
baarmoeder	nl	anatomie-nl	gecureerd	0		-2.0
baarmoederhals	nl	anatomie-nl	gecureerd	0		-2.0
bariumpap	nl	contrast-medicatie	gecureerd	0		-2.0
bariumsulfaat	nl	contrast-medicatie	gecureerd	0		-2.0
beeldkwaliteit	nl	technieken-sequenties	gecureerd	0		-2.0
beiderzijds	nl	verslagtaal	gecureerd	0		-2.0
bekkenbodem	nl	anatomie-nl	gecureerd	0		-2.0
bestraling	nl	materiaal-interventie	gecureerd	0		-2.0
bijbal	nl	anatomie-nl	gecureerd	0		-2.0
bijnier	nl	anatomie-nl	gecureerd	0		-2.0
bijschildklieren	nl	anatomie-nl	gecureerd	0		-2.0
binnenoor	nl	anatomie-nl	gecureerd	0		-2.0
biopsie	nl	materiaal-interventie	gecureerd	0		-2.0
blaastumor	nl	pathologie	gecureerd	0		-2.0
borstbeen	nl	anatomie-nl	gecureerd	0		-2.0
borstklier	nl	anatomie-nl	gecureerd	0		-2.0
borstprothese	nl	materiaal-interventie	gecureerd	0		-2.0
borstwand	nl	anatomie-nl	gecureerd	0		-2.0
botuline	nl	contrast-medicatie	gecureerd	0		-2.0
breuk	nl	descriptoren-bevindingen	gecureerd	0		-2.0
buikwand	nl	anatomie-nl	gecureerd	0		-2.0
clips	nl	materiaal-interventie	gecureerd	0		-2.0
cm³	nl	verslagtaal	gecureerd	0		-2.0
coeliakie	nl	pathologie	gecureerd	0		-2.0
darmbeen	nl	anatomie-nl	gecureerd	0		-2.0
darmobstructie	nl	pathologie	gecureerd	0		-2.0
degeneratief	nl	descriptoren-bevindingen	gecureerd	0		-2.0
dekplaat	nl	anatomie-nl	gecureerd	0		-2.0
diafragma	nl	anatomie-nl	gecureerd	0		-2.0
diffuus	nl	descriptoren-bevindingen	gecureerd	0		-2.0
dijbeen	nl	anatomie-nl	gecureerd	0		-2.0
dijbeenkop	nl	anatomie-nl	gecureerd	0		-2.0
dilatatie	nl	descriptoren-bevindingen	gecureerd	0		-2.0
discusprothese	nl	materiaal-interventie	gecureerd	0		-2.0
doorlichting	nl	technieken-sequenties	gecureerd	0		-2.0
drains	nl	materiaal-interventie	gecureerd	0		-2.0
dubbelpunt	nl	verslagtaal	gecureerd	0		-2.0
dubbelsysteem	nl	pathologie	gecureerd	0		-2.0
duim	nl	anatomie-nl	gecureerd	0		-2.0
eierstokken	nl	anatomie-nl	gecureerd	0		-2.0
eileider	nl	anatomie-nl	gecureerd	0		-2.0
eindplaat	nl	anatomie-nl	gecureerd	0		-2.0
ellebooggewricht	nl	anatomie-nl	gecureerd	0		-2.0
emfyseem	nl	descriptoren-bevindingen	gecureerd	0		-2.0
endeldarm	nl	anatomie-nl	gecureerd	0		-2.0
expansief	nl	descriptoren-bevindingen	gecureerd	0		-2.0
extrusie	nl	descriptoren-bevindingen	gecureerd	0		-2.0
facetgewricht	nl	anatomie-nl	gecureerd	0		-2.0
falanx	nl	anatomie-nl	gecureerd	0		-2.0
frontaalkwab	nl	anatomie-nl	gecureerd	0		-2.0
gedilateerd	nl	descriptoren-bevindingen	gecureerd	0		-2.0
gewijzigd	nl	descriptoren-bevindingen	gecureerd	0		-2.0
graden	nl	verslagtaal	gecureerd	0		-2.0
groeischijf	nl	pathologie	gecureerd	0		-2.0
haard	nl	descriptoren-bevindingen	gecureerd	0		-2.0
hamstrings	nl	anatomie-nl	gecureerd	0		-2.0
handwortel	nl	anatomie-nl	gecureerd	0		-2.0
harpoen	nl	materiaal-interventie	gecureerd	0		-2.0
hartfalen	nl	pathologie	gecureerd	0		-2.0
heiligbeen	nl	anatomie-nl	gecureerd	0		-2.0
heparine	nl	contrast-medicatie	gecureerd	0		-2.0
hersenabces	nl	pathologie	gecureerd	0		-2.0
hersenbloeding	nl	pathologie	gecureerd	0		-2.0
herseninfarct	nl	pathologie	gecureerd	0		-2.0
hersenkneuzing	nl	pathologie	gecureerd	0		-2.0
hersenstam	nl	anatomie-nl	gecureerd	0		-2.0
heterogeen	nl	descriptoren-bevindingen	gecureerd	0		-2.0
heupgewricht	nl	anatomie-nl	gecureerd	0		-2.0
heupkom	nl	anatomie-nl	gecureerd	0		-2.0
heupprothese	nl	materiaal-interventie	gecureerd	0		-2.0
hielbeen	nl	anatomie-nl	gecureerd	0		-2.0
hielspoor	nl	pathologie	gecureerd	0		-2.0
holtevorming	nl	descriptoren-bevindingen	gecureerd	0		-2.0
holvoet	nl	pathologie	gecureerd	0		-2.0
honingraat	nl	descriptoren-bevindingen	gecureerd	0		-2.0
impressie	nl	descriptoren-bevindingen	gecureerd	0		-2.0
Indicatie	nl	verslagtaal	gecureerd	0		-2.0
inferieur	nl	verslagtaal	gecureerd	0		-2.0
infiltraat	nl	descriptoren-bevindingen	gecureerd	0		-2.0
infiltratie	nl	materiaal-interventie	gecureerd	0		-2.0
inhomogeen	nl	descriptoren-bevindingen	gecureerd	0		-2.0
jicht	nl	pathologie	gecureerd	0		-2.0
keizersnede	nl	materiaal-interventie	gecureerd	0		-2.0
kindermishandeling	nl	pathologie	gecureerd	0		-2.0
klierweefsel	nl	anatomie-nl	gecureerd	0		-2.0
knieholte	nl	anatomie-nl	gecureerd	0		-2.0
knieschijf	nl	anatomie-nl	gecureerd	0		-2.0
komma	nl	verslagtaal	gecureerd	0		-2.0
kraakbeenletsel	nl	descriptoren-bevindingen	gecureerd	0		-2.0
kransslagaders	nl	anatomie-nl	gecureerd	0		-2.0
kruisbanden	nl	anatomie-nl	gecureerd	0		-2.0
kuitbeen	nl	anatomie-nl	gecureerd	0		-2.0
kuitspieren	nl	anatomie-nl	gecureerd	0		-2.0
kwaadaardig	nl	descriptoren-bevindingen	gecureerd	0		-2.0
labyrint	nl	anatomie-nl	gecureerd	0		-2.0
leverabces	nl	pathologie	gecureerd	0		-2.0
levertransplantatie	nl	materiaal-interventie	gecureerd	0		-2.0
lidocaïne	nl	contrast-medicatie	gecureerd	0		-2.0
liesstreek	nl	anatomie-nl	gecureerd	0		-2.0
links	nl	verslagtaal	gecureerd	0		-2.0
littekenweefsel	nl	descriptoren-bevindingen	gecureerd	0		-2.0
longaders	nl	anatomie-nl	gecureerd	0		-2.0
longslagader	nl	anatomie-nl	gecureerd	0		-2.0
longtoppen	nl	anatomie-nl	gecureerd	0		-2.0
loslating	nl	materiaal-interventie	gecureerd	0		-2.0
maligne	nl	descriptoren-bevindingen	gecureerd	0		-2.0
Mededeling	nl	verslagtaal	gecureerd	0		-2.0
meniscussen	nl	anatomie-nl	gecureerd	0		-2.0
middenoor	nl	anatomie-nl	gecureerd	0		-2.0
middenrif	nl	anatomie-nl	gecureerd	0		-2.0
ml	nl	verslagtaal	gecureerd	0		-2.0
myocardinfarct	nl	pathologie	gecureerd	0		-2.0
navelbreuk	nl	pathologie	gecureerd	0		-2.0
neusholte	nl	anatomie-nl	gecureerd	0		-2.0
neuspoliepen	nl	pathologie	gecureerd	0		-2.0
neustussenschot	nl	anatomie-nl	gecureerd	0		-2.0
nierader	nl	anatomie-nl	gecureerd	0		-2.0
nierbekken	nl	anatomie-nl	gecureerd	0		-2.0
nierschors	nl	anatomie-nl	gecureerd	0		-2.0
niersteen	nl	descriptoren-bevindingen	gecureerd	0		-2.0
niertransplantatie	nl	materiaal-interventie	gecureerd	0		-2.0
nitroglycerine	nl	contrast-medicatie	gecureerd	0		-2.0
occlusie	nl	descriptoren-bevindingen	gecureerd	0		-2.0
okselholte	nl	anatomie-nl	gecureerd	0		-2.0
ongewijzigd	nl	descriptoren-bevindingen	gecureerd	0		-2.0
ontkalking	nl	descriptoren-bevindingen	gecureerd	0		-2.0
onverdacht	nl	descriptoren-bevindingen	gecureerd	0		-2.0
oogbol	nl	anatomie-nl	gecureerd	0		-2.0
oogspieren	nl	anatomie-nl	gecureerd	0		-2.0
Opmerking	nl	verslagtaal	gecureerd	0		-2.0
opvolging	nl	descriptoren-bevindingen	gecureerd	0		-2.0
perforatie	nl	pathologie	gecureerd	0		-2.0
platvoet	nl	pathologie	gecureerd	0		-2.0
pneumonie	nl	pathologie	gecureerd	0		-2.0
poliep	nl	pathologie	gecureerd	0		-2.0
poliepen	nl	pathologie	gecureerd	0		-2.0
polsgewricht	nl	anatomie-nl	gecureerd	0		-2.0
polyethyleen	nl	materiaal-interventie	gecureerd	0		-2.0
poortader	nl	anatomie-nl	gecureerd	0		-2.0
proces	nl	descriptoren-bevindingen	gecureerd	0		-2.0
progressie	nl	descriptoren-bevindingen	gecureerd	0		-2.0
pulmonary trunk	en	anatomie-en	telnyx,uberon	0		-2.0
punctie	nl	materiaal-interventie	gecureerd	0		-2.0
punt	nl	verslagtaal	gecureerd	0		-2.0
puntkomma	nl	verslagtaal	gecureerd	0		-2.0
rechts	nl	verslagtaal	gecureerd	0		-2.0
recidief	nl	descriptoren-bevindingen	gecureerd	0		-2.0
reconstructies	nl	technieken-sequenties	gecureerd	0		-2.0
rectificatie	nl	descriptoren-bevindingen	gecureerd	0		-2.0
regressie	nl	descriptoren-bevindingen	gecureerd	0		-2.0
ribben	nl	anatomie-nl	gecureerd	0		-2.0
rotsbeen	nl	anatomie-nl	gecureerd	0		-2.0
ruggenmerg	nl	anatomie-nl	gecureerd	0		-2.0
schaambeen	nl	anatomie-nl	gecureerd	0		-2.0
schedelbasisfractuur	nl	pathologie	gecureerd	0		-2.0
schedelfractuur	nl	pathologie	gecureerd	0		-2.0
scheenbeen	nl	anatomie-nl	gecureerd	0		-2.0
schildwachtklier	nl	materiaal-interventie	gecureerd	0		-2.0
schors	nl	anatomie-nl	gecureerd	0		-2.0
schouderblad	nl	anatomie-nl	gecureerd	0		-2.0
schroeven	nl	materiaal-interventie	gecureerd	0		-2.0
sedimentatie	nl	descriptoren-bevindingen	gecureerd	0		-2.0
signaalverlies	nl	descriptoren-bevindingen	gecureerd	0		-2.0
skeletleeftijd	nl	technieken-sequenties	gecureerd	0		-2.0
sleutelbeen	nl	anatomie-nl	gecureerd	0		-2.0
slikfoto	nl	technieken-sequenties	gecureerd	0		-2.0
sluitplaat	nl	anatomie-nl	gecureerd	0		-2.0
spierscheur	nl	pathologie	gecureerd	0		-2.0
spiraaltje	nl	materiaal-interventie	gecureerd	0		-2.0
stabiel	nl	descriptoren-bevindingen	gecureerd	0		-2.0
status quo	nl	descriptoren-bevindingen	gecureerd	0		-2.0
staven	nl	materiaal-interventie	gecureerd	0		-2.0
stembanden	nl	anatomie-nl	gecureerd	0		-2.0
streepje	nl	verslagtaal	gecureerd	0		-2.0
strengen	nl	pathologie	gecureerd	0		-2.0
stressfractuur	nl	descriptoren-bevindingen	gecureerd	0		-2.0
stressreactie	nl	descriptoren-bevindingen	gecureerd	0		-2.0
stuitbeen	nl	anatomie-nl	gecureerd	0		-2.0
stuwing	nl	descriptoren-bevindingen	gecureerd	0		-2.0
superieur	nl	verslagtaal	gecureerd	0		-2.0
Techniek	nl	verslagtaal	gecureerd	0		-2.0
teelbal	nl	anatomie-nl	gecureerd	0		-2.0
temporaalkwab	nl	anatomie-nl	gecureerd	0		-2.0
tenen	nl	anatomie-nl	gecureerd	0		-2.0
tenniselleboog	nl	pathologie	gecureerd	0		-2.0
tepel	nl	anatomie-nl	gecureerd	0		-2.0
thoraxfoto	nl	technieken-sequenties	gecureerd	0		-2.0
TIPS	nl	materiaal-interventie	gecureerd	0		-2.0
trombo-embolie	nl	descriptoren-bevindingen	gecureerd	0		-2.0
tussenwervelschijf	nl	anatomie-nl	gecureerd	0		-2.0
uitzetting	nl	descriptoren-bevindingen	gecureerd	0		-2.0
verbening	nl	descriptoren-bevindingen	gecureerd	0		-2.0
verdacht	nl	descriptoren-bevindingen	gecureerd	0		-2.0
verdichting	nl	descriptoren-bevindingen	gecureerd	0		-2.0
verdikking	nl	descriptoren-bevindingen	gecureerd	0		-2.0
Vergelijking	nl	verslagtaal	gecureerd	0		-2.0
verkalking	nl	descriptoren-bevindingen	gecureerd	0		-2.0
verkalkt	nl	descriptoren-bevindingen	gecureerd	0		-2.0
verkorting	nl	descriptoren-bevindingen	gecureerd	0		-2.0
verplaatsing	nl	descriptoren-bevindingen	gecureerd	0		-2.0
vervetting	nl	descriptoren-bevindingen	gecureerd	0		-2.0
verwijd	nl	descriptoren-bevindingen	gecureerd	0		-2.0
vingerkootjes	nl	anatomie-nl	gecureerd	0		-2.0
vloeistofniveau	nl	descriptoren-bevindingen	gecureerd	0		-2.0
vochthoudend	nl	descriptoren-bevindingen	gecureerd	0		-2.0
voorvoet	nl	anatomie-nl	gecureerd	0		-2.0
Vraagstelling	nl	verslagtaal	gecureerd	0		-2.0
wortel	nl	anatomie-nl	gecureerd	0		-2.0
zenuwwortels	nl	anatomie-nl	gecureerd	0		-2.0
zwelling	nl	descriptoren-bevindingen	gecureerd	0		-2.0
aanliggende	nl	template	templates	2		-2.15
actieve	nl	template	templates	2		-2.15
aspiratie	nl	template	templates	2		-2.15
asymmetrieën	nl	template	templates	2		-2.15
bedraagt	nl	template	templates	2		-2.15
bovenarm	nl	template	templates	2		-2.15
bovenbeen	nl	template	templates	2		-2.15
buikorganen	nl	template	templates	2		-2.15
bundel	nl	template	templates	2		-2.15
dementie	nl	template	templates	2		-2.15
details	nl	template	templates	2		-2.15
excursie	nl	template	templates	2		-2.15
fase	nl	template	templates	2		-2.15
geclusterde	nl	template	templates	2		-2.15
gekende	nl	template	templates	2		-2.15
gemeenschappelijke	nl	template	templates	2		-2.15
gemiddelde	nl	template	templates	2		-2.15
gezien	nl	template	templates	2		-2.15
groote	nl	template	templates	2		-2.15
heupen	nl	template	templates	2		-2.15
heupfractuur	nl	template	templates	2		-2.15
houtskooltekening	nl	template	templates	2		-2.15
http	nl	template	templates	2		-2.15
huid	nl	template	templates	2		-2.15
intrinsieke	nl	template	templates	2		-2.15
inwendige	nl	template	templates	2		-2.15
jaren	nl	template	templates	2		-2.15
javascript	nl	template	templates	2		-2.15
junctie	nl	template	templates	2		-2.15
klasse	nl	template	templates	2		-2.15
laesies	nl	template	templates	2		-2.15
liggende	nl	template	templates	2		-2.15
linkerheup	nl	template	templates	2		-2.15
locatie	nl	template	templates	2		-2.15
majeure	nl	template	templates	2		-2.15
mediaan	nl	template	templates	2		-2.15
methode	nl	template	templates	2		-2.15
neutrale	nl	template	templates	2		-2.15
ondergrens	nl	template	templates	2		-2.15
onderste	nl	template	templates	2		-2.15
onderzoek	nl	template	templates	2		-2.15
opnames	nl	template	templates	2		-2.15
overeenkomt	nl	template	templates	2		-2.15
pathologisch	nl	template	templates	2		-2.15
penetratie	nl	template	templates	2		-2.15
positionering	nl	template	templates	2		-2.15
profiel	nl	template	templates	2		-2.15
proximale	nl	template	templates	2		-2.15
rechterheup	nl	template	templates	2		-2.15
relaxatie	nl	template	templates	2		-2.15
risico	nl	template	templates	2		-2.15
schedel	nl	template	templates	2		-2.15
specifieke	nl	template	templates	2		-2.15
spontaan	nl	template	templates	2		-2.15
staande	nl	template	templates	2		-2.15
structuur	nl	template	templates	2		-2.15
tepels	nl	template	templates	2		-2.15
toediening	nl	template	templates	2		-2.15
toegevoegde	nl	template	templates	2		-2.15
turbulentie	nl	template	templates	2		-2.15
typering	nl	template	templates	2		-2.15
uitbreiding	nl	template	templates	2		-2.15
urologie	nl	template	templates	2		-2.15
vaatjes	nl	template	templates	2		-2.15
venen	nl	template	templates	2		-2.15
vergrote	nl	template	templates	2		-2.15
verricht	nl	template	templates	2		-2.15
verstoorde	nl	template	templates	2		-2.15
vlot	nl	template	templates	2		-2.15
voet	nl	template	templates	2		-2.15
volgende	nl	template	templates	2		-2.15
volgens	nl	template	templates	2		-2.15
volledige	nl	template	templates	2		-2.15
wegen	nl	template	templates	2		-2.15
wervel	nl	template	templates	2		-2.15
windingen	nl	template	templates	2		-2.15
zichtbaar	nl	template	templates	2		-2.15
zuil	nl	template	templates	2		-2.15
acarbose	en	telnyx-en	telnyx	0		-2.5
adenohypophysis	en	anatomie-en	uberon	0		-2.5
adventitia	en	anatomie-en	telnyx,uberon	0		-2.5
alveolus	en	anatomie-en	telnyx,uberon	0		-2.5
angina	en	telnyx-en	telnyx	0		-2.5
aponeurosis	en	anatomie-en	telnyx,uberon	0		-2.5
arthroplasty	en	telnyx-en	telnyx	0		-2.5
arthroscopy	en	telnyx-en	telnyx	0		-2.5
blastocele	en	anatomie-en	uberon	0		-2.5
bronchiole	en	anatomie-en	uberon	0		-2.5
bronchoscopy	en	telnyx-en	telnyx	0		-2.5
bronchus	en	anatomie-en	uberon	0		-2.5
cardiomyopathy	en	telnyx-en	telnyx	0		-2.5
cholecyst	en	telnyx-en	telnyx	0		-2.5
cholecystectomy	en	telnyx-en	telnyx	0		-2.5
colectomy	en	telnyx-en	telnyx	0		-2.5
colesevelam	en	telnyx-en	telnyx	0		-2.5
colon	en	anatomie-en	uberon	0		-2.5
colonoscopy	en	telnyx-en	telnyx	0		-2.5
colostomy	en	telnyx-en	telnyx	0		-2.5
colostrum	en	anatomie-en	uberon	0		-2.5
colposcopy	en	telnyx-en	telnyx	0		-2.5
cystectomy	en	telnyx-en	telnyx	0		-2.5
cystoscopy	en	telnyx-en	telnyx	0		-2.5
Derm	en	telnyx-en	telnyx	0		-2.5
dermatome	en	anatomie-en	uberon	0		-2.5
dermomyotome	en	anatomie-en	uberon	0		-2.5
diaphysis	en	anatomie-en	telnyx,uberon	0		-2.5
encephalitis	en	telnyx-en	telnyx	0		-2.5
endocervix	en	anatomie-en	uberon	0		-2.5
endoderm	en	anatomie-en	uberon	0		-2.5
endolymph	en	anatomie-en	uberon	0		-2.5
endomysium	en	anatomie-en	uberon	0		-2.5
endoneurium	en	anatomie-en	uberon	0		-2.5
endoscopy	en	telnyx-en	telnyx	0		-2.5
endotoxemia	en	telnyx-en	telnyx	0		-2.5
epicondyle	en	anatomie-en	uberon	0		-2.5
epidermis	en	telnyx-en	telnyx	0		-2.5
epidural	en	telnyx-en	telnyx	0		-2.5
epigastrium	en	anatomie-en	uberon	0		-2.5
epimysium	en	anatomie-en	uberon	0		-2.5
epinephrine	en	telnyx-en	telnyx	0		-2.5
epineurium	en	anatomie-en	uberon	0		-2.5
esophagitis	en	telnyx-en	telnyx	0		-2.5
fontanelle	en	anatomie-en	telnyx,uberon	0		-2.5
gastrectomy	en	telnyx-en	telnyx	0		-2.5
gastroenteritis	en	telnyx-en	telnyx	0		-2.5
gastroscopy	en	telnyx-en	telnyx	0		-2.5
gastrula	en	anatomie-en	uberon	0		-2.5
glomerulonephritis	en	telnyx-en	telnyx	0		-2.5
gyrus	en	anatomie-en	telnyx,uberon	0		-2.5
hematemesis	en	telnyx-en	telnyx	0		-2.5
hematochezia	en	telnyx-en	telnyx	0		-2.5
hematoma	en	telnyx-en	telnyx	0		-2.5
hematuria	en	telnyx-en	telnyx	0		-2.5
hemolysis	en	telnyx-en	telnyx	0		-2.5
hemophilia	en	telnyx-en	telnyx	0		-2.5
hemoptysis	en	telnyx-en	telnyx	0		-2.5
hemothorax	en	telnyx-en	telnyx	0		-2.5
hilum	en	anatomie-en	telnyx,uberon	0		-2.5
hypercalcemia	en	telnyx-en	telnyx	0		-2.5
hypercapnia	en	telnyx-en	telnyx	0		-2.5
hypercholesterolemia	en	telnyx-en	telnyx	0		-2.5
hyperesthesia	en	telnyx-en	telnyx	0		-2.5
hyperglycemia	en	telnyx-en	telnyx	0		-2.5
hyperkalemia	en	telnyx-en	telnyx	0		-2.5
hyperlipidemia	en	telnyx-en	telnyx	0		-2.5
hypermagnesemia	en	telnyx-en	telnyx	0		-2.5
hypernatremia	en	telnyx-en	telnyx	0		-2.5
hyperparathyroidism	en	telnyx-en	telnyx	0		-2.5
hyperphosphatemia	en	telnyx-en	telnyx	0		-2.5
hyperreflexia	en	telnyx-en	telnyx	0		-2.5
hypertension	en	telnyx-en	telnyx	0		-2.5
hyperthyroidism	en	telnyx-en	telnyx	0		-2.5
hypertriglyceridemia	en	telnyx-en	telnyx	0		-2.5
hypoalbuminemia	en	telnyx-en	telnyx	0		-2.5
hypocalcemia	en	telnyx-en	telnyx	0		-2.5
hypogastrium	en	anatomie-en	uberon	0		-2.5
hypoglossal	en	telnyx-en	telnyx	0		-2.5
hypoglycemia	en	telnyx-en	telnyx	0		-2.5
hypokalemia	en	telnyx-en	telnyx	0		-2.5
hypomagnesemia	en	telnyx-en	telnyx	0		-2.5
hyponatremia	en	telnyx-en	telnyx	0		-2.5
hyponychium	en	anatomie-en	uberon	0		-2.5
hypoparathyroidism	en	telnyx-en	telnyx	0		-2.5
hypopharynx	en	anatomie-en	uberon	0		-2.5
hypophosphatemia	en	telnyx-en	telnyx	0		-2.5
hyporeflexia	en	telnyx-en	telnyx	0		-2.5
hypotension	en	telnyx-en	telnyx	0		-2.5
hypothyroidism	en	telnyx-en	telnyx	0		-2.5
hypoxia	en	telnyx-en	telnyx	0		-2.5
hysterectomy	en	telnyx-en	telnyx	0		-2.5
hysteroscopy	en	telnyx-en	telnyx	0		-2.5
ileostomy	en	telnyx-en	telnyx	0		-2.5
lactulose	en	telnyx-en	telnyx	0		-2.5
laparoscopy	en	telnyx-en	telnyx	0		-2.5
laparotomy	en	telnyx-en	telnyx	0		-2.5
lobule	en	anatomie-en	telnyx,uberon	0		-2.5
mesentery	en	anatomie-en	telnyx,uberon	0		-2.5
mesothelium	en	anatomie-en	telnyx,uberon	0		-2.5
metanephros	en	anatomie-en	uberon	0		-2.5
metathalamus	en	anatomie-en	uberon	0		-2.5
myelin	en	anatomie-en	uberon	0		-2.5
myelitis	en	telnyx-en	telnyx	0		-2.5
myelopathy	en	telnyx-en	telnyx	0		-2.5
myocardium	en	anatomie-en	telnyx,uberon	0		-2.5
nephritis	en	telnyx-en	telnyx	0		-2.5
nephron	en	anatomie-en	telnyx,uberon	0		-2.5
neuralgia	en	telnyx-en	telnyx	0		-2.5
neurectomy	en	telnyx-en	telnyx	0		-2.5
neuritis	en	telnyx-en	telnyx	0		-2.5
Neuro	en	telnyx-en	telnyx	0		-2.5
neurocranium	en	anatomie-en	uberon	0		-2.5
neuroectoderm	en	anatomie-en	uberon	0		-2.5
neurohypophysis	en	anatomie-en	uberon	0		-2.5
neuropathy	en	telnyx-en	telnyx	0		-2.5
neuropil	en	anatomie-en	uberon	0		-2.5
nose	en	anatomie-en	uberon	0		-2.5
osteoid	en	anatomie-en	uberon	0		-2.5
osteon	en	anatomie-en	uberon	0		-2.5
osteotomy	en	telnyx-en	telnyx	0		-2.5
pancreatectomy	en	telnyx-en	telnyx	0		-2.5
paradidymis	en	anatomie-en	uberon	0		-2.5
paraflocculus	en	anatomie-en	uberon	0		-2.5
parametrium	en	anatomie-en	uberon	0		-2.5
parasitemia	en	telnyx-en	telnyx	0		-2.5
parathyroidectomy	en	telnyx-en	telnyx	0		-2.5
parenchyma	en	anatomie-en	telnyx,uberon	0		-2.5
perichondrium	en	anatomie-en	uberon	0		-2.5
pericranium	en	anatomie-en	uberon	0		-2.5
periderm	en	anatomie-en	uberon	0		-2.5
perilymph	en	anatomie-en	uberon	0		-2.5
perimysium	en	anatomie-en	uberon	0		-2.5
perineum	en	anatomie-en	uberon	0		-2.5
perineurium	en	anatomie-en	uberon	0		-2.5
periodontium	en	anatomie-en	uberon	0		-2.5
periportal	en	telnyx-en	telnyx	0		-2.5
phlebitis	en	telnyx-en	telnyx	0		-2.5
pyelonephritis	en	telnyx-en	telnyx	0		-2.5
radiculopathy	en	telnyx-en	telnyx	0		-2.5
splenectomy	en	telnyx-en	telnyx	0		-2.5
splenius	en	anatomie-en	uberon	0		-2.5
steatohepatitis	en	telnyx-en	telnyx	0		-2.5
subarachnoid	en	telnyx-en	telnyx	0		-2.5
subclavian	en	telnyx-en	telnyx	0		-2.5
subclavius	en	anatomie-en	uberon	0		-2.5
subcutaneous	en	telnyx-en	telnyx	0		-2.5
subdural	en	telnyx-en	telnyx	0		-2.5
subglottis	en	anatomie-en	uberon	0		-2.5
subiculum	en	anatomie-en	uberon	0		-2.5
submucosa	en	anatomie-en	uberon	0		-2.5
subserosa	en	anatomie-en	uberon	0		-2.5
symphysis	en	anatomie-en	telnyx,uberon	0		-2.5
tendon	en	anatomie-en	telnyx,uberon	0		-2.5
thrombophlebitis	en	telnyx-en	telnyx	0		-2.5
thyroidectomy	en	telnyx-en	telnyx	0		-2.5
thyrotoxicosis	en	telnyx-en	telnyx	0		-2.5
trabecula	en	anatomie-en	telnyx,uberon	0		-2.5
transudate	en	anatomie-en	uberon	0		-2.5
ureterolithiasis	en	telnyx-en	telnyx	0		-2.5
ureterostomy	en	telnyx-en	telnyx	0		-2.5
valve	en	anatomie-en	telnyx,uberon	0		-2.5
vesicle	en	telnyx-en	telnyx	0		-2.5
abducens nucleus	en	anatomie-en	uberon	0		-3.0
anagen hair	en	anatomie-en	uberon	0		-3.0
angina pectoris	en	telnyx-en	telnyx	0		-3.0
bronchial artery	en	anatomie-en	uberon	0		-3.0
bronchial lumen	en	anatomie-en	uberon	0		-3.0
bronchial mucosa	en	anatomie-en	uberon	0		-3.0
bronchial vein	en	anatomie-en	uberon	0		-3.0
bronchopulmonary segment	en	anatomie-en	uberon	0		-3.0
CA1 alveus	en	anatomie-en	uberon	0		-3.0
CA3 alveus	en	anatomie-en	uberon	0		-3.0
cardiac atrium	en	anatomie-en	uberon	0		-3.0
cardiac chamber	en	anatomie-en	uberon	0		-3.0
cardiac endomysium	en	anatomie-en	uberon	0		-3.0
cardiac ganglion	en	anatomie-en	uberon	0		-3.0
cardiac septum	en	anatomie-en	uberon	0		-3.0
cardiac skeleton	en	anatomie-en	uberon	0		-3.0
cardiac valve	en	anatomie-en	uberon	0		-3.0
cardiac vein	en	anatomie-en	uberon	0		-3.0
cardiac ventricle	en	anatomie-en	uberon	0		-3.0
cardiovascular system	en	anatomie-en	uberon	0		-3.0
catagen hair	en	anatomie-en	uberon	0		-3.0
caudate nucleus	en	anatomie-en	uberon	0		-3.0
cerebral cortex	en	anatomie-en	uberon	0		-3.0
cerebral crus	en	anatomie-en	uberon	0		-3.0
cerebral hemisphere	en	anatomie-en	uberon	0		-3.0
cerebral peduncle	en	anatomie-en	uberon	0		-3.0
cerebral subcortex	en	anatomie-en	uberon	0		-3.0
cerebral vein	en	anatomie-en	uberon	0		-3.0
cerebrospinal fluid	en	anatomie-en	uberon	0		-3.0
chondroglossus muscle	en	anatomie-en	uberon	0		-3.0
choroid plexus	en	anatomie-en	telnyx,uberon	0		-3.0
cochlear nucleus	en	anatomie-en	uberon	0		-3.0
colic flexure	en	anatomie-en	uberon	0		-3.0
collateral sulcus	en	anatomie-en	uberon	0		-3.0
colonic epithelium	en	anatomie-en	uberon	0		-3.0
colonic mucosa	en	anatomie-en	uberon	0		-3.0
columella nasi	en	anatomie-en	uberon	0		-3.0
coronary sinus	en	anatomie-en	telnyx,uberon	0		-3.0
cuneate nucleus	en	anatomie-en	uberon	0		-3.0
cuneiform nucleus	en	anatomie-en	uberon	0		-3.0
cystic artery	en	anatomie-en	uberon	0		-3.0
cystic duct	en	anatomie-en	uberon	0		-3.0
cystic vein	en	anatomie-en	uberon	0		-3.0
dentate nucleus	en	anatomie-en	uberon	0		-3.0
dermal papilla	en	anatomie-en	uberon	0		-3.0
dorsal hair	en	anatomie-en	uberon	0		-3.0
duodenal ampulla	en	anatomie-en	uberon	0		-3.0
duodenal epithelium	en	anatomie-en	uberon	0		-3.0
duodenal gland	en	anatomie-en	uberon	0		-3.0
duodenal mucosa	en	anatomie-en	uberon	0		-3.0
duodenal papilla	en	anatomie-en	uberon	0		-3.0
duodeno-jejunal junction	en	anatomie-en	uberon	0		-3.0
dura mater	en	anatomie-en	telnyx,uberon	0		-3.0
emboliform nucleus	en	anatomie-en	uberon	0		-3.0
endo-epithelium	en	anatomie-en	uberon	0		-3.0
endocardial cushion	en	anatomie-en	uberon	0		-3.0
endocardial endothelium	en	anatomie-en	uberon	0		-3.0
endochondral bone	en	anatomie-en	uberon	0		-3.0
endocrine gland	en	anatomie-en	uberon	0		-3.0
endocrine pancreas	en	anatomie-en	uberon	0		-3.0
endocrine system	en	anatomie-en	uberon	0		-3.0
endolemniscal nucleus	en	anatomie-en	uberon	0		-3.0
endolymphatic duct	en	anatomie-en	uberon	0		-3.0
endolymphatic sac	en	anatomie-en	uberon	0		-3.0
endolymphatic space	en	anatomie-en	uberon	0		-3.0
endometrial cavity	en	anatomie-en	uberon	0		-3.0
endometrial gland	en	anatomie-en	uberon	0		-3.0
endometrial stroma	en	anatomie-en	uberon	0		-3.0
endopeduncular nucleus	en	anatomie-en	uberon	0		-3.0
enteric ganglion	en	anatomie-en	uberon	0		-3.0
enteric plexus	en	anatomie-en	uberon	0		-3.0
epiblast (generic)	en	anatomie-en	uberon	0		-3.0
epibranchial placode	en	anatomie-en	uberon	0		-3.0
epicanthal fold	en	anatomie-en	uberon	0		-3.0
epicardial fat	en	anatomie-en	uberon	0		-3.0
epicranial aponeurosis	en	anatomie-en	uberon	0		-3.0
epidermal-dermal junction	en	anatomie-en	uberon	0		-3.0
epidermis gland	en	anatomie-en	uberon	0		-3.0
epididymal lumen	en	anatomie-en	uberon	0		-3.0
epididymis epithelium	en	anatomie-en	uberon	0		-3.0
epidural space	en	anatomie-en	uberon	0		-3.0
epiglottic cartilage	en	anatomie-en	uberon	0		-3.0
epiglottic vallecula	en	anatomie-en	uberon	0		-3.0
epiphyseal line	en	anatomie-en	uberon	0		-3.0
epiphyseal plate	en	anatomie-en	uberon	0		-3.0
epiploic foramen	en	anatomie-en	uberon	0		-3.0
episcleral vein	en	anatomie-en	uberon	0		-3.0
external nose	en	anatomie-en	uberon	0		-3.0
extra-ocular muscle	en	anatomie-en	uberon	0		-3.0
extraembryonic membrane	en	anatomie-en	uberon	0		-3.0
extraembryonic mesoderm	en	anatomie-en	uberon	0		-3.0
extraembryonic structure	en	anatomie-en	uberon	0		-3.0
extraglomerular mesangium	en	anatomie-en	uberon	0		-3.0
extraperitoneal space	en	anatomie-en	uberon	0		-3.0
extravillous trophoblast	en	anatomie-en	uberon	0		-3.0
facial nucleus	en	anatomie-en	uberon	0		-3.0
fastigial nucleus	en	anatomie-en	uberon	0		-3.0
filum terminale	en	anatomie-en	telnyx,uberon	0		-3.0
gastric gland	en	anatomie-en	uberon	0		-3.0
gastric juice	en	anatomie-en	uberon	0		-3.0
gastric pit	en	anatomie-en	uberon	0		-3.0
gastro-splenic ligament	en	anatomie-en	uberon	0		-3.0
gastrocnemius lateralis	en	anatomie-en	uberon	0		-3.0
gastrocnemius medialis	en	anatomie-en	uberon	0		-3.0
gastrocolic ligament	en	anatomie-en	uberon	0		-3.0
gastroduodenal artery	en	anatomie-en	uberon	0		-3.0
gastroduodenal junction	en	anatomie-en	uberon	0		-3.0
gastroesophageal reflux	en	telnyx-en	telnyx	0		-3.0
gastroesophageal sphincter	en	anatomie-en	uberon	0		-3.0
gastrophrenic ligament	en	anatomie-en	uberon	0		-3.0
gigantocellular nucleus	en	anatomie-en	uberon	0		-3.0
gracile nucleus	en	anatomie-en	uberon	0		-3.0
hematopoietic system	en	anatomie-en	uberon	0		-3.0
hematopoietic tissue	en	anatomie-en	uberon	0		-3.0
hemiazygos vein	en	anatomie-en	uberon	0		-3.0
hemolymphoid system	en	anatomie-en	uberon	0		-3.0
hemopoietic organ	en	anatomie-en	uberon	0		-3.0
hepatic acinus	en	anatomie-en	uberon	0		-3.0
hepatic artery	en	anatomie-en	uberon	0		-3.0
hepatic cord	en	anatomie-en	uberon	0		-3.0
hepatic duct	en	anatomie-en	uberon	0		-3.0
hepatic sinusoid	en	anatomie-en	uberon	0		-3.0
hepatic vein	en	anatomie-en	uberon	0		-3.0
hepatoduodenal ligament	en	anatomie-en	uberon	0		-3.0
hepatogastric ligament	en	anatomie-en	uberon	0		-3.0
hepatopancreatic ampulla	en	anatomie-en	uberon	0		-3.0
hippocampus alveus	en	anatomie-en	uberon	0		-3.0
hypoblast (generic)	en	anatomie-en	uberon	0		-3.0
hypogastric nerve	en	anatomie-en	uberon	0		-3.0
hypoglossal canal	en	anatomie-en	uberon	0		-3.0
hypoglossal nerve	en	anatomie-en	uberon	0		-3.0
hypoglossal nucleus	en	anatomie-en	uberon	0		-3.0
hypothalamic nucleus	en	anatomie-en	uberon	0		-3.0
hypothalamo-hypophyseal system	en	anatomie-en	uberon	0		-3.0
hypothenar eminence	en	anatomie-en	uberon	0		-3.0
hypothenar muscle	en	anatomie-en	uberon	0		-3.0
ileal artery	en	anatomie-en	uberon	0		-3.0
ileal epithelium	en	anatomie-en	uberon	0		-3.0
ileal mucosa	en	anatomie-en	uberon	0		-3.0
ileal vein	en	anatomie-en	uberon	0		-3.0
ileocecal fold	en	anatomie-en	uberon	0		-3.0
ileocecal junction	en	anatomie-en	uberon	0		-3.0
ileocecal valve	en	anatomie-en	uberon	0		-3.0
ileocolic artery	en	anatomie-en	uberon	0		-3.0
ileocolic vein	en	anatomie-en	uberon	0		-3.0
intermediolateral nucleus	en	anatomie-en	uberon	0		-3.0
interpeduncular nucleus	en	anatomie-en	uberon	0		-3.0
interventricular septum	en	anatomie-en	telnyx,uberon	0		-3.0
intra-ocular muscle	en	anatomie-en	uberon	0		-3.0
intralingual sulcus	en	anatomie-en	uberon	0		-3.0
intramural ureter	en	anatomie-en	uberon	0		-3.0
intraparietal sulcus	en	anatomie-en	uberon	0		-3.0
intrapulmonary bronchus	en	anatomie-en	uberon	0		-3.0
jejunal artery	en	anatomie-en	uberon	0		-3.0
jejunal epithelium	en	anatomie-en	uberon	0		-3.0
jejunal mucosa	en	anatomie-en	uberon	0		-3.0
jejunal vein	en	anatomie-en	uberon	0		-3.0
laryngeal cartilage	en	anatomie-en	uberon	0		-3.0
laryngeal joint	en	anatomie-en	uberon	0		-3.0
laryngeal prominence	en	anatomie-en	uberon	0		-3.0
laryngeal ventricle	en	anatomie-en	uberon	0		-3.0
lens nucleus	en	anatomie-en	uberon	0		-3.0
lentiform nucleus	en	anatomie-en	uberon	0		-3.0
ligamentum venosum	en	anatomie-en	telnyx,uberon	0		-3.0
limitans nucleus	en	anatomie-en	uberon	0		-3.0
linear nucleus	en	anatomie-en	uberon	0		-3.0
locus ceruleus	en	anatomie-en	uberon	0		-3.0
longissimus capitis	en	anatomie-en	uberon	0		-3.0
mammalian vulva	en	anatomie-en	uberon	0		-3.0
mammary duct	en	anatomie-en	uberon	0		-3.0
mammary gland	en	anatomie-en	uberon	0		-3.0
mammary lobe	en	anatomie-en	uberon	0		-3.0
mammillary body	en	anatomie-en	uberon	0		-3.0
mammillary peduncle	en	anatomie-en	uberon	0		-3.0
metacarpal bone	en	anatomie-en	uberon	0		-3.0
metacarpophalangeal joint	en	anatomie-en	uberon	0		-3.0
metacarpus region	en	anatomie-en	uberon	0		-3.0
metacarpus skeleton	en	anatomie-en	uberon	0		-3.0
metatarsal bone	en	anatomie-en	uberon	0		-3.0
metatarsophalangeal joint	en	anatomie-en	uberon	0		-3.0
metatarsus region	en	anatomie-en	uberon	0		-3.0
metatarsus skeleton	en	anatomie-en	uberon	0		-3.0
nasal hair	en	anatomie-en	uberon	0		-3.0
necrotizing fasciitis	en	telnyx-en	telnyx	0		-3.0
neural arch	en	anatomie-en	uberon	0		-3.0
neural crest	en	anatomie-en	uberon	0		-3.0
neural decussation	en	anatomie-en	uberon	0		-3.0
neural fold	en	anatomie-en	uberon	0		-3.0
neural groove	en	anatomie-en	uberon	0		-3.0
neural nucleus	en	anatomie-en	uberon	0		-3.0
neural plate	en	anatomie-en	uberon	0		-3.0
neural spine	en	anatomie-en	uberon	0		-3.0
neural tissue	en	anatomie-en	uberon	0		-3.0
neural tube	en	anatomie-en	uberon	0		-3.0
neurovascular bundle	en	anatomie-en	uberon	0		-3.0
nucleus subceruleus	en	anatomie-en	uberon	0		-3.0
ovarian artery	en	anatomie-en	uberon	0		-3.0
ovarian cortex	en	anatomie-en	uberon	0		-3.0
ovarian follicle	en	anatomie-en	uberon	0		-3.0
ovarian fossa	en	anatomie-en	uberon	0		-3.0
ovarian ligament	en	anatomie-en	uberon	0		-3.0
ovarian medulla	en	anatomie-en	uberon	0		-3.0
ovarian vein	en	anatomie-en	uberon	0		-3.0
pancreas primordium	en	anatomie-en	uberon	0		-3.0
pancreatic acinus	en	anatomie-en	uberon	0		-3.0
pancreatic artery	en	anatomie-en	uberon	0		-3.0
pancreatic duct	en	anatomie-en	uberon	0		-3.0
pancreatic juice	en	anatomie-en	uberon	0		-3.0
pancreatic lobule	en	anatomie-en	uberon	0		-3.0
pancreaticoduodenal vein	en	anatomie-en	uberon	0		-3.0
paraaortic body	en	anatomie-en	uberon	0		-3.0
parabigeminal nucleus	en	anatomie-en	uberon	0		-3.0
paracentral lobule	en	anatomie-en	uberon	0		-3.0
paracentral nucleus	en	anatomie-en	uberon	0		-3.0
paracentral sulcus	en	anatomie-en	uberon	0		-3.0
paracingulate gyrus	en	anatomie-en	uberon	0		-3.0
paracolic gutter	en	anatomie-en	uberon	0		-3.0
parafascicular nucleus	en	anatomie-en	uberon	0		-3.0
paraganglion (generic)	en	anatomie-en	uberon	0		-3.0
parahippocampal gyrus	en	anatomie-en	uberon	0		-3.0
paramedian lobule	en	anatomie-en	uberon	0		-3.0
paranasal sinus	en	anatomie-en	uberon	0		-3.0
paranigral nucleus	en	anatomie-en	uberon	0		-3.0
parapharyngeal space	en	anatomie-en	uberon	0		-3.0
pararenal fat	en	anatomie-en	uberon	0		-3.0
parasolitary nucleus	en	anatomie-en	uberon	0		-3.0
parasubiculum	en	anatomie-en	uberon	0		-3.0
parasympathetic ganglion	en	anatomie-en	uberon	0		-3.0
paratenial nucleus	en	anatomie-en	uberon	0		-3.0
paraterminal gyrus	en	anatomie-en	uberon	0		-3.0
parathyroid gland	en	anatomie-en	uberon	0		-3.0
paratrigeminal nucleus	en	anatomie-en	uberon	0		-3.0
paraumbilical vein	en	anatomie-en	uberon	0		-3.0
paraurethral duct	en	anatomie-en	uberon	0		-3.0
paraurethral gland	en	anatomie-en	uberon	0		-3.0
paravertebral ganglion	en	anatomie-en	uberon	0		-3.0
paraxial mesoderm	en	anatomie-en	uberon	0		-3.0
periamygdaloid area	en	anatomie-en	uberon	0		-3.0
perianal skin	en	anatomie-en	uberon	0		-3.0
pericalcarine cortex	en	anatomie-en	uberon	0		-3.0
pericardiacophrenic vein	en	anatomie-en	uberon	0		-3.0
pericardial cavity	en	anatomie-en	uberon	0		-3.0
pericardial fluid	en	anatomie-en	uberon	0		-3.0
pericardial sac	en	anatomie-en	uberon	0		-3.0
perifornical nucleus	en	anatomie-en	uberon	0		-3.0
perilymphatic channel	en	anatomie-en	uberon	0		-3.0
perilymphatic space	en	anatomie-en	uberon	0		-3.0
perineal artery	en	anatomie-en	uberon	0		-3.0
perineal body	en	anatomie-en	uberon	0		-3.0
perineal muscle	en	anatomie-en	uberon	0		-3.0
perineal nerve	en	anatomie-en	uberon	0		-3.0
perineal vein	en	anatomie-en	uberon	0		-3.0
periodontal ligament	en	anatomie-en	uberon	0		-3.0
periolivary nucleus	en	anatomie-en	uberon	0		-3.0
periorbital region	en	anatomie-en	uberon	0		-3.0
periorbital skin	en	anatomie-en	uberon	0		-3.0
peripeduncular nucleus	en	anatomie-en	uberon	0		-3.0
peripharyngeal space	en	anatomie-en	uberon	0		-3.0
perirenal fat	en	anatomie-en	uberon	0		-3.0
peritoneal cavity	en	anatomie-en	uberon	0		-3.0
peritoneal fluid	en	anatomie-en	uberon	0		-3.0
peritoneal mesentery	en	anatomie-en	uberon	0		-3.0
peritoneal sac	en	anatomie-en	uberon	0		-3.0
peritrigeminal nucleus	en	anatomie-en	uberon	0		-3.0
periventricular nucleus	en	anatomie-en	uberon	0		-3.0
pia mater	en	anatomie-en	telnyx,uberon	0		-3.0
pontobulbar nucleus	en	anatomie-en	uberon	0		-3.0
premammillary nucleus	en	anatomie-en	uberon	0		-3.0
preolivary nucleus	en	anatomie-en	uberon	0		-3.0
pretectal nucleus	en	anatomie-en	uberon	0		-3.0
primary hair	en	anatomie-en	uberon	0		-3.0
pulmonary acinus	en	anatomie-en	uberon	0		-3.0
pulmonary artery	en	anatomie-en	uberon	0		-3.0
pulmonary capillary	en	anatomie-en	uberon	0		-3.0
pulmonary edema	en	telnyx-en	telnyx	0		-3.0
pulmonary lobule	en	anatomie-en	uberon	0		-3.0
pulmonary surfactant	en	anatomie-en	uberon	0		-3.0
pulmonary valve	en	anatomie-en	uberon	0		-3.0
pulmonary vein	en	anatomie-en	uberon	0		-3.0
pulvinar nucleus	en	anatomie-en	uberon	0		-3.0
radial artery	en	anatomie-en	uberon	0		-3.0
radial nerve	en	anatomie-en	uberon	0		-3.0
radio-carpal joint	en	anatomie-en	uberon	0		-3.0
radio-ulnar joint	en	anatomie-en	uberon	0		-3.0
radius bone	en	anatomie-en	uberon	0		-3.0
red nucleus	en	anatomie-en	uberon	0		-3.0
reticulotegmental nucleus	en	anatomie-en	uberon	0		-3.0
retro-olivary nucleus	en	anatomie-en	uberon	0		-3.0
retroambiguus nucleus	en	anatomie-en	uberon	0		-3.0
retroauricular region	en	anatomie-en	uberon	0		-3.0
retrochiasmatic area	en	anatomie-en	uberon	0		-3.0
retromandibular vein	en	anatomie-en	uberon	0		-3.0
retromolar triangle	en	anatomie-en	uberon	0		-3.0
retroperitoneal space	en	anatomie-en	uberon	0		-3.0
retropharyngeal space	en	anatomie-en	uberon	0		-3.0
reuniens nucleus	en	anatomie-en	uberon	0		-3.0
rhomboidal nucleus	en	anatomie-en	uberon	0		-3.0
sagulum nucleus	en	anatomie-en	uberon	0		-3.0
semispinalis capitis	en	anatomie-en	uberon	0		-3.0
septic arthritis	en	telnyx-en	telnyx	0		-3.0
septofimbrial nucleus	en	anatomie-en	uberon	0		-3.0
splenic artery	en	anatomie-en	uberon	0		-3.0
splenic cord	en	anatomie-en	uberon	0		-3.0
splenic sinusoid	en	anatomie-en	uberon	0		-3.0
splenic vein	en	anatomie-en	uberon	0		-3.0
splenius capitis	en	anatomie-en	uberon	0		-3.0
splenius cervicis	en	anatomie-en	uberon	0		-3.0
sub-lobar region	en	anatomie-en	uberon	0		-3.0
subarachnoid cistern	en	anatomie-en	uberon	0		-3.0
subarachnoid fissure	en	anatomie-en	uberon	0		-3.0
subarachnoid space	en	anatomie-en	uberon	0		-3.0
subarachnoid sulcus	en	anatomie-en	uberon	0		-3.0
subarcuate fossa	en	anatomie-en	uberon	0		-3.0
subbrachial nucleus	en	anatomie-en	uberon	0		-3.0
subcallosal area	en	anatomie-en	uberon	0		-3.0
subcallosal fasciculus	en	anatomie-en	uberon	0		-3.0
subclavian artery	en	anatomie-en	uberon	0		-3.0
subclavian vein	en	anatomie-en	uberon	0		-3.0
subcommissural organ	en	anatomie-en	uberon	0		-3.0
subcostal artery	en	anatomie-en	uberon	0		-3.0
subcostal muscle	en	anatomie-en	uberon	0		-3.0
subcostal vein	en	anatomie-en	uberon	0		-3.0
subcuneiform nucleus	en	anatomie-en	uberon	0		-3.0
subdural space	en	anatomie-en	uberon	0		-3.0
subfascicular nucleus	en	anatomie-en	uberon	0		-3.0
subfornical organ	en	anatomie-en	uberon	0		-3.0
subhepatic recess	en	anatomie-en	uberon	0		-3.0
subicular complex	en	anatomie-en	uberon	0		-3.0
sublentiform nucleus	en	anatomie-en	uberon	0		-3.0
sublingual artery	en	anatomie-en	uberon	0		-3.0
sublingual caruncle	en	anatomie-en	uberon	0		-3.0
sublingual duct	en	anatomie-en	uberon	0		-3.0
sublingual ganglion	en	anatomie-en	uberon	0		-3.0
sublingual gland	en	anatomie-en	uberon	0		-3.0
sublingual nucleus	en	anatomie-en	uberon	0		-3.0
submandibular duct	en	anatomie-en	uberon	0		-3.0
submandibular ganglion	en	anatomie-en	uberon	0		-3.0
submandibular gland	en	anatomie-en	uberon	0		-3.0
submandibular region	en	anatomie-en	uberon	0		-3.0
submental vein	en	anatomie-en	uberon	0		-3.0
subparafascicular nucleus	en	anatomie-en	uberon	0		-3.0
subparietal sulcus	en	anatomie-en	uberon	0		-3.0
subscapular artery	en	anatomie-en	uberon	0		-3.0
subscapular vein	en	anatomie-en	uberon	0		-3.0
subscapularis muscle	en	anatomie-en	uberon	0		-3.0
subserosal plexus	en	anatomie-en	uberon	0		-3.0
substantia gelatinosa	en	anatomie-en	uberon	0		-3.0
substantia innominata	en	anatomie-en	uberon	0		-3.0
substantia nigra	en	anatomie-en	uberon	0		-3.0
subtalar joint	en	anatomie-en	uberon	0		-3.0
subthalamic fasciculus	en	anatomie-en	uberon	0		-3.0
subthalamic nucleus	en	anatomie-en	uberon	0		-3.0
supraauricular point	en	anatomie-en	uberon	0		-3.0
supracallosal gyrus	en	anatomie-en	uberon	0		-3.0
suprachiasmatic nucleus	en	anatomie-en	uberon	0		-3.0
suprachoroid lamina	en	anatomie-en	uberon	0		-3.0
supraglenoid tubercle	en	anatomie-en	uberon	0		-3.0
suprahyoid muscle	en	anatomie-en	uberon	0		-3.0
supramammillary commissure	en	anatomie-en	uberon	0		-3.0
supramammillary nucleus	en	anatomie-en	uberon	0		-3.0
supramarginal gyrus	en	anatomie-en	uberon	0		-3.0
supraoptic crest	en	anatomie-en	uberon	0		-3.0
supraoptic nucleus	en	anatomie-en	uberon	0		-3.0
supraopticohypophysial tract	en	anatomie-en	uberon	0		-3.0
supraorbital artery	en	anatomie-en	uberon	0		-3.0
supraorbital ridge	en	anatomie-en	uberon	0		-3.0
supraorbital vein	en	anatomie-en	uberon	0		-3.0
suprarenal vein	en	anatomie-en	uberon	0		-3.0
suprascapular artery	en	anatomie-en	uberon	0		-3.0
suprascapular vein	en	anatomie-en	uberon	0		-3.0
suprasellar region	en	anatomie-en	uberon	0		-3.0
supraspinal nucleus	en	anatomie-en	uberon	0		-3.0
supraspinatus muscle	en	anatomie-en	uberon	0		-3.0
telogen hair	en	anatomie-en	uberon	0		-3.0
terminal hair	en	anatomie-en	uberon	0		-3.0
thyro-arytenoid	en	anatomie-en	uberon	0		-3.0
thyrocervical artery	en	anatomie-en	uberon	0		-3.0
thyroepiglottic ligament	en	anatomie-en	uberon	0		-3.0
thyroepiglotticus muscle	en	anatomie-en	uberon	0		-3.0
thyroglossal duct	en	anatomie-en	uberon	0		-3.0
thyrohyoid ligament	en	anatomie-en	uberon	0		-3.0
thyrohyoid muscle	en	anatomie-en	uberon	0		-3.0
thyroid cartilage	en	anatomie-en	uberon	0		-3.0
thyroid follicle	en	anatomie-en	uberon	0		-3.0
thyroid gland	en	anatomie-en	uberon	0		-3.0
thyropharyngeus muscle	en	anatomie-en	uberon	0		-3.0
transformed artery	en	anatomie-en	uberon	0		-3.0
transformed vein	en	anatomie-en	uberon	0		-3.0
transverse arytenoid	en	anatomie-en	uberon	0		-3.0
transverse colon	en	anatomie-en	uberon	0		-3.0
transverse foramen	en	anatomie-en	uberon	0		-3.0
transverse sinus	en	anatomie-en	uberon	0		-3.0
transversospinales muscle	en	anatomie-en	uberon	0		-3.0
transversus thoracis	en	anatomie-en	uberon	0		-3.0
trigeminal nucleus	en	anatomie-en	uberon	0		-3.0
trochlear nucleus	en	anatomie-en	uberon	0		-3.0
tuberomammillary nucleus	en	anatomie-en	uberon	0		-3.0
ulcerative colitis	en	telnyx-en	telnyx	0		-3.0
ureteral orifice	en	anatomie-en	uberon	0		-3.0
ureteropelvic junction	en	anatomie-en	uberon	0		-3.0
ureterovesical junction	en	anatomie-en	uberon	0		-3.0
urethral artery	en	anatomie-en	uberon	0		-3.0
urethral crest	en	anatomie-en	uberon	0		-3.0
urethral gland	en	anatomie-en	uberon	0		-3.0
urethral meatus	en	anatomie-en	uberon	0		-3.0
urethral vein	en	anatomie-en	uberon	0		-3.0
vas deferens	en	anatomie-en	telnyx,uberon	0		-3.0
vellus hair	en	anatomie-en	uberon	0		-3.0
vena cava	en	anatomie-en	telnyx,uberon	0		-3.0
vesical vein	en	anatomie-en	uberon	0		-3.0
vestibular nucleus	en	anatomie-en	uberon	0		-3.0
abatacept	en	telnyx-en	telnyx	0		-3.5
abducens	en	telnyx-en	telnyx	0		-3.5
ABG	en	telnyx-en	telnyx	0		-3.5
abscess	en	telnyx-en	telnyx	0		-3.5
accessory	en	telnyx-en	telnyx	0		-3.5
accessory cuneate nucleus	en	anatomie-en	uberon	0		-3.5
acetaminophen	en	telnyx-en	telnyx	0		-3.5
acidosis	en	telnyx-en	telnyx	0		-3.5
acini	en	telnyx-en	telnyx	0		-3.5
acinus	en	telnyx-en	telnyx	0		-3.5
acyclovir	en	telnyx-en	telnyx	0		-3.5
adalimumab	en	telnyx-en	telnyx	0		-3.5
adrenalectomy	en	telnyx-en	telnyx	0		-3.5
agnosia	en	telnyx-en	telnyx	0		-3.5
AICD	en	telnyx-en	telnyx	0		-3.5
ala of nose	en	anatomie-en	uberon	0		-3.5
albuterol	en	telnyx-en	telnyx	0		-3.5
alendronate	en	telnyx-en	telnyx	0		-3.5
alfuzosin	en	telnyx-en	telnyx	0		-3.5
alkalosis	en	telnyx-en	telnyx	0		-3.5
allocortex	en	anatomie-en	uberon	0		-3.5
almotriptan	en	telnyx-en	telnyx	0		-3.5
alogliptin	en	telnyx-en	telnyx	0		-3.5
amantadine	en	telnyx-en	telnyx	0		-3.5
amiculum	en	anatomie-en	uberon	0		-3.5
amikacin	en	telnyx-en	telnyx	0		-3.5
amiodarone	en	telnyx-en	telnyx	0		-3.5
amitriptyline	en	telnyx-en	telnyx	0		-3.5
AML	en	telnyx-en	telnyx	0		-3.5
amlodipine	en	telnyx-en	telnyx	0		-3.5
amnion	en	anatomie-en	uberon	0		-3.5
amoxicillin	en	telnyx-en	telnyx	0		-3.5
amphiarthrosis	en	anatomie-en	uberon	0		-3.5
ampulla	en	telnyx-en	telnyx	0		-3.5
anastrozole	en	telnyx-en	telnyx	0		-3.5
anemia	en	telnyx-en	telnyx	0		-3.5
anesthesia	en	telnyx-en	telnyx	0		-3.5
anisocoria	en	telnyx-en	telnyx	0		-3.5
anomia	en	telnyx-en	telnyx	0		-3.5
anterior olfactory nucleus	en	anatomie-en	uberon	0		-3.5
anteroventral cochlear nucleus	en	anatomie-en	uberon	0		-3.5
anteroventral periventricular nucleus	en	anatomie-en	uberon	0		-3.5
antihelix	en	anatomie-en	uberon	0		-3.5
antitragus	en	anatomie-en	uberon	0		-3.5
anuria	en	telnyx-en	telnyx	0		-3.5
APAP	en	telnyx-en	telnyx	0		-3.5
aphasia	en	telnyx-en	telnyx	0		-3.5
apnea	en	telnyx-en	telnyx	0		-3.5
apomorphine	en	telnyx-en	telnyx	0		-3.5
apophysis	en	anatomie-en	uberon	0		-3.5
appendectomy	en	telnyx-en	telnyx	0		-3.5
apraxia	en	telnyx-en	telnyx	0		-3.5
aqueduct	en	telnyx-en	telnyx	0		-3.5
arachnoid	en	telnyx-en	telnyx	0		-3.5
ARB	en	telnyx-en	telnyx	0		-3.5
archicortex	en	anatomie-en	uberon	0		-3.5
aripiprazole	en	telnyx-en	telnyx	0		-3.5
arrhythmia	en	telnyx-en	telnyx	0		-3.5
arteriole	en	anatomie-en	uberon	0		-3.5
artery	en	anatomie-en	uberon	0		-3.5
ASA	en	telnyx-en	telnyx	0		-3.5
asenapine	en	telnyx-en	telnyx	0		-3.5
ASTHMA	en	telnyx-en	telnyx	0		-3.5
ataxia	en	telnyx-en	telnyx	0		-3.5
atelectasis	en	telnyx-en	telnyx	0		-3.5
athetosis	en	telnyx-en	telnyx	0		-3.5
atorvastatin	en	telnyx-en	telnyx	0		-3.5
atrioventricular	en	telnyx-en	telnyx	0		-3.5
azathioprine	en	telnyx-en	telnyx	0		-3.5
azelastine	en	telnyx-en	telnyx	0		-3.5
azithromycin	en	telnyx-en	telnyx	0		-3.5
azoospermia	en	telnyx-en	telnyx	0		-3.5
Babinski	en	telnyx-en	telnyx	0		-3.5
bacteremia	en	telnyx-en	telnyx	0		-3.5
baroreceptor	en	anatomie-en	uberon	0		-3.5
basal amygdaloid nucleus	en	anatomie-en	uberon	0		-3.5
basilar	en	telnyx-en	telnyx	0		-3.5
basophilia	en	telnyx-en	telnyx	0		-3.5
beard	en	anatomie-en	uberon	0		-3.5
beclomethasone	en	telnyx-en	telnyx	0		-3.5
bevacizumab	en	telnyx-en	telnyx	0		-3.5
bicalutamide	en	telnyx-en	telnyx	0		-3.5
bile	en	anatomie-en	uberon	0		-3.5
bisacodyl	en	telnyx-en	telnyx	0		-3.5
blastocyst	en	anatomie-en	uberon	0		-3.5
blood	en	anatomie-en	uberon	0		-3.5
brachioradialis	en	anatomie-en	uberon	0		-3.5
bradycardia	en	telnyx-en	telnyx	0		-3.5
brainstem	en	anatomie-en	uberon	0		-3.5
breast	en	anatomie-en	uberon	0		-3.5
bregma	en	anatomie-en	uberon	0		-3.5
bronchial-associated lymphoid tissue	en	anatomie-en	uberon	0		-3.5
bronchopulmonary lymph node	en	anatomie-en	uberon	0		-3.5
budesonide	en	telnyx-en	telnyx	0		-3.5
bulla	en	telnyx-en	telnyx	0		-3.5
bumetanide	en	telnyx-en	telnyx	0		-3.5
buttock	en	anatomie-en	uberon	0		-3.5
calcitonin	en	telnyx-en	telnyx	0		-3.5
calf	en	anatomie-en	uberon	0		-3.5
canagliflozin	en	telnyx-en	telnyx	0		-3.5
canaliculi	en	telnyx-en	telnyx	0		-3.5
canthus	en	anatomie-en	uberon	0		-3.5
capecitabine	en	telnyx-en	telnyx	0		-3.5
capillary	en	anatomie-en	uberon	0		-3.5
carbamazepine	en	telnyx-en	telnyx	0		-3.5
carbidopa	en	telnyx-en	telnyx	0		-3.5
carboplatin	en	telnyx-en	telnyx	0		-3.5
carbuncle	en	telnyx-en	telnyx	0		-3.5
cardia of stomach	en	anatomie-en	uberon	0		-3.5
cardiac gastric gland	en	anatomie-en	uberon	0		-3.5
cardiac muscle tissue	en	anatomie-en	uberon	0		-3.5
cardiac nerve plexus	en	anatomie-en	uberon	0		-3.5
cardiac Purkinje fiber	en	anatomie-en	uberon	0		-3.5
cardiogenic splanchnic mesoderm	en	anatomie-en	uberon	0		-3.5
cariprazine	en	telnyx-en	telnyx	0		-3.5
carotid	en	telnyx-en	telnyx	0		-3.5
cartilage	en	telnyx-en	telnyx	0		-3.5
carvedilol	en	telnyx-en	telnyx	0		-3.5
caudal linear nucleus	en	anatomie-en	uberon	0		-3.5
CBC	en	telnyx-en	telnyx	0		-3.5
CCU	en	telnyx-en	telnyx	0		-3.5
cecum	en	telnyx-en	telnyx	0		-3.5
cefaclor	en	telnyx-en	telnyx	0		-3.5
cefdinir	en	telnyx-en	telnyx	0		-3.5
cefepime	en	telnyx-en	telnyx	0		-3.5
ceftriaxone	en	telnyx-en	telnyx	0		-3.5
cefuroxime	en	telnyx-en	telnyx	0		-3.5
celecoxib	en	telnyx-en	telnyx	0		-3.5
celiotomy	en	telnyx-en	telnyx	0		-3.5
cementum	en	anatomie-en	uberon	0		-3.5
central amygdaloid nucleus	en	anatomie-en	uberon	0		-3.5
central lateral nucleus	en	anatomie-en	uberon	0		-3.5
central medial nucleus	en	anatomie-en	uberon	0		-3.5
central oculomotor nucleus	en	anatomie-en	uberon	0		-3.5
cephalexin	en	telnyx-en	telnyx	0		-3.5
cerebellum globose nucleus	en	anatomie-en	uberon	0		-3.5
cerebral nerve fasciculus	en	anatomie-en	uberon	0		-3.5
certolizumab	en	telnyx-en	telnyx	0		-3.5
cerumen	en	anatomie-en	uberon	0		-3.5
cetirizine	en	telnyx-en	telnyx	0		-3.5
cetuximab	en	telnyx-en	telnyx	0		-3.5
chemoreceptor	en	anatomie-en	uberon	0		-3.5
chest	en	anatomie-en	uberon	0		-3.5
CHF	en	telnyx-en	telnyx	0		-3.5
chiasma	la	anatomie-la	uberon	0		-3.5
chin	en	anatomie-en	uberon	0		-3.5
chlorpheniramine	en	telnyx-en	telnyx	0		-3.5
chlorpromazine	en	telnyx-en	telnyx	0		-3.5
cholestasis	en	telnyx-en	telnyx	0		-3.5
chorea	en	telnyx-en	telnyx	0		-3.5
chyle	en	anatomie-en	uberon	0		-3.5
chyme	en	anatomie-en	uberon	0		-3.5
cilia	la	anatomie-la	uberon	0		-3.5
cimetidine	en	telnyx-en	telnyx	0		-3.5
ciprofloxacin	en	telnyx-en	telnyx	0		-3.5
circle of Willis	en	anatomie-en	telnyx,uberon	0		-3.5
cisplatin	en	telnyx-en	telnyx	0		-3.5
citalopram	en	telnyx-en	telnyx	0		-3.5
clindamycin	en	telnyx-en	telnyx	0		-3.5
CLL	en	telnyx-en	telnyx	0		-3.5
clomipramine	en	telnyx-en	telnyx	0		-3.5
clonidine	en	telnyx-en	telnyx	0		-3.5
clonus	en	telnyx-en	telnyx	0		-3.5
clozapine	en	telnyx-en	telnyx	0		-3.5
CMP	en	telnyx-en	telnyx	0		-3.5
colic lymph node	en	anatomie-en	uberon	0		-3.5
collection of eyelashes	en	anatomie-en	uberon	0		-3.5
collection of hairs	en	anatomie-en	uberon	0		-3.5
condyle	en	anatomie-en	uberon	0		-3.5
cornea	en	anatomie-en	uberon	0		-3.5
coronary	en	telnyx-en	telnyx	0		-3.5
cortex of hair	en	anatomie-en	uberon	0		-3.5
cortical amygdaloid nucleus	en	anatomie-en	uberon	0		-3.5
coryza	en	telnyx-en	telnyx	0		-3.5
cranial nerve nucleus	en	anatomie-en	uberon	0		-3.5
craniotomy	en	telnyx-en	telnyx	0		-3.5
cranium	en	anatomie-en	uberon	0		-3.5
cricothyroidotomy	en	telnyx-en	telnyx	0		-3.5
crust	en	telnyx-en	telnyx	0		-3.5
cryptae	en	telnyx-en	telnyx	0		-3.5
cusp	en	telnyx-en	telnyx	0		-3.5
cuspid	en	anatomie-en	uberon	0		-3.5
cuticle of hair	en	anatomie-en	uberon	0		-3.5
cyclophosphamide	en	telnyx-en	telnyx	0		-3.5
cyclosporine	en	telnyx-en	telnyx	0		-3.5
cystic lymph node	en	anatomie-en	uberon	0		-3.5
cytarabine	en	telnyx-en	telnyx	0		-3.5
cytotrophoblast	en	anatomie-en	uberon	0		-3.5
dapagliflozin	en	telnyx-en	telnyx	0		-3.5
daptomycin	en	telnyx-en	telnyx	0		-3.5
darifenacin	en	telnyx-en	telnyx	0		-3.5
dasatinib	en	telnyx-en	telnyx	0		-3.5
daunorubicin	en	telnyx-en	telnyx	0		-3.5
decidua	en	anatomie-en	uberon	0		-3.5
deltoid	en	anatomie-en	uberon	0		-3.5
denosumab	en	telnyx-en	telnyx	0		-3.5
dentine	en	anatomie-en	uberon	0		-3.5
dentition	en	anatomie-en	uberon	0		-3.5
desipramine	en	telnyx-en	telnyx	0		-3.5
desvenlafaxine	en	telnyx-en	telnyx	0		-3.5
dexamethasone	en	telnyx-en	telnyx	0		-3.5
dexlansoprazole	en	telnyx-en	telnyx	0		-3.5
dexmethylphenidate	en	telnyx-en	telnyx	0		-3.5
diaphragm	en	anatomie-en	uberon	0		-3.5
diastema	en	anatomie-en	uberon	0		-3.5
diclofenac	en	telnyx-en	telnyx	0		-3.5
diffuse reticular nucleus	en	anatomie-en	uberon	0		-3.5
digit	en	anatomie-en	uberon	0		-3.5
diltiazem	en	telnyx-en	telnyx	0		-3.5
diphenhydramine	en	telnyx-en	telnyx	0		-3.5
discectomy	en	telnyx-en	telnyx	0		-3.5
docetaxel	en	telnyx-en	telnyx	0		-3.5
docusate	en	telnyx-en	telnyx	0		-3.5
donepezil	en	telnyx-en	telnyx	0		-3.5
dorsal cochlear nucleus	en	anatomie-en	uberon	0		-3.5
dorsal hypothalamic nucleus	en	anatomie-en	uberon	0		-3.5
dorsal oculomotor nucleus	en	anatomie-en	uberon	0		-3.5
dorsal paragigantocellular nucleus	en	anatomie-en	uberon	0		-3.5
dorsal periolivary nucleus	en	anatomie-en	uberon	0		-3.5
dorsal premammillary nucleus	en	anatomie-en	uberon	0		-3.5
dorsal raphe nucleus	en	anatomie-en	uberon	0		-3.5
dorsal septal nucleus	en	anatomie-en	uberon	0		-3.5
dorsal tegmental nucleus	en	anatomie-en	uberon	0		-3.5
dorsal thoracic nucleus	en	anatomie-en	uberon	0		-3.5
dorsum	en	anatomie-en	uberon	0		-3.5
dorsum of nose	en	anatomie-en	uberon	0		-3.5
doxazosin	en	telnyx-en	telnyx	0		-3.5
doxorubicin	en	telnyx-en	telnyx	0		-3.5
dronedarone	en	telnyx-en	telnyx	0		-3.5
duct	en	anatomie-en	uberon	0		-3.5
ductule	en	telnyx-en	telnyx	0		-3.5
ductus	en	telnyx-en	telnyx	0		-3.5
duloxetine	en	telnyx-en	telnyx	0		-3.5
duodenum lamina propria	en	anatomie-en	uberon	0		-3.5
dutasteride	en	telnyx-en	telnyx	0		-3.5
dysarthria	en	telnyx-en	telnyx	0		-3.5
dysesthesia	en	telnyx-en	telnyx	0		-3.5
dyskinesia	en	telnyx-en	telnyx	0		-3.5
dysphagia	en	telnyx-en	telnyx	0		-3.5
dysphonia	en	telnyx-en	telnyx	0		-3.5
dyspnea	en	telnyx-en	telnyx	0		-3.5
dystonia	en	telnyx-en	telnyx	0		-3.5
dysuria	en	telnyx-en	telnyx	0		-3.5
ear	en	anatomie-en	uberon	0		-3.5
ecchymosis	en	telnyx-en	telnyx	0		-3.5
ectocervix	en	anatomie-en	uberon	0		-3.5
EKG	en	telnyx-en	telnyx	0		-3.5
elbow	en	anatomie-en	uberon	0		-3.5
eletriptan	en	telnyx-en	telnyx	0		-3.5
embolism	en	telnyx-en	telnyx	0		-3.5
enalapril	en	telnyx-en	telnyx	0		-3.5
enamel	en	anatomie-en	uberon	0		-3.5
encephalopathy	en	telnyx-en	telnyx	0		-3.5
endocardium of atrium	en	anatomie-en	uberon	0		-3.5
endocardium of auricle	en	anatomie-en	uberon	0		-3.5
endocardium of ventricle	en	anatomie-en	uberon	0		-3.5
endometrium glandular epithelium	en	anatomie-en	uberon	0		-3.5
endothelium of arteriole	en	anatomie-en	uberon	0		-3.5
endothelium of artery	en	anatomie-en	uberon	0		-3.5
endothelium of capillary	en	anatomie-en	uberon	0		-3.5
endothelium of vein	en	anatomie-en	uberon	0		-3.5
endothelium of venule	en	anatomie-en	uberon	0		-3.5
entacapone	en	telnyx-en	telnyx	0		-3.5
enteric nervous system	en	anatomie-en	uberon	0		-3.5
eosinophilia	en	telnyx-en	telnyx	0		-3.5
ependyma	en	anatomie-en	uberon	0		-3.5
epicardium of ventricle	en	anatomie-en	uberon	0		-3.5
epicolic lymph node	en	anatomie-en	uberon	0		-3.5
epicondyle of humerus	en	anatomie-en	uberon	0		-3.5
epiphysis of femur	en	anatomie-en	uberon	0		-3.5
epiphysis of fibula	en	anatomie-en	uberon	0		-3.5
epiphysis of humerus	en	anatomie-en	uberon	0		-3.5
epiphysis of radius	en	anatomie-en	uberon	0		-3.5
epiphysis of tibia	en	anatomie-en	uberon	0		-3.5
epiphysis of ulna	en	anatomie-en	uberon	0		-3.5
epithelial lining fluid	en	anatomie-en	uberon	0		-3.5
epithelium of appendix	en	anatomie-en	uberon	0		-3.5
epithelium of bronchiole	en	anatomie-en	uberon	0		-3.5
epithelium of bronchus	en	anatomie-en	uberon	0		-3.5
epithelium of conjunctiva	en	anatomie-en	uberon	0		-3.5
epithelium of esophagus	en	anatomie-en	uberon	0		-3.5
epithelium of laryngopharynx	en	anatomie-en	uberon	0		-3.5
epithelium of lens	en	anatomie-en	uberon	0		-3.5
epithelium of nasopharynx	en	anatomie-en	uberon	0		-3.5
epithelium of oropharynx	en	anatomie-en	uberon	0		-3.5
epithelium of rectum	en	anatomie-en	uberon	0		-3.5
epithelium of saccule	en	anatomie-en	uberon	0		-3.5
epithelium of stomach	en	anatomie-en	uberon	0		-3.5
epithelium of tongue	en	anatomie-en	uberon	0		-3.5
epithelium of trachea	en	anatomie-en	uberon	0		-3.5
epithelium of urethra	en	anatomie-en	uberon	0		-3.5
epithelium of utricle	en	anatomie-en	uberon	0		-3.5
epithelium of vagina	en	anatomie-en	uberon	0		-3.5
epithelium-associated lymphoid tissue	en	anatomie-en	uberon	0		-3.5
eplerenone	en	telnyx-en	telnyx	0		-3.5
eponychium	en	anatomie-en	uberon	0		-3.5
epoophoron	en	anatomie-en	uberon	0		-3.5
erosion	en	telnyx-en	telnyx	0		-3.5
ertapenem	en	telnyx-en	telnyx	0		-3.5
erysipelas	en	telnyx-en	telnyx	0		-3.5
erythema	en	telnyx-en	telnyx	0		-3.5
escitalopram	en	telnyx-en	telnyx	0		-3.5
esomeprazole	en	telnyx-en	telnyx	0		-3.5
esophagectomy	en	telnyx-en	telnyx	0		-3.5
esophagus	en	anatomie-en	uberon	0		-3.5
ESRD	en	telnyx-en	telnyx	0		-3.5
etanercept	en	telnyx-en	telnyx	0		-3.5
ethambutol	en	telnyx-en	telnyx	0		-3.5
etodolac	en	telnyx-en	telnyx	0		-3.5
ETOH	en	telnyx-en	telnyx	0		-3.5
etoposide	en	telnyx-en	telnyx	0		-3.5
everolimus	en	telnyx-en	telnyx	0		-3.5
excoriation	en	telnyx-en	telnyx	0		-3.5
excreta	en	anatomie-en	uberon	0		-3.5
exemestane	en	telnyx-en	telnyx	0		-3.5
exenatide	en	telnyx-en	telnyx	0		-3.5
extraembryonic coelomic cavity	en	anatomie-en	uberon	0		-3.5
extrahepatic bile duct	en	anatomie-en	uberon	0		-3.5
extralobar lactiferous duct	en	anatomie-en	uberon	0		-3.5
eyebrow	en	anatomie-en	uberon	0		-3.5
eyelash	en	anatomie-en	uberon	0		-3.5
eyelid	en	anatomie-en	uberon	0		-3.5
ezetimibe	en	telnyx-en	telnyx	0		-3.5
facial	en	telnyx-en	telnyx	0		-3.5
facial motor nucleus	en	anatomie-en	uberon	0		-3.5
falciform	en	telnyx-en	telnyx	0		-3.5
famciclovir	en	telnyx-en	telnyx	0		-3.5
famotidine	en	telnyx-en	telnyx	0		-3.5
fasciculation	en	telnyx-en	telnyx	0		-3.5
fauces	en	anatomie-en	uberon	0		-3.5
felodipine	en	telnyx-en	telnyx	0		-3.5
fenofibrate	en	telnyx-en	telnyx	0		-3.5
fexofenadine	en	telnyx-en	telnyx	0		-3.5
fibrocartilage	en	anatomie-en	uberon	0		-3.5
fimbria	en	telnyx-en	telnyx	0		-3.5
fissure	en	telnyx-en	telnyx	0		-3.5
flatus	la	anatomie-la	uberon	0		-3.5
flecainide	en	telnyx-en	telnyx	0		-3.5
flocculus	en	anatomie-en	uberon	0		-3.5
fluconazole	en	telnyx-en	telnyx	0		-3.5
fludrocortisone	en	telnyx-en	telnyx	0		-3.5
fluorouracil	en	telnyx-en	telnyx	0		-3.5
fluticasone	en	telnyx-en	telnyx	0		-3.5
fluvastatin	en	telnyx-en	telnyx	0		-3.5
fluvoxamine	en	telnyx-en	telnyx	0		-3.5
forebrain	en	anatomie-en	uberon	0		-3.5
foregut	en	anatomie-en	uberon	0		-3.5
forehead	en	anatomie-en	uberon	0		-3.5
forelimb	en	anatomie-en	uberon	0		-3.5
formoterol	en	telnyx-en	telnyx	0		-3.5
fornix	en	telnyx-en	telnyx	0		-3.5
frovatriptan	en	telnyx-en	telnyx	0		-3.5
fumarate	en	telnyx-en	telnyx	0		-3.5
fungemia	en	telnyx-en	telnyx	0		-3.5
furuncle	en	telnyx-en	telnyx	0		-3.5
gabapentin	en	telnyx-en	telnyx	0		-3.5
galantamine	en	telnyx-en	telnyx	0		-3.5
gallbladder	en	anatomie-en	uberon	0		-3.5
gastric lymph node	en	anatomie-en	uberon	0		-3.5
gastro-epiploic lymph node	en	anatomie-en	uberon	0		-3.5
gemcitabine	en	telnyx-en	telnyx	0		-3.5
gemfibrozil	en	telnyx-en	telnyx	0		-3.5
gentamicin	en	telnyx-en	telnyx	0		-3.5
GERD	en	telnyx-en	telnyx	0		-3.5
gingiva	en	anatomie-en	uberon	0		-3.5
gland	en	anatomie-en	uberon	0		-3.5
glatiramer	en	telnyx-en	telnyx	0		-3.5
glipizide	en	telnyx-en	telnyx	0		-3.5
glomerulus	en	telnyx-en	telnyx	0		-3.5
glossopharyngeal	en	telnyx-en	telnyx	0		-3.5
glyburide	en	telnyx-en	telnyx	0		-3.5
glycopyrrolate	en	telnyx-en	telnyx	0		-3.5
golimumab	en	telnyx-en	telnyx	0		-3.5
gonad	en	anatomie-en	uberon	0		-3.5
goserelin	en	telnyx-en	telnyx	0		-3.5
gracilis	en	anatomie-en	uberon	0		-3.5
granisetron	en	telnyx-en	telnyx	0		-3.5
guanfacine	en	telnyx-en	telnyx	0		-3.5
GYN	en	telnyx-en	telnyx	0		-3.5
habenula	en	anatomie-en	uberon	0		-3.5
haloperidol	en	telnyx-en	telnyx	0		-3.5
haustra	en	telnyx-en	telnyx	0		-3.5
head	en	anatomie-en	uberon	0		-3.5
heart	en	anatomie-en	uberon	0		-3.5
HEENT	en	telnyx-en	telnyx	0		-3.5
helicotrema	en	anatomie-en	uberon	0		-3.5
hemisphere of embryo	en	anatomie-en	uberon	0		-3.5
hemispheric lobule VIII	en	anatomie-en	uberon	0		-3.5
hepatic lymph node	en	anatomie-en	uberon	0		-3.5
hepatic portal vein	en	anatomie-en	uberon	0		-3.5
hepatic sinusoidal space	en	anatomie-en	uberon	0		-3.5
hepatoportal lymph node	en	anatomie-en	uberon	0		-3.5
herniorrhaphy	en	telnyx-en	telnyx	0		-3.5
hindbrain	en	anatomie-en	uberon	0		-3.5
hindgut	en	anatomie-en	uberon	0		-3.5
hindlimb	en	anatomie-en	uberon	0		-3.5
humerus	en	anatomie-en	uberon	0		-3.5
hydralazine	en	telnyx-en	telnyx	0		-3.5
hydrochlorothiazide	en	telnyx-en	telnyx	0		-3.5
hydrocortisone	en	telnyx-en	telnyx	0		-3.5
hydroxyzine	en	telnyx-en	telnyx	0		-3.5
hypoglossal nerve root	en	anatomie-en	uberon	0		-3.5
ibandronate	en	telnyx-en	telnyx	0		-3.5
IBD	en	telnyx-en	telnyx	0		-3.5
ICU	en	telnyx-en	telnyx	0		-3.5
ifosfamide	en	telnyx-en	telnyx	0		-3.5
ileal lymph node	en	anatomie-en	uberon	0		-3.5
ileocolic lymph node	en	anatomie-en	uberon	0		-3.5
ilium	en	anatomie-en	uberon	0		-3.5
imatinib	en	telnyx-en	telnyx	0		-3.5
imipenem	en	telnyx-en	telnyx	0		-3.5
imipramine	en	telnyx-en	telnyx	0		-3.5
impetigo	en	telnyx-en	telnyx	0		-3.5
incontinence	en	telnyx-en	telnyx	0		-3.5
indomethacin	en	telnyx-en	telnyx	0		-3.5
infarction	en	telnyx-en	telnyx	0		-3.5
inferior central nucleus	en	anatomie-en	uberon	0		-3.5
inferior pulvinar nucleus	en	anatomie-en	uberon	0		-3.5
inferior salivatory nucleus	en	anatomie-en	uberon	0		-3.5
inferior vestibular nucleus	en	anatomie-en	uberon	0		-3.5
infliximab	en	telnyx-en	telnyx	0		-3.5
INR	en	telnyx-en	telnyx	0		-3.5
insulinoma	en	telnyx-en	telnyx	0		-3.5
integument	en	anatomie-en	uberon	0		-3.5
interfascicular linear nucleus	en	anatomie-en	uberon	0		-3.5
intermediate oculomotor nucleus	en	anatomie-en	uberon	0		-3.5
intermediate periventricular nucleus	en	anatomie-en	uberon	0		-3.5
intermediate reticular nucleus	en	anatomie-en	uberon	0		-3.5
interoceptor	en	anatomie-en	uberon	0		-3.5
interventricular	en	telnyx-en	telnyx	0		-3.5
intestine	en	anatomie-en	uberon	0		-3.5
intraglandular lymph node	en	anatomie-en	uberon	0		-3.5
intrahepatic bile duct	en	anatomie-en	uberon	0		-3.5
intralaminar nuclear group	en	anatomie-en	uberon	0		-3.5
intralobular bile duct	en	anatomie-en	uberon	0		-3.5
intussusception	en	telnyx-en	telnyx	0		-3.5
ipratropium	en	telnyx-en	telnyx	0		-3.5
ischemia	en	telnyx-en	telnyx	0		-3.5
islets	en	telnyx-en	telnyx	0		-3.5
isocarboxazid	en	telnyx-en	telnyx	0		-3.5
isoniazid	en	telnyx-en	telnyx	0		-3.5
itraconazole	en	telnyx-en	telnyx	0		-3.5
jejunal lymph node	en	anatomie-en	uberon	0		-3.5
KCl	en	telnyx-en	telnyx	0		-3.5
ketoacidosis	en	telnyx-en	telnyx	0		-3.5
ketoconazole	en	telnyx-en	telnyx	0		-3.5
ketorolac	en	telnyx-en	telnyx	0		-3.5
kidney	en	anatomie-en	uberon	0		-3.5
knee	en	anatomie-en	uberon	0		-3.5
Kupffer	en	telnyx-en	telnyx	0		-3.5
lacosamide	en	telnyx-en	telnyx	0		-3.5
lacteal	en	anatomie-en	uberon	0		-3.5
laminectomy	en	telnyx-en	telnyx	0		-3.5
lamotrigine	en	telnyx-en	telnyx	0		-3.5
lansoprazole	en	telnyx-en	telnyx	0		-3.5
laryngeal extrinsic muscle	en	anatomie-en	uberon	0		-3.5
laryngeal intrinsic ligament	en	anatomie-en	uberon	0		-3.5
laryngeal intrinsic muscle	en	anatomie-en	uberon	0		-3.5
laryngeal vocal fold	en	anatomie-en	uberon	0		-3.5
lateral amygdaloid nucleus	en	anatomie-en	uberon	0		-3.5
lateral cervical nucleus	en	anatomie-en	uberon	0		-3.5
lateral dorsal nucleus	en	anatomie-en	uberon	0		-3.5
lateral habenular nucleus	en	anatomie-en	uberon	0		-3.5
lateral hypothalamic nucleus	en	anatomie-en	uberon	0		-3.5
lateral mammillary nucleus	en	anatomie-en	uberon	0		-3.5
lateral parabrachial nucleus	en	anatomie-en	uberon	0		-3.5
lateral paragigantocellular nucleus	en	anatomie-en	uberon	0		-3.5
lateral pericuneate nucleus	en	anatomie-en	uberon	0		-3.5
lateral periolivary nucleus	en	anatomie-en	uberon	0		-3.5
lateral preoptic nucleus	en	anatomie-en	uberon	0		-3.5
lateral pulvinar nucleus	en	anatomie-en	uberon	0		-3.5
lateral reticular nucleus	en	anatomie-en	uberon	0		-3.5
lateral septal nucleus	en	anatomie-en	uberon	0		-3.5
lateral tuberal nucleus	en	anatomie-en	uberon	0		-3.5
lateral vestibular nucleus	en	anatomie-en	uberon	0		-3.5
laterodorsal tegmental nucleus	en	anatomie-en	uberon	0		-3.5
leflunomide	en	telnyx-en	telnyx	0		-3.5
leptomeninx	en	anatomie-en	uberon	0		-3.5
letrozole	en	telnyx-en	telnyx	0		-3.5
leukocytosis	en	telnyx-en	telnyx	0		-3.5
leukopenia	en	telnyx-en	telnyx	0		-3.5
leuprolide	en	telnyx-en	telnyx	0		-3.5
levalbuterol	en	telnyx-en	telnyx	0		-3.5
levetiracetam	en	telnyx-en	telnyx	0		-3.5
levodopa	en	telnyx-en	telnyx	0		-3.5
levofloxacin	en	telnyx-en	telnyx	0		-3.5
levothyroxine	en	telnyx-en	telnyx	0		-3.5
lichenification	en	telnyx-en	telnyx	0		-3.5
lien	la	anatomie-la	uberon	0		-3.5
limb	en	anatomie-en	uberon	0		-3.5
linezolid	en	telnyx-en	telnyx	0		-3.5
lisdexamfetamine	en	telnyx-en	telnyx	0		-3.5
lisinopril	en	telnyx-en	telnyx	0		-3.5
liver	en	anatomie-en	uberon	0		-3.5
LMP	en	telnyx-en	telnyx	0		-3.5
lobe	en	telnyx-en	telnyx	0		-3.5
loperamide	en	telnyx-en	telnyx	0		-3.5
loratadine	en	telnyx-en	telnyx	0		-3.5
losartan	en	telnyx-en	telnyx	0		-3.5
lung	en	anatomie-en	uberon	0		-3.5
lurasidone	en	telnyx-en	telnyx	0		-3.5
lymph	en	anatomie-en	uberon	0		-3.5
lymphocytosis	en	telnyx-en	telnyx	0		-3.5
lymphopenia	en	telnyx-en	telnyx	0		-3.5
macule	en	telnyx-en	telnyx	0		-3.5
mammary gland alveolus	en	anatomie-en	uberon	0		-3.5
mammary gland myoepithelium	en	anatomie-en	uberon	0		-3.5
mammillary princeps fasciculus	en	anatomie-en	uberon	0		-3.5
mammillotegmental axonal tract	en	anatomie-en	uberon	0		-3.5
mammillothalamic axonal tract	en	anatomie-en	uberon	0		-3.5
mandible	en	anatomie-en	uberon	0		-3.5
manubrium of malleus	en	anatomie-en	uberon	0		-3.5
MAOI	en	telnyx-en	telnyx	0		-3.5
mastectomy	en	telnyx-en	telnyx	0		-3.5
mechanoreceptor	en	anatomie-en	uberon	0		-3.5
medial amygdaloid nucleus	en	anatomie-en	uberon	0		-3.5
medial habenular nucleus	en	anatomie-en	uberon	0		-3.5
medial mammillary nucleus	en	anatomie-en	uberon	0		-3.5
medial oculomotor nucleus	en	anatomie-en	uberon	0		-3.5
medial parabrachial nucleus	en	anatomie-en	uberon	0		-3.5
medial pericuneate nucleus	en	anatomie-en	uberon	0		-3.5
medial preoptic nucleus	en	anatomie-en	uberon	0		-3.5
medial pulvinar nucleus	en	anatomie-en	uberon	0		-3.5
medial septal nucleus	en	anatomie-en	uberon	0		-3.5
medial vestibular nucleus	en	anatomie-en	uberon	0		-3.5
median preoptic nucleus	en	anatomie-en	uberon	0		-3.5
median raphe nucleus	en	anatomie-en	uberon	0		-3.5
mediastinoscopy	en	telnyx-en	telnyx	0		-3.5
melena	en	telnyx-en	telnyx	0		-3.5
meloxicam	en	telnyx-en	telnyx	0		-3.5
meninges	en	telnyx-en	telnyx	0		-3.5
meninx	en	anatomie-en	uberon	0		-3.5
meropenem	en	telnyx-en	telnyx	0		-3.5
mesangium	en	anatomie-en	uberon	0		-3.5
mesocolon	en	telnyx-en	telnyx	0		-3.5
mesometrium	en	anatomie-en	uberon	0		-3.5
mesonephros	en	anatomie-en	uberon	0		-3.5
mesosalpinx	en	anatomie-en	uberon	0		-3.5
mesovarium	en	anatomie-en	uberon	0		-3.5
metaphysis of femur	en	anatomie-en	uberon	0		-3.5
metaphysis of fibula	en	anatomie-en	uberon	0		-3.5
metaphysis of humerus	en	anatomie-en	uberon	0		-3.5
metaphysis of radius	en	anatomie-en	uberon	0		-3.5
metaphysis of tibia	en	anatomie-en	uberon	0		-3.5
metencephalon	en	anatomie-en	uberon	0		-3.5
metformin	en	telnyx-en	telnyx	0		-3.5
methotrexate	en	telnyx-en	telnyx	0		-3.5
methylphenidate	en	telnyx-en	telnyx	0		-3.5
methylprednisolone	en	telnyx-en	telnyx	0		-3.5
metoclopramide	en	telnyx-en	telnyx	0		-3.5
metronidazole	en	telnyx-en	telnyx	0		-3.5
mexiletine	en	telnyx-en	telnyx	0		-3.5
microvilli	en	telnyx-en	telnyx	0		-3.5
midbrain	en	anatomie-en	uberon	0		-3.5
midface	en	anatomie-en	uberon	0		-3.5
midgut	en	anatomie-en	uberon	0		-3.5
miglitol	en	telnyx-en	telnyx	0		-3.5
milk	en	anatomie-en	uberon	0		-3.5
minocycline	en	telnyx-en	telnyx	0		-3.5
miosis	en	telnyx-en	telnyx	0		-3.5
mirtazapine	en	telnyx-en	telnyx	0		-3.5
modafinil	en	telnyx-en	telnyx	0		-3.5
mometasone	en	telnyx-en	telnyx	0		-3.5
monocytosis	en	telnyx-en	telnyx	0		-3.5
montelukast	en	telnyx-en	telnyx	0		-3.5
morula	en	anatomie-en	uberon	0		-3.5
mouth	en	anatomie-en	uberon	0		-3.5
moxifloxacin	en	telnyx-en	telnyx	0		-3.5
mucosa	en	anatomie-en	uberon	0		-3.5
mucus	en	anatomie-en	uberon	0		-3.5
muscle of abdomen	en	anatomie-en	uberon	0		-3.5
musculature	en	anatomie-en	uberon	0		-3.5
musculature of thorax	en	anatomie-en	uberon	0		-3.5
mycophenolate	en	telnyx-en	telnyx	0		-3.5
mydriasis	en	telnyx-en	telnyx	0		-3.5
myelinated nerve fiber	en	anatomie-en	uberon	0		-3.5
myoepithelium	en	anatomie-en	uberon	0		-3.5
myotome	en	anatomie-en	uberon	0		-3.5
myxedema	en	telnyx-en	telnyx	0		-3.5
nabumetone	en	telnyx-en	telnyx	0		-3.5
naloxone	en	telnyx-en	telnyx	0		-3.5
naproxen	en	telnyx-en	telnyx	0		-3.5
naratriptan	en	telnyx-en	telnyx	0		-3.5
nasion	en	anatomie-en	uberon	0		-3.5
nasopharynx	en	anatomie-en	uberon	0		-3.5
natalizumab	en	telnyx-en	telnyx	0		-3.5
nateglinide	en	telnyx-en	telnyx	0		-3.5
nefazodone	en	telnyx-en	telnyx	0		-3.5
neocortex	en	anatomie-en	uberon	0		-3.5
nephrectomy	en	telnyx-en	telnyx	0		-3.5
nephrosis	en	telnyx-en	telnyx	0		-3.5
nephrostomy	en	telnyx-en	telnyx	0		-3.5
nerve	en	anatomie-en	uberon	0		-3.5
neutropenia	en	telnyx-en	telnyx	0		-3.5
neutrophilia	en	telnyx-en	telnyx	0		-3.5
niacin	en	telnyx-en	telnyx	0		-3.5
nicardipine	en	telnyx-en	telnyx	0		-3.5
nifedipine	en	telnyx-en	telnyx	0		-3.5
nilotinib	en	telnyx-en	telnyx	0		-3.5
nimodipine	en	telnyx-en	telnyx	0		-3.5
nipple	en	anatomie-en	uberon	0		-3.5
nitrofurantoin	en	telnyx-en	telnyx	0		-3.5
nitroglycerin	en	telnyx-en	telnyx	0		-3.5
nizatidine	en	telnyx-en	telnyx	0		-3.5
nortriptyline	en	telnyx-en	telnyx	0		-3.5
notochord	en	anatomie-en	uberon	0		-3.5
NSAID	en	telnyx-en	telnyx	0		-3.5
NYD	en	telnyx-en	telnyx	0		-3.5
nystagmus	en	telnyx-en	telnyx	0		-3.5
obelion	en	anatomie-en	uberon	0		-3.5
occipitalis	en	anatomie-en	uberon	0		-3.5
oculomotor	en	telnyx-en	telnyx	0		-3.5
olanzapine	en	telnyx-en	telnyx	0		-3.5
oligospermia	en	telnyx-en	telnyx	0		-3.5
oliguria	en	telnyx-en	telnyx	0		-3.5
olivary pretectal nucleus	en	anatomie-en	uberon	0		-3.5
olopatadine	en	telnyx-en	telnyx	0		-3.5
omeprazole	en	telnyx-en	telnyx	0		-3.5
onabotulinumtoxinA	en	telnyx-en	telnyx	0		-3.5
ondansetron	en	telnyx-en	telnyx	0		-3.5
ophryon	en	anatomie-en	uberon	0		-3.5
oral pulvinar nucleus	en	anatomie-en	uberon	0		-3.5
orbitosphenoid	en	anatomie-en	uberon	0		-3.5
organ	en	anatomie-en	uberon	0		-3.5
orifice	en	anatomie-en	uberon	0		-3.5
oseltamivir	en	telnyx-en	telnyx	0		-3.5
otolith	en	anatomie-en	uberon	0		-3.5
ovary	en	anatomie-en	uberon	0		-3.5
oxaliplatin	en	telnyx-en	telnyx	0		-3.5
oxaprozin	en	telnyx-en	telnyx	0		-3.5
oxcarbazepine	en	telnyx-en	telnyx	0		-3.5
oxybutynin	en	telnyx-en	telnyx	0		-3.5
paclitaxel	en	telnyx-en	telnyx	0		-3.5
palatum	la	anatomie-la	uberon	0		-3.5
paleocortex	en	anatomie-en	uberon	0		-3.5
paliperidone	en	telnyx-en	telnyx	0		-3.5
pallidum	en	anatomie-en	uberon	0		-3.5
palonosetron	en	telnyx-en	telnyx	0		-3.5
pancreas dorsal primordium	en	anatomie-en	uberon	0		-3.5
pancreas ventral primordium	en	anatomie-en	uberon	0		-3.5
pancreatic lymph node	en	anatomie-en	uberon	0		-3.5
pancreaticoduodenal lymph node	en	anatomie-en	uberon	0		-3.5
pancreaticosplenic lymph node	en	anatomie-en	uberon	0		-3.5
pancytopenia	en	telnyx-en	telnyx	0		-3.5
panitumumab	en	telnyx-en	telnyx	0		-3.5
pantoprazole	en	telnyx-en	telnyx	0		-3.5
papilla	en	telnyx-en	telnyx	0		-3.5
papule	en	telnyx-en	telnyx	0		-3.5
paraaortic lymph node	en	anatomie-en	uberon	0		-3.5
parabrachial pigmental nucleus	en	anatomie-en	uberon	0		-3.5
paracardiac lymph node	en	anatomie-en	uberon	0		-3.5
paramammary lymph node	en	anatomie-en	uberon	0		-3.5
paramedian reticular nucleus	en	anatomie-en	uberon	0		-3.5
pararectal lymph node	en	anatomie-en	uberon	0		-3.5
parasternal lymph node	en	anatomie-en	uberon	0		-3.5
parasympathetic nervous system	en	anatomie-en	uberon	0		-3.5
paratracheal lymph node	en	anatomie-en	uberon	0		-3.5
paravermic lobule II	en	anatomie-en	uberon	0		-3.5
paravermic lobule III	en	anatomie-en	uberon	0		-3.5
paravermic lobule IV	en	anatomie-en	uberon	0		-3.5
paravermic lobule IX	en	anatomie-en	uberon	0		-3.5
paravermic lobule V	en	anatomie-en	uberon	0		-3.5
paravermic lobule VI	en	anatomie-en	uberon	0		-3.5
paravermic lobule VII	en	anatomie-en	uberon	0		-3.5
paravermic lobule VIII	en	anatomie-en	uberon	0		-3.5
paravermis lobule area	en	anatomie-en	uberon	0		-3.5
paresthesia	en	telnyx-en	telnyx	0		-3.5
paroophoron	en	anatomie-en	uberon	0		-3.5
paroxetine	en	telnyx-en	telnyx	0		-3.5
parvocellular oculomotor nucleus	en	anatomie-en	uberon	0		-3.5
parvocellular reticular nucleus	en	anatomie-en	uberon	0		-3.5
PCI	en	telnyx-en	telnyx	0		-3.5
pedunculopontine tegmental nucleus	en	anatomie-en	uberon	0		-3.5
pemetrexed	en	telnyx-en	telnyx	0		-3.5
penicillin	en	telnyx-en	telnyx	0		-3.5
periarterial lymphatic sheath	en	anatomie-en	uberon	0		-3.5
pericardial lymph node	en	anatomie-en	uberon	0		-3.5
pericardial parietal mesothelium	en	anatomie-en	uberon	0		-3.5
pericardial visceral mesothelium	en	anatomie-en	uberon	0		-3.5
periosteal dura mater	en	anatomie-en	uberon	0		-3.5
periosteum of epiphysis	en	anatomie-en	uberon	0		-3.5
peripheral nervous system	en	anatomie-en	uberon	0		-3.5
peritoneal cavity mesothelium	en	anatomie-en	uberon	0		-3.5
pes	en	anatomie-en	uberon	0		-3.5
petechiae	en	telnyx-en	telnyx	0		-3.5
phalanx	en	anatomie-en	uberon	0		-3.5
phenazopyridine	en	telnyx-en	telnyx	0		-3.5
phenelzine	en	telnyx-en	telnyx	0		-3.5
phenytoin	en	telnyx-en	telnyx	0		-3.5
pheochromocytoma	en	telnyx-en	telnyx	0		-3.5
philtrum	en	anatomie-en	uberon	0		-3.5
phrenic	en	telnyx-en	telnyx	0		-3.5
physis	en	telnyx-en	telnyx	0		-3.5
pinna	en	anatomie-en	uberon	0		-3.5
pioglitazone	en	telnyx-en	telnyx	0		-3.5
pisiform	en	anatomie-en	uberon	0		-3.5
pitavastatin	en	telnyx-en	telnyx	0		-3.5
platysma	en	anatomie-en	uberon	0		-3.5
pleurisy	en	telnyx-en	telnyx	0		-3.5
plicae	en	telnyx-en	telnyx	0		-3.5
polycythemia	en	telnyx-en	telnyx	0		-3.5
pontine raphe nucleus	en	anatomie-en	uberon	0		-3.5
porion	en	anatomie-en	uberon	0		-3.5
posaconazole	en	telnyx-en	telnyx	0		-3.5
posterior periventricular nucleus	en	anatomie-en	uberon	0		-3.5
posterior pretectal nucleus	en	anatomie-en	uberon	0		-3.5
posteroventral cochlear nucleus	en	anatomie-en	uberon	0		-3.5
PPI	en	telnyx-en	telnyx	0		-3.5
pramipexole	en	telnyx-en	telnyx	0		-3.5
prasugrel	en	telnyx-en	telnyx	0		-3.5
pravastatin	en	telnyx-en	telnyx	0		-3.5
prazosin	en	telnyx-en	telnyx	0		-3.5
prednisolone	en	telnyx-en	telnyx	0		-3.5
prednisone	en	telnyx-en	telnyx	0		-3.5
pregabalin	en	telnyx-en	telnyx	0		-3.5
premaxilla	en	anatomie-en	uberon	0		-3.5
preoptic periventricular nucleus	en	anatomie-en	uberon	0		-3.5
presubiculum	en	anatomie-en	uberon	0		-3.5
prezygapophysis	en	anatomie-en	uberon	0		-3.5
primordium	en	anatomie-en	uberon	0		-3.5
principal pretectal nucleus	en	anatomie-en	uberon	0		-3.5
procerus	en	anatomie-en	uberon	0		-3.5
prochlorperazine	en	telnyx-en	telnyx	0		-3.5
proctectomy	en	telnyx-en	telnyx	0		-3.5
prolapse	en	telnyx-en	telnyx	0		-3.5
promethazine	en	telnyx-en	telnyx	0		-3.5
pronephros	en	anatomie-en	uberon	0		-3.5
propafenone	en	telnyx-en	telnyx	0		-3.5
prosopagnosia	en	telnyx-en	telnyx	0		-3.5
proteinuria	en	telnyx-en	telnyx	0		-3.5
protriptyline	en	telnyx-en	telnyx	0		-3.5
protuberance	en	anatomie-en	uberon	0		-3.5
pruritus	en	telnyx-en	telnyx	0		-3.5
PTCA	en	telnyx-en	telnyx	0		-3.5
ptosis	en	telnyx-en	telnyx	0		-3.5
pulmonary alveolar duct	en	anatomie-en	uberon	0		-3.5
pulmonary alveolus epithelium	en	anatomie-en	uberon	0		-3.5
pulmonary capillary plexus	en	anatomie-en	uberon	0		-3.5
pulmonary lymph node	en	anatomie-en	uberon	0		-3.5
pulmonary lymphatic vessel	en	anatomie-en	uberon	0		-3.5
pulmonary nerve plexus	en	anatomie-en	uberon	0		-3.5
pulmonary valve anulus	en	anatomie-en	uberon	0		-3.5
pulmonary valve cusp	en	anatomie-en	uberon	0		-3.5
pulmonary vascular system	en	anatomie-en	uberon	0		-3.5
pustule	en	telnyx-en	telnyx	0		-3.5
pyramidalis	en	anatomie-en	uberon	0		-3.5
pyrazinamide	en	telnyx-en	telnyx	0		-3.5
quetiapine	en	telnyx-en	telnyx	0		-3.5
rabeprazole	en	telnyx-en	telnyx	0		-3.5
radiation of thalamus	en	anatomie-en	uberon	0		-3.5
raloxifene	en	telnyx-en	telnyx	0		-3.5
ramipril	en	telnyx-en	telnyx	0		-3.5
ranitidine	en	telnyx-en	telnyx	0		-3.5
rasagiline	en	telnyx-en	telnyx	0		-3.5
regurgitation	en	telnyx-en	telnyx	0		-3.5
repaglinide	en	telnyx-en	telnyx	0		-3.5
retention	en	telnyx-en	telnyx	0		-3.5
retro-aortic lymph node	en	anatomie-en	uberon	0		-3.5
retrocrural lymph node	en	anatomie-en	uberon	0		-3.5
retroperitoneal lymph node	en	anatomie-en	uberon	0		-3.5
retropharyngeal lymph node	en	anatomie-en	uberon	0		-3.5
retropyloric lymph node	en	anatomie-en	uberon	0		-3.5
rhizotomy	en	telnyx-en	telnyx	0		-3.5
rhombomere	en	anatomie-en	uberon	0		-3.5
rifampin	en	telnyx-en	telnyx	0		-3.5
risedronate	en	telnyx-en	telnyx	0		-3.5
risperidone	en	telnyx-en	telnyx	0		-3.5
rituximab	en	telnyx-en	telnyx	0		-3.5
rivastigmine	en	telnyx-en	telnyx	0		-3.5
rizatriptan	en	telnyx-en	telnyx	0		-3.5
ropinirole	en	telnyx-en	telnyx	0		-3.5
rosuvastatin	en	telnyx-en	telnyx	0		-3.5
rotigotine	en	telnyx-en	telnyx	0		-3.5
rufinamide	en	telnyx-en	telnyx	0		-3.5
rugae	en	telnyx-en	telnyx	0		-3.5
safinamide	en	telnyx-en	telnyx	0		-3.5
saliva	en	anatomie-en	uberon	0		-3.5
salmeterol	en	telnyx-en	telnyx	0		-3.5
saxagliptin	en	telnyx-en	telnyx	0		-3.5
scale	en	telnyx-en	telnyx	0		-3.5
sciatica	en	telnyx-en	telnyx	0		-3.5
sclera	en	anatomie-en	uberon	0		-3.5
sclerosis	en	telnyx-en	telnyx	0		-3.5
sclerotome	en	anatomie-en	uberon	0		-3.5
sebum	en	anatomie-en	uberon	0		-3.5
selegiline	en	telnyx-en	telnyx	0		-3.5
semen	en	anatomie-en	uberon	0		-3.5
semilunar	en	telnyx-en	telnyx	0		-3.5
septicemia	en	telnyx-en	telnyx	0		-3.5
sertraline	en	telnyx-en	telnyx	0		-3.5
shoulder	en	anatomie-en	uberon	0		-3.5
sigmoid	en	telnyx-en	telnyx	0		-3.5
sigmoidoscopy	en	telnyx-en	telnyx	0		-3.5
sildenafil	en	telnyx-en	telnyx	0		-3.5
silodosin	en	telnyx-en	telnyx	0		-3.5
simethicone	en	telnyx-en	telnyx	0		-3.5
simplex	la	anatomie-la	uberon	0		-3.5
simvastatin	en	telnyx-en	telnyx	0		-3.5
sinoatrial	en	telnyx-en	telnyx	0		-3.5
sinusoid	en	anatomie-en	uberon	0		-3.5
sirolimus	en	telnyx-en	telnyx	0		-3.5
sitagliptin	en	telnyx-en	telnyx	0		-3.5
skeleton	en	anatomie-en	uberon	0		-3.5
skin of abdomen	en	anatomie-en	uberon	0		-3.5
skin of thorax	en	anatomie-en	uberon	0		-3.5
skull	en	anatomie-en	uberon	0		-3.5
SLE	en	telnyx-en	telnyx	0		-3.5
SNRI	en	telnyx-en	telnyx	0		-3.5
SOB	en	telnyx-en	telnyx	0		-3.5
solifenacin	en	telnyx-en	telnyx	0		-3.5
somatopleure	en	anatomie-en	uberon	0		-3.5
somite	en	anatomie-en	uberon	0		-3.5
sotalol	en	telnyx-en	telnyx	0		-3.5
sphincter	en	telnyx-en	telnyx	0		-3.5
spironolactone	en	telnyx-en	telnyx	0		-3.5
splanchnopleure	en	anatomie-en	uberon	0		-3.5
splenic lymph node	en	anatomie-en	uberon	0		-3.5
SSRI	en	telnyx-en	telnyx	0		-3.5
stephanion	en	anatomie-en	uberon	0		-3.5
sternebra	en	anatomie-en	uberon	0		-3.5
sternocleidomastoid	en	anatomie-en	uberon	0		-3.5
sternotomy	en	telnyx-en	telnyx	0		-3.5
stomach	en	anatomie-en	uberon	0		-3.5
stomodeum	en	anatomie-en	uberon	0		-3.5
strand of hair	en	anatomie-en	uberon	0		-3.5
striatum	en	anatomie-en	uberon	0		-3.5
stridor	en	telnyx-en	telnyx	0		-3.5
styloglossus	en	anatomie-en	uberon	0		-3.5
subclavian lymph node	en	anatomie-en	uberon	0		-3.5
subcutaneous adipose tissue	en	anatomie-en	uberon	0		-3.5
subdivision of conjunctiva	en	anatomie-en	uberon	0		-3.5
subdivision of head	en	anatomie-en	uberon	0		-3.5
subdivision of oviduct	en	anatomie-en	uberon	0		-3.5
subdivision of skeleton	en	anatomie-en	uberon	0		-3.5
subdivision of trunk	en	anatomie-en	uberon	0		-3.5
subiliac lymph node	en	anatomie-en	uberon	0		-3.5
submandibular lymph node	en	anatomie-en	uberon	0		-3.5
submental lymph node	en	anatomie-en	uberon	0		-3.5
submucosa of appendix	en	anatomie-en	uberon	0		-3.5
submucosa of bronchiole	en	anatomie-en	uberon	0		-3.5
submucosa of bronchus	en	anatomie-en	uberon	0		-3.5
submucosa of cecum	en	anatomie-en	uberon	0		-3.5
submucosa of colon	en	anatomie-en	uberon	0		-3.5
submucosa of duodenum	en	anatomie-en	uberon	0		-3.5
submucosa of esophagus	en	anatomie-en	uberon	0		-3.5
submucosa of ileum	en	anatomie-en	uberon	0		-3.5
submucosa of jejunum	en	anatomie-en	uberon	0		-3.5
submucosa of laryngopharynx	en	anatomie-en	uberon	0		-3.5
submucosa of pharynx	en	anatomie-en	uberon	0		-3.5
submucosa of pylorus	en	anatomie-en	uberon	0		-3.5
submucosa of rectum	en	anatomie-en	uberon	0		-3.5
submucosa of stomach	en	anatomie-en	uberon	0		-3.5
submucosa of trachea	en	anatomie-en	uberon	0		-3.5
submucosal esophageal gland	en	anatomie-en	uberon	0		-3.5
submucous nerve plexus	en	anatomie-en	uberon	0		-3.5
subpyloric lymph node	en	anatomie-en	uberon	0		-3.5
subsegmental lymph node	en	anatomie-en	uberon	0		-3.5
sulcus	en	telnyx-en	telnyx	0		-3.5
sulfasalazine	en	telnyx-en	telnyx	0		-3.5
sumatriptan	en	telnyx-en	telnyx	0		-3.5
superior salivatory nucleus	en	anatomie-en	uberon	0		-3.5
superior vestibular nucleus	en	anatomie-en	uberon	0		-3.5
supraclavicular lymph node	en	anatomie-en	uberon	0		-3.5
supramammary lymph node	en	anatomie-en	uberon	0		-3.5
supramandibular lymph node	en	anatomie-en	uberon	0		-3.5
suprapyloric lymph node	en	anatomie-en	uberon	0		-3.5
supratrochlear lymph node	en	anatomie-en	uberon	0		-3.5
sutura	en	telnyx-en	telnyx	0		-3.5
sweat	en	anatomie-en	uberon	0		-3.5
sympathectomy	en	telnyx-en	telnyx	0		-3.5
synchondrosis	en	anatomie-en	uberon	0		-3.5
syncytiotrophoblast	en	anatomie-en	uberon	0		-3.5
syndesmosis	en	anatomie-en	uberon	0		-3.5
synostosis	en	anatomie-en	uberon	0		-3.5
synovia	en	telnyx-en	telnyx	0		-3.5
synovium	en	telnyx-en	telnyx	0		-3.5
tachycardia	en	telnyx-en	telnyx	0		-3.5
tacrolimus	en	telnyx-en	telnyx	0		-3.5
tadalafil	en	telnyx-en	telnyx	0		-3.5
tamoxifen	en	telnyx-en	telnyx	0		-3.5
tamsulosin	en	telnyx-en	telnyx	0		-3.5
TBI	en	telnyx-en	telnyx	0		-3.5
tegmentum	en	anatomie-en	uberon	0		-3.5
telencephalon	en	anatomie-en	uberon	0		-3.5
terazosin	en	telnyx-en	telnyx	0		-3.5
teriparatide	en	telnyx-en	telnyx	0		-3.5
thalamic reticular nucleus	en	anatomie-en	uberon	0		-3.5
theophylline	en	telnyx-en	telnyx	0		-3.5
thoracoscopy	en	telnyx-en	telnyx	0		-3.5
thoracotomy	en	telnyx-en	telnyx	0		-3.5
throat	en	anatomie-en	uberon	0		-3.5
thrombocytopenia	en	telnyx-en	telnyx	0		-3.5
thrombocytosis	en	telnyx-en	telnyx	0		-3.5
thromboembolism	en	telnyx-en	telnyx	0		-3.5
thrombophilia	en	telnyx-en	telnyx	0		-3.5
thyroid follicle epithelium	en	anatomie-en	uberon	0		-3.5
thyroid follicular lumen	en	anatomie-en	uberon	0		-3.5
thyroid lymph node	en	anatomie-en	uberon	0		-3.5
tigecycline	en	telnyx-en	telnyx	0		-3.5
tiotropium	en	telnyx-en	telnyx	0		-3.5
tobramycin	en	telnyx-en	telnyx	0		-3.5
tocilizumab	en	telnyx-en	telnyx	0		-3.5
tolterodine	en	telnyx-en	telnyx	0		-3.5
topiramate	en	telnyx-en	telnyx	0		-3.5
torsemide	en	telnyx-en	telnyx	0		-3.5
trachealis	en	anatomie-en	uberon	0		-3.5
tracheostomy	en	telnyx-en	telnyx	0		-3.5
tragus	en	anatomie-en	uberon	0		-3.5
tramadol	en	telnyx-en	telnyx	0		-3.5
transverse cervical artery	en	anatomie-en	uberon	0		-3.5
transverse facial artery	en	anatomie-en	uberon	0		-3.5
transverse facial vein	en	anatomie-en	uberon	0		-3.5
transverse occipital sulcus	en	anatomie-en	uberon	0		-3.5
transverse orbital sulcus	en	anatomie-en	uberon	0		-3.5
transverse palatine fold	en	anatomie-en	uberon	0		-3.5
transverse palatine suture	en	anatomie-en	uberon	0		-3.5
transverse parietal sulcus	en	anatomie-en	uberon	0		-3.5
transverse pericardial sinus	en	anatomie-en	uberon	0		-3.5
transverse pontine fibers	en	anatomie-en	uberon	0		-3.5
transverse tarsal joint	en	anatomie-en	uberon	0		-3.5
transverse temporal sulcus	en	anatomie-en	uberon	0		-3.5
transversus abdominis muscle	en	anatomie-en	uberon	0		-3.5
transversus menti muscle	en	anatomie-en	uberon	0		-3.5
tranylcypromine	en	telnyx-en	telnyx	0		-3.5
trastuzumab	en	telnyx-en	telnyx	0		-3.5
trazodone	en	telnyx-en	telnyx	0		-3.5
triamterene	en	telnyx-en	telnyx	0		-3.5
triangular septal nucleus	en	anatomie-en	uberon	0		-3.5
trigeminal	en	telnyx-en	telnyx	0		-3.5
triptorelin	en	telnyx-en	telnyx	0		-3.5
trochlear	en	telnyx-en	telnyx	0		-3.5
trophoblast	en	anatomie-en	uberon	0		-3.5
trunk	en	anatomie-en	uberon	0		-3.5
TSH	en	telnyx-en	telnyx	0		-3.5
tubercle	en	anatomie-en	uberon	0		-3.5
tuberculosis	en	telnyx-en	telnyx	0		-3.5
tubule	en	telnyx-en	telnyx	0		-3.5
ulcer	en	telnyx-en	telnyx	0		-3.5
ulnare	en	anatomie-en	uberon	0		-3.5
umbilicus	en	anatomie-en	uberon	0		-3.5
urachus	en	anatomie-en	uberon	0		-3.5
urothelium	en	anatomie-en	uberon	0		-3.5
urticaria	en	telnyx-en	telnyx	0		-3.5
ustekinumab	en	telnyx-en	telnyx	0		-3.5
UTI	en	telnyx-en	telnyx	0		-3.5
uvea	en	anatomie-en	uberon	0		-3.5
vagotomy	en	telnyx-en	telnyx	0		-3.5
vagus	en	telnyx-en	telnyx	0		-3.5
vagus nerve nucleus	en	anatomie-en	uberon	0		-3.5
valacyclovir	en	telnyx-en	telnyx	0		-3.5
valproate	en	telnyx-en	telnyx	0		-3.5
valsartan	en	telnyx-en	telnyx	0		-3.5
vancomycin	en	telnyx-en	telnyx	0		-3.5
vardenafil	en	telnyx-en	telnyx	0		-3.5
vasculature	en	anatomie-en	uberon	0		-3.5
vein	en	anatomie-en	uberon	0		-3.5
venlafaxine	en	telnyx-en	telnyx	0		-3.5
venter	la	anatomie-la	uberon	0		-3.5
ventral cochlear nucleus	en	anatomie-en	uberon	0		-3.5
ventral oculomotor nucleus	en	anatomie-en	uberon	0		-3.5
ventral posteroinferior nucleus	en	anatomie-en	uberon	0		-3.5
ventral posterolateral nucleus	en	anatomie-en	uberon	0		-3.5
ventral premammillary nucleus	en	anatomie-en	uberon	0		-3.5
ventral tegmental nucleus	en	anatomie-en	uberon	0		-3.5
ventricles	en	telnyx-en	telnyx	0		-3.5
ventricular	en	telnyx-en	telnyx	0		-3.5
ventrum	en	anatomie-en	uberon	0		-3.5
venule	en	anatomie-en	uberon	0		-3.5
verapamil	en	telnyx-en	telnyx	0		-3.5
vermiform	en	telnyx-en	telnyx	0		-3.5
vermilion	en	anatomie-en	uberon	0		-3.5
vertebra	en	anatomie-en	uberon	0		-3.5
vertebral	en	telnyx-en	telnyx	0		-3.5
vesical venous plexus	en	anatomie-en	uberon	0		-3.5
vestibulocochlear	en	telnyx-en	telnyx	0		-3.5
vilazodone	en	telnyx-en	telnyx	0		-3.5
villi	en	telnyx-en	telnyx	0		-3.5
vinblastine	en	telnyx-en	telnyx	0		-3.5
vincristine	en	telnyx-en	telnyx	0		-3.5
vinorelbine	en	telnyx-en	telnyx	0		-3.5
viremia	en	telnyx-en	telnyx	0		-3.5
viscus	en	anatomie-en	uberon	0		-3.5
vomer	en	anatomie-en	uberon	0		-3.5
voriconazole	en	telnyx-en	telnyx	0		-3.5
waist	en	anatomie-en	uberon	0		-3.5
warfarin	en	telnyx-en	telnyx	0		-3.5
whorl of hair	en	anatomie-en	uberon	0		-3.5
zafirlukast	en	telnyx-en	telnyx	0		-3.5
zileuton	en	telnyx-en	telnyx	0		-3.5
ziprasidone	en	telnyx-en	telnyx	0		-3.5
zolmitriptan	en	telnyx-en	telnyx	0		-3.5
zonisamide	en	telnyx-en	telnyx	0		-3.5
zygapophysis	en	anatomie-en	uberon	0		-3.5
abdomen musculature	en	anatomie-en	uberon	0		-4.0
abdominal aorta	en	anatomie-en	uberon	0		-4.0
abdominal cavity	en	anatomie-en	uberon	0		-4.0
abdominal fascia	en	anatomie-en	uberon	0		-4.0
abdominal viscera	en	anatomie-en	uberon	0		-4.0
abdominal wall	en	anatomie-en	uberon	0		-4.0
abdominopelvic cavity	en	anatomie-en	uberon	0		-4.0
abducens nerve	en	anatomie-en	uberon	0		-4.0
abductor muscle	en	anatomie-en	uberon	0		-4.0
abiraterone	en	telnyx-en	telnyx	0		-4.0
acalabrutinib	en	telnyx-en	telnyx	0		-4.0
accessory basal amygdaloid nucleus	en	anatomie-en	uberon	0		-4.0
accessory XI nerve nucleus	en	anatomie-en	uberon	0		-4.0
acellular membrane	en	anatomie-en	uberon	0		-4.0
acetabular fossa	en	anatomie-en	uberon	0		-4.0
acetabular labrum	en	anatomie-en	uberon	0		-4.0
acetabular notch	en	anatomie-en	uberon	0		-4.0
acetabular rim	en	anatomie-en	uberon	0		-4.0
acromioclavicular joint	en	anatomie-en	uberon	0		-4.0
acropodial skeleton	en	anatomie-en	uberon	0		-4.0
adductor brevis	en	anatomie-en	uberon	0		-4.0
adductor longus	en	anatomie-en	uberon	0		-4.0
adductor magnus	en	anatomie-en	uberon	0		-4.0
adductor muscle	en	anatomie-en	uberon	0		-4.0
adipose tissue	en	anatomie-en	uberon	0		-4.0
adrenal cortex	en	anatomie-en	uberon	0		-4.0
adrenal gland	en	anatomie-en	uberon	0		-4.0
adrenal medulla	en	anatomie-en	uberon	0		-4.0
Alcock's canal	en	anatomie-en	uberon	0		-4.0
alirocumab	en	telnyx-en	telnyx	0		-4.0
alisphenoid bone	en	anatomie-en	uberon	0		-4.0
aluminum hydroxide	en	telnyx-en	telnyx	0		-4.0
alveolar atrium	en	anatomie-en	uberon	0		-4.0
alveolar canal	en	anatomie-en	uberon	0		-4.0
alveolar mucosa	en	anatomie-en	uberon	0		-4.0
alveolar ridge	en	anatomie-en	uberon	0		-4.0
alveolar sac	en	anatomie-en	uberon	0		-4.0
alveolar wall	en	anatomie-en	uberon	0		-4.0
amiculum of dentate nucleus	en	anatomie-en	uberon	0		-4.0
Ammon's horn	en	anatomie-en	uberon	0		-4.0
amniotic cavity	en	anatomie-en	uberon	0		-4.0
amniotic fluid	en	anatomie-en	uberon	0		-4.0
amoxicillin clavulanate	en	telnyx-en	telnyx	0		-4.0
amygdalohippocampal area	en	anatomie-en	uberon	0		-4.0
anal canal	en	anatomie-en	uberon	0		-4.0
anal column	en	anatomie-en	uberon	0		-4.0
anal sinus	en	anatomie-en	uberon	0		-4.0
anatomical cavity	en	anatomie-en	uberon	0		-4.0
anatomical conduit	en	anatomie-en	uberon	0		-4.0
anatomical entity	en	anatomie-en	uberon	0		-4.0
anatomical junction	en	anatomie-en	uberon	0		-4.0
anatomical line	en	anatomie-en	uberon	0		-4.0
anatomical lobe	en	anatomie-en	uberon	0		-4.0
anatomical plane	en	anatomie-en	uberon	0		-4.0
anatomical point	en	anatomie-en	uberon	0		-4.0
anatomical projection	en	anatomie-en	uberon	0		-4.0
anatomical space	en	anatomie-en	uberon	0		-4.0
anatomical structure	en	anatomie-en	uberon	0		-4.0
anatomical surface	en	anatomie-en	uberon	0		-4.0
anatomical system	en	anatomie-en	uberon	0		-4.0
anatomical wall	en	anatomie-en	uberon	0		-4.0
anconeus muscle	en	anatomie-en	uberon	0		-4.0
angular gyrus	en	anatomie-en	uberon	0		-4.0
angular sulcus	en	anatomie-en	uberon	0		-4.0
angular vein	en	anatomie-en	uberon	0		-4.0
ankle joint	en	anatomie-en	uberon	0		-4.0
ankle nerve	en	anatomie-en	uberon	0		-4.0
annectant gyrus	en	anatomie-en	uberon	0		-4.0
annular epiphysis	en	anatomie-en	uberon	0		-4.0
ansa lenticularis	en	anatomie-en	uberon	0		-4.0
ansa peduncularis	en	anatomie-en	uberon	0		-4.0
ansiform lobule	en	anatomie-en	uberon	0		-4.0
anterior chest	en	anatomie-en	uberon	0		-4.0
anterior commissure	en	anatomie-en	uberon	0		-4.0
anterior fontanel	en	anatomie-en	uberon	0		-4.0
anterior median oculomotor nucleus	en	anatomie-en	uberon	0		-4.0
anterior mediastinum	en	anatomie-en	uberon	0		-4.0
anterior process of malleus	en	anatomie-en	uberon	0		-4.0
antitragicus muscle	en	anatomie-en	uberon	0		-4.0
aorta wall	en	anatomie-en	uberon	0		-4.0
aortic plexus	en	anatomie-en	uberon	0		-4.0
aortic sac	en	anatomie-en	uberon	0		-4.0
aortic valve	en	anatomie-en	uberon	0		-4.0
appendicular artery	en	anatomie-en	uberon	0		-4.0
appendicular skeleton	en	anatomie-en	uberon	0		-4.0
appendix epididymis	en	anatomie-en	uberon	0		-4.0
arachnoid mater	en	anatomie-en	uberon	0		-4.0
arachnoid trabecula	en	anatomie-en	uberon	0		-4.0
arachnoid villus	en	anatomie-en	uberon	0		-4.0
arbor vitae	en	anatomie-en	uberon	0		-4.0
arcuate fasciculus	en	anatomie-en	uberon	0		-4.0
arcuate ligament	en	anatomie-en	uberon	0		-4.0
area postrema	en	anatomie-en	uberon	0		-4.0
areolar gland	en	anatomie-en	uberon	0		-4.0
areolar tubercle	en	anatomie-en	uberon	0		-4.0
armodafinil	en	telnyx-en	telnyx	0		-4.0
arrector muscle of hair	en	anatomie-en	uberon	0		-4.0
arterial blood	en	anatomie-en	uberon	0		-4.0
artery wall	en	anatomie-en	uberon	0		-4.0
articular capsule	en	anatomie-en	uberon	0		-4.0
articular system	en	anatomie-en	uberon	0		-4.0
aryepiglottic fold	en	anatomie-en	uberon	0		-4.0
aryepiglotticus muscle	en	anatomie-en	uberon	0		-4.0
arytenoid cartilage	en	anatomie-en	uberon	0		-4.0
ascending colon	en	anatomie-en	uberon	0		-4.0
atezolizumab	en	telnyx-en	telnyx	0		-4.0
atlanto-axial joint	en	anatomie-en	uberon	0		-4.0
atlanto-occipital joint	en	anatomie-en	uberon	0		-4.0
atrial fibrillation	en	telnyx-en	telnyx	0		-4.0
atrioventricular canal	en	anatomie-en	uberon	0		-4.0
atrioventricular node	en	anatomie-en	uberon	0		-4.0
atrioventricular region	en	anatomie-en	uberon	0		-4.0
atrioventricular septum	en	anatomie-en	uberon	0		-4.0
atrioventricular valve	en	anatomie-en	uberon	0		-4.0
atypical epithelium	en	anatomie-en	uberon	0		-4.0
auditory cortex	en	anatomie-en	uberon	0		-4.0
auditory radiation	en	anatomie-en	uberon	0		-4.0
auditory system	en	anatomie-en	uberon	0		-4.0
auricular cartilage	en	anatomie-en	uberon	0		-4.0
auricular muscle	en	anatomie-en	uberon	0		-4.0
autonomic ganglion	en	anatomie-en	uberon	0		-4.0
autonomic nerve	en	anatomie-en	uberon	0		-4.0
autopod region	en	anatomie-en	uberon	0		-4.0
avelumab	en	telnyx-en	telnyx	0		-4.0
axilla skin	en	anatomie-en	uberon	0		-4.0
axillary artery	en	anatomie-en	uberon	0		-4.0
axillary nerve	en	anatomie-en	uberon	0		-4.0
axillary vein	en	anatomie-en	uberon	0		-4.0
axon tract	en	anatomie-en	uberon	0		-4.0
azygos vein	en	anatomie-en	uberon	0		-4.0
Bachmann's bundle	en	anatomie-en	uberon	0		-4.0
basal cistern	en	anatomie-en	uberon	0		-4.0
basal forebrain	en	anatomie-en	uberon	0		-4.0
basal ganglion	en	anatomie-en	uberon	0		-4.0
basal vein	en	anatomie-en	uberon	0		-4.0
basicranium	en	anatomie-en	uberon	0		-4.0
basilar artery	en	anatomie-en	uberon	0		-4.0
basilic vein	en	anatomie-en	uberon	0		-4.0
basioccipital bone	en	anatomie-en	uberon	0		-4.0
basiotic bone	en	anatomie-en	uberon	0		-4.0
basis modioli	en	anatomie-en	uberon	0		-4.0
basisphenoid bone	en	anatomie-en	uberon	0		-4.0
BB	en	telnyx-en	telnyx	0		-4.0
benralizumab	en	telnyx-en	telnyx	0		-4.0
biceps brachii	en	anatomie-en	uberon	0		-4.0
biceps femoris	en	anatomie-en	uberon	0		-4.0
bilaminar disc	en	anatomie-en	uberon	0		-4.0
bile canaliculus	en	anatomie-en	uberon	0		-4.0
bile duct	en	anatomie-en	uberon	0		-4.0
biliary system	en	anatomie-en	uberon	0		-4.0
biliary tree	en	anatomie-en	uberon	0		-4.0
bladder lumen	en	anatomie-en	uberon	0		-4.0
blood plasma	en	anatomie-en	uberon	0		-4.0
blood serum	en	anatomie-en	uberon	0		-4.0
blood vessel	en	anatomie-en	uberon	0		-4.0
BM	en	telnyx-en	telnyx	0		-4.0
bodily fluid	en	anatomie-en	uberon	0		-4.0
bodily gas	en	anatomie-en	uberon	0		-4.0
body of caudate nucleus	en	anatomie-en	uberon	0		-4.0
body proper	en	anatomie-en	uberon	0		-4.0
body wall	en	anatomie-en	uberon	0		-4.0
bone element	en	anatomie-en	uberon	0		-4.0
bone fossa	en	anatomie-en	uberon	0		-4.0
bone marrow	en	anatomie-en	uberon	0		-4.0
bone spine	en	anatomie-en	uberon	0		-4.0
bone tissue	en	anatomie-en	uberon	0		-4.0
bony labyrinth	en	anatomie-en	uberon	0		-4.0
bony pelvis	en	anatomie-en	uberon	0		-4.0
bony projection	en	anatomie-en	uberon	0		-4.0
bosutinib	en	telnyx-en	telnyx	0		-4.0
Bowman's space	en	anatomie-en	uberon	0		-4.0
BP	en	telnyx-en	telnyx	0		-4.0
brachial artery	en	anatomie-en	uberon	0		-4.0
brachial vein	en	anatomie-en	uberon	0		-4.0
brachialis muscle	en	anatomie-en	uberon	0		-4.0
brachiocephalic artery	en	anatomie-en	uberon	0		-4.0
brachiocephalic vein	en	anatomie-en	uberon	0		-4.0
brain ependyma	en	anatomie-en	uberon	0		-4.0
brain ventricle	en	anatomie-en	uberon	0		-4.0
brexpiprazole	en	telnyx-en	telnyx	0		-4.0
brodalumab	en	telnyx-en	telnyx	0		-4.0
Brodmann area	en	anatomie-en	uberon	0		-4.0
Bruch's membrane	en	anatomie-en	uberon	0		-4.0
buccal artery	en	anatomie-en	uberon	0		-4.0
buccal mucosa	en	anatomie-en	uberon	0		-4.0
buccal nerve	en	anatomie-en	uberon	0		-4.0
buccal vestibule	en	anatomie-en	uberon	0		-4.0
buccinator muscle	en	anatomie-en	uberon	0		-4.0
buccopharyngeal membrane	en	anatomie-en	uberon	0		-4.0
bulbar conjunctiva	en	anatomie-en	uberon	0		-4.0
bulbo-urethral gland	en	anatomie-en	uberon	0		-4.0
bulbospongiosus muscle	en	anatomie-en	uberon	0		-4.0
bulbus cordis	en	anatomie-en	uberon	0		-4.0
CA	en	telnyx-en	telnyx	0		-4.0
CaCl2	en	telnyx-en	telnyx	0		-4.0
calcaneal tendon	en	anatomie-en	uberon	0		-4.0
calcaneocuboid joint	en	anatomie-en	uberon	0		-4.0
calcaneofibular ligament	en	anatomie-en	uberon	0		-4.0
calcareous tooth	en	anatomie-en	uberon	0		-4.0
calcarine artery	en	anatomie-en	uberon	0		-4.0
calcarine sulcus	en	anatomie-en	uberon	0		-4.0
callosal sulcus	en	anatomie-en	uberon	0		-4.0
camera-type eye	en	anatomie-en	uberon	0		-4.0
capillary bed	en	anatomie-en	uberon	0		-4.0
capillary blood	en	anatomie-en	uberon	0		-4.0
capillary plexus	en	anatomie-en	uberon	0		-4.0
capsule of red nucleus	en	anatomie-en	uberon	0		-4.0
caput epididymis	en	anatomie-en	uberon	0		-4.0
cardiophrenic angle lymph node	en	anatomie-en	uberon	0		-4.0
caroticotympanic artery	en	anatomie-en	uberon	0		-4.0
carotid body	en	anatomie-en	uberon	0		-4.0
carotid canal	en	anatomie-en	uberon	0		-4.0
carotid sinus	en	anatomie-en	uberon	0		-4.0
carpal bone	en	anatomie-en	uberon	0		-4.0
carpal region	en	anatomie-en	uberon	0		-4.0
carpal skeleton	en	anatomie-en	uberon	0		-4.0
carpal tunnel	en	anatomie-en	uberon	0		-4.0
carpometacarpal joint	en	anatomie-en	uberon	0		-4.0
cartilage element	en	anatomie-en	uberon	0		-4.0
cartilage tissue	en	anatomie-en	uberon	0		-4.0
cartilaginous joint	en	anatomie-en	uberon	0		-4.0
cartilaginous neurocranium	en	anatomie-en	uberon	0		-4.0
cartilaginous projection	en	anatomie-en	uberon	0		-4.0
cauda epididymis	en	anatomie-en	uberon	0		-4.0
caudal central oculomotor nucleus	en	anatomie-en	uberon	0		-4.0
caudal pontine reticular nucleus	en	anatomie-en	uberon	0		-4.0
caudal vertebra	en	anatomie-en	uberon	0		-4.0
cavernous artery	en	anatomie-en	uberon	0		-4.0
cavernous sinus	en	anatomie-en	uberon	0		-4.0
CCB	en	telnyx-en	telnyx	0		-4.0
cecum mucosa	en	anatomie-en	uberon	0		-4.0
celiac artery	en	anatomie-en	uberon	0		-4.0
celiac ganglion	en	anatomie-en	uberon	0		-4.0
celiac trunk	en	anatomie-en	uberon	0		-4.0
cell cluster	en	anatomie-en	uberon	0		-4.0
central lobule	en	anatomie-en	uberon	0		-4.0
central sulcus	en	anatomie-en	uberon	0		-4.0
cephalic vein	en	anatomie-en	uberon	0		-4.0
ceratoglossus	en	anatomie-en	uberon	0		-4.0
cerebellar commissure	en	anatomie-en	uberon	0		-4.0
cerebellar cortex	en	anatomie-en	uberon	0		-4.0
cerebellar hemisphere	en	anatomie-en	uberon	0		-4.0
cerebellar layer	en	anatomie-en	uberon	0		-4.0
cerebellar peduncle	en	anatomie-en	uberon	0		-4.0
cerebellar vein	en	anatomie-en	uberon	0		-4.0
cerebellar vermis	en	anatomie-en	uberon	0		-4.0
cerebellomedullary cistern	en	anatomie-en	uberon	0		-4.0
cerebellopontine angle	en	anatomie-en	uberon	0		-4.0
cerebellum fissure	en	anatomie-en	uberon	0		-4.0
cerebellum lobe	en	anatomie-en	uberon	0		-4.0
cerebellum vasculature	en	anatomie-en	uberon	0		-4.0
cerebral hemisphere gray matter	en	anatomie-en	uberon	0		-4.0
cerebral hemisphere white matter	en	anatomie-en	uberon	0		-4.0
cervical cavity	en	anatomie-en	uberon	0		-4.0
cervical fascia	en	anatomie-en	uberon	0		-4.0
cervical ganglion	en	anatomie-en	uberon	0		-4.0
cervical gland	en	anatomie-en	uberon	0		-4.0
cervical mucus	en	anatomie-en	uberon	0		-4.0
cervical os	en	anatomie-en	uberon	0		-4.0
cervical region	en	anatomie-en	uberon	0		-4.0
cervical vertebra	en	anatomie-en	uberon	0		-4.0
cervicothoracic ganglion	en	anatomie-en	uberon	0		-4.0
chest muscle	en	anatomie-en	uberon	0		-4.0
chest wall	en	anatomie-en	uberon	0		-4.0
chiasmatic cistern	en	anatomie-en	uberon	0		-4.0
chorda tendineae	en	anatomie-en	uberon	0		-4.0
chordae tendineae	en	telnyx-en	telnyx	0		-4.0
chordate pharynx	en	anatomie-en	uberon	0		-4.0
chorion membrane	en	anatomie-en	uberon	0		-4.0
chromaffin system	en	anatomie-en	uberon	0		-4.0
ciclesonide	en	telnyx-en	telnyx	0		-4.0
ciliary body	en	anatomie-en	uberon	0		-4.0
ciliary epithelium	en	anatomie-en	uberon	0		-4.0
ciliary muscle	en	anatomie-en	uberon	0		-4.0
ciliary processes	en	anatomie-en	uberon	0		-4.0
ciliary stroma	en	anatomie-en	uberon	0		-4.0
cingulate gyrus	en	anatomie-en	uberon	0		-4.0
cingulate sulcus	en	anatomie-en	uberon	0		-4.0
circumventricular organ	en	anatomie-en	uberon	0		-4.0
CJD	en	telnyx-en	telnyx	0		-4.0
clavicle bone	en	anatomie-en	uberon	0		-4.0
cloacal membrane	en	anatomie-en	uberon	0		-4.0
coccygeal nerve	en	anatomie-en	uberon	0		-4.0
coccygeus muscle	en	anatomie-en	uberon	0		-4.0
cochlear canal	en	anatomie-en	uberon	0		-4.0
cochlear ganglion	en	anatomie-en	uberon	0		-4.0
cochlear labyrinth	en	anatomie-en	uberon	0		-4.0
cochlear modiolus	en	anatomie-en	uberon	0		-4.0
cochlear nerve	en	anatomie-en	uberon	0		-4.0
collection of basal ganglia	en	anatomie-en	uberon	0		-4.0
collection of collagen fibrils	en	anatomie-en	uberon	0		-4.0
colloid of thyroid follicle	en	anatomie-en	uberon	0		-4.0
condylar joint	en	anatomie-en	uberon	0		-4.0
conical papilla	en	anatomie-en	uberon	0		-4.0
conjunctival fornix	en	anatomie-en	uberon	0		-4.0
conjunctival sac	en	anatomie-en	uberon	0		-4.0
conjunctival space	en	anatomie-en	uberon	0		-4.0
conjunctival vasculature	en	anatomie-en	uberon	0		-4.0
connective tissue	en	anatomie-en	uberon	0		-4.0
continuous capillary	en	anatomie-en	uberon	0		-4.0
conus artery	en	anatomie-en	uberon	0		-4.0
coracobrachialis muscle	en	anatomie-en	uberon	0		-4.0
coracoclavicular ligament	en	anatomie-en	uberon	0		-4.0
corneal endothelium	en	anatomie-en	uberon	0		-4.0
corneal epithelium	en	anatomie-en	uberon	0		-4.0
corneo-scleral junction	en	anatomie-en	uberon	0		-4.0
corniculate cartilage	en	anatomie-en	uberon	0		-4.0
coronal suture	en	anatomie-en	uberon	0		-4.0
coronary artery	en	anatomie-en	uberon	0		-4.0
corpora quadrigemina	en	anatomie-en	uberon	0		-4.0
corpus albicans	en	anatomie-en	uberon	0		-4.0
corpus cavernosum	en	anatomie-en	uberon	0		-4.0
corpus epididymis	en	anatomie-en	uberon	0		-4.0
corpus luteum	en	anatomie-en	uberon	0		-4.0
corpus striatum	en	anatomie-en	uberon	0		-4.0
corticobulbar tract	en	anatomie-en	uberon	0		-4.0
corticopontine fibers	en	anatomie-en	uberon	0		-4.0
corticospinal tract	en	anatomie-en	uberon	0		-4.0
corticotectal tract	en	anatomie-en	uberon	0		-4.0
costal arch	en	anatomie-en	uberon	0		-4.0
costal cartilage	en	anatomie-en	uberon	0		-4.0
costal diaphragm	en	anatomie-en	uberon	0		-4.0
costo-cervical trunk	en	anatomie-en	uberon	0		-4.0
costochondral joint	en	anatomie-en	uberon	0		-4.0
costodiaphragmatic recess	en	anatomie-en	uberon	0		-4.0
costotransverse joint	en	anatomie-en	uberon	0		-4.0
costovertebral joint	en	anatomie-en	uberon	0		-4.0
CP	en	telnyx-en	telnyx	0		-4.0
cranial cavity	en	anatomie-en	uberon	0		-4.0
cranial fossa	en	anatomie-en	uberon	0		-4.0
cranial ganglion	en	anatomie-en	uberon	0		-4.0
cranial muscle	en	anatomie-en	uberon	0		-4.0
cranial nerve	en	anatomie-en	uberon	0		-4.0
cranial placode	en	anatomie-en	uberon	0		-4.0
cranial suture	en	anatomie-en	uberon	0		-4.0
cranial synchondrosis	en	anatomie-en	uberon	0		-4.0
craniocervical region	en	anatomie-en	uberon	0		-4.0
cremaster muscle	en	anatomie-en	uberon	0		-4.0
cremasteric artery	en	anatomie-en	uberon	0		-4.0
cribriform plate	en	anatomie-en	uberon	0		-4.0
crico-esophageal tendon	en	anatomie-en	uberon	0		-4.0
cricoarytenoid joint	en	anatomie-en	uberon	0		-4.0
cricoarytenoid ligament	en	anatomie-en	uberon	0		-4.0
cricoid cartilage	en	anatomie-en	uberon	0		-4.0
cricopharyngeal ligament	en	anatomie-en	uberon	0		-4.0
cricopharyngeus muscle	en	anatomie-en	uberon	0		-4.0
cricothyroid joint	en	anatomie-en	uberon	0		-4.0
cricothyroid ligament	en	anatomie-en	uberon	0		-4.0
cricothyroid muscle	en	anatomie-en	uberon	0		-4.0
cricotracheal ligament	en	anatomie-en	uberon	0		-4.0
crista ampullaris	en	anatomie-en	uberon	0		-4.0
crista terminalis	en	anatomie-en	uberon	0		-4.0
Crohn's disease	en	telnyx-en	telnyx	0		-4.0
cuboid bone	en	anatomie-en	uberon	0		-4.0
cumulus oophorus	en	anatomie-en	uberon	0		-4.0
cuneiform cartilage	en	anatomie-en	uberon	0		-4.0
cuneocerebellar tract	en	anatomie-en	uberon	0		-4.0
cuneus cortex	en	anatomie-en	uberon	0		-4.0
cutaneous appendage	en	anatomie-en	uberon	0		-4.0
cutaneous muscle	en	anatomie-en	uberon	0		-4.0
cutaneous vein	en	anatomie-en	uberon	0		-4.0
D5LR	en	telnyx-en	telnyx	0		-4.0
D5NS	en	telnyx-en	telnyx	0		-4.0
D5W	en	telnyx-en	telnyx	0		-4.0
dartos muscle	en	anatomie-en	uberon	0		-4.0
decidua basalis	en	anatomie-en	uberon	0		-4.0
decidua capsularis	en	anatomie-en	uberon	0		-4.0
decidua parietalis	en	anatomie-en	uberon	0		-4.0
deciduous tooth	en	anatomie-en	uberon	0		-4.0
deep fascia	en	anatomie-en	uberon	0		-4.0
deep vein	en	anatomie-en	uberon	0		-4.0
definitive endoderm	en	anatomie-en	uberon	0		-4.0
deltopectoral crest	en	anatomie-en	uberon	0		-4.0
dental lamina	en	anatomie-en	uberon	0		-4.0
dental pulp	en	anatomie-en	uberon	0		-4.0
dentatothalamic tract	en	anatomie-en	uberon	0		-4.0
dento-alveolar joint	en	anatomie-en	uberon	0		-4.0
depressor supercilii	en	anatomie-en	uberon	0		-4.0
Descemet's membrane	en	anatomie-en	uberon	0		-4.0
descending aorta	en	anatomie-en	uberon	0		-4.0
descending colon	en	anatomie-en	uberon	0		-4.0
developing neuroepithelium	en	anatomie-en	uberon	0		-4.0
diagonal sulcus	en	anatomie-en	uberon	0		-4.0
diaphragma sellae	en	anatomie-en	uberon	0		-4.0
diaphysis proper	en	anatomie-en	uberon	0		-4.0
digestive system	en	anatomie-en	uberon	0		-4.0
digestive tract	en	anatomie-en	uberon	0		-4.0
dilatator pupillae	en	anatomie-en	uberon	0		-4.0
dimethyl fumarate	en	telnyx-en	telnyx	0		-4.0
distal epiphysis	en	anatomie-en	uberon	0		-4.0
distal metaphysis	en	anatomie-en	uberon	0		-4.0
distal ureter	en	anatomie-en	uberon	0		-4.0
DJD	en	telnyx-en	telnyx	0		-4.0
dorsal lateral geniculate nucleus	en	anatomie-en	uberon	0		-4.0
dorsal mesentery	en	anatomie-en	uberon	0		-4.0
dorsal pallidum	en	anatomie-en	uberon	0		-4.0
dorsal paramedian reticular nucleus	en	anatomie-en	uberon	0		-4.0
dorsal root	en	telnyx-en	telnyx	0		-4.0
dorsal striatum	en	anatomie-en	uberon	0		-4.0
dorsal thalamus	en	anatomie-en	uberon	0		-4.0
dorsal trunk	en	anatomie-en	uberon	0		-4.0
Douglas' pouch	en	anatomie-en	uberon	0		-4.0
ductus arteriosus	en	anatomie-en	uberon	0		-4.0
ductus reuniens	en	anatomie-en	uberon	0		-4.0
ductus venosus	en	anatomie-en	uberon	0		-4.0
dulaglutide	en	telnyx-en	telnyx	0		-4.0
dupilumab	en	telnyx-en	telnyx	0		-4.0
durvalumab	en	telnyx-en	telnyx	0		-4.0
ear vesicle	en	anatomie-en	uberon	0		-4.0
ecto-epithelium	en	anatomie-en	uberon	0		-4.0
ectocalcarine sulcus	en	anatomie-en	uberon	0		-4.0
EDC	en	telnyx-en	telnyx	0		-4.0
efferent duct	en	anatomie-en	uberon	0		-4.0
efferent nerve	en	anatomie-en	uberon	0		-4.0
ejaculatory duct	en	anatomie-en	uberon	0		-4.0
elastic tissue	en	anatomie-en	uberon	0		-4.0
elbow joint	en	anatomie-en	uberon	0		-4.0
embryo stage	en	anatomie-en	uberon	0		-4.0
embryonic footplate	en	anatomie-en	uberon	0		-4.0
embryonic handplate	en	anatomie-en	uberon	0		-4.0
embryonic head	en	anatomie-en	uberon	0		-4.0
embryonic structure	en	anatomie-en	uberon	0		-4.0
embryonic uterus	en	anatomie-en	uberon	0		-4.0
empagliflozin	en	telnyx-en	telnyx	0		-4.0
endocardium of left auricle	en	anatomie-en	uberon	0		-4.0
endocardium of left ventricle	en	anatomie-en	uberon	0		-4.0
endocardium of right auricle	en	anatomie-en	uberon	0		-4.0
endocardium of right ventricle	en	anatomie-en	uberon	0		-4.0
entorhinal cortex	en	anatomie-en	uberon	0		-4.0
enzalutamide	en	telnyx-en	telnyx	0		-4.0
epiphyseal plate of radius	en	anatomie-en	uberon	0		-4.0
epiphysis of metacarpal bone	en	anatomie-en	uberon	0		-4.0
epiphysis of metatarsal bone	en	anatomie-en	uberon	0		-4.0
episcleral layer of eyeball	en	anatomie-en	uberon	0		-4.0
epithelium of external nose	en	anatomie-en	uberon	0		-4.0
epithelium of female urethra	en	anatomie-en	uberon	0		-4.0
epithelium of gall bladder	en	anatomie-en	uberon	0		-4.0
epithelium of intestinal villus	en	anatomie-en	uberon	0		-4.0
epithelium of large intestine	en	anatomie-en	uberon	0		-4.0
epithelium of lobar bronchus	en	anatomie-en	uberon	0		-4.0
epithelium of lobular bronchiole	en	anatomie-en	uberon	0		-4.0
epithelium of main bronchus	en	anatomie-en	uberon	0		-4.0
epithelium of male urethra	en	anatomie-en	uberon	0		-4.0
epithelium of mammary gland	en	anatomie-en	uberon	0		-4.0
epithelium of pancreatic duct	en	anatomie-en	uberon	0		-4.0
epithelium of respiratory bronchiole	en	anatomie-en	uberon	0		-4.0
epithelium of segmental bronchus	en	anatomie-en	uberon	0		-4.0
epithelium of small intestine	en	anatomie-en	uberon	0		-4.0
epithelium of vomeronasal organ	en	anatomie-en	uberon	0		-4.0
erenumab	en	telnyx-en	telnyx	0		-4.0
esophageal artery	en	anatomie-en	uberon	0		-4.0
esophageal hiatus	en	anatomie-en	uberon	0		-4.0
esophagogastric junction	en	anatomie-en	uberon	0		-4.0
esophagus mucosa	en	anatomie-en	uberon	0		-4.0
esophagus secretion	en	anatomie-en	uberon	0		-4.0
ETCO2	en	telnyx-en	telnyx	0		-4.0
ethmoid bone	en	anatomie-en	uberon	0		-4.0
ethmoid sinus	en	anatomie-en	uberon	0		-4.0
ethmoidomaxillary suture	en	anatomie-en	uberon	0		-4.0
evolocumab	en	telnyx-en	telnyx	0		-4.0
exoccipital bone	en	anatomie-en	uberon	0		-4.0
exocrine gland	en	anatomie-en	uberon	0		-4.0
exocrine pancreas	en	anatomie-en	uberon	0		-4.0
exocrine system	en	anatomie-en	uberon	0		-4.0
extensor muscle	en	anatomie-en	uberon	0		-4.0
external ear	en	anatomie-en	uberon	0		-4.0
external ectoderm	en	anatomie-en	uberon	0		-4.0
external genitalia	en	anatomie-en	uberon	0		-4.0
external naris	en	anatomie-en	uberon	0		-4.0
extreme capsule	en	anatomie-en	uberon	0		-4.0
eyelid tarsus	en	anatomie-en	uberon	0		-4.0
facial artery	en	anatomie-en	uberon	0		-4.0
facial mesenchyme	en	anatomie-en	uberon	0		-4.0
facial modiolus	en	anatomie-en	uberon	0		-4.0
facial muscle	en	anatomie-en	uberon	0		-4.0
facial nerve	en	anatomie-en	uberon	0		-4.0
facial skeleton	en	anatomie-en	uberon	0		-4.0
facial vein	en	anatomie-en	uberon	0		-4.0
falciform ligament	en	anatomie-en	uberon	0		-4.0
fallopian tube	en	anatomie-en	uberon	0		-4.0
false rib	en	anatomie-en	uberon	0		-4.0
falx cerebelli	en	anatomie-en	uberon	0		-4.0
falx cerebri	en	anatomie-en	uberon	0		-4.0
fascia lata	en	anatomie-en	uberon	0		-4.0
fasciolar gyrus	en	anatomie-en	uberon	0		-4.0
fat pad	en	anatomie-en	uberon	0		-4.0
female organism	en	anatomie-en	uberon	0		-4.0
female urethra	en	anatomie-en	uberon	0		-4.0
femoral artery	en	anatomie-en	uberon	0		-4.0
femoral canal	en	anatomie-en	uberon	0		-4.0
femoral nerve	en	anatomie-en	uberon	0		-4.0
femoral vein	en	anatomie-en	uberon	0		-4.0
femorotibial joint	en	anatomie-en	uberon	0		-4.0
fenestrated capillary	en	anatomie-en	uberon	0		-4.0
FHx	en	telnyx-en	telnyx	0		-4.0
fibrous joint	en	anatomie-en	uberon	0		-4.0
fibrous pericardium	en	anatomie-en	uberon	0		-4.0
fibularis brevis	en	anatomie-en	uberon	0		-4.0
fibularis longus	en	anatomie-en	uberon	0		-4.0
fibularis tertius	en	anatomie-en	uberon	0		-4.0
filiform papilla	en	anatomie-en	uberon	0		-4.0
fingolimod	en	telnyx-en	telnyx	0		-4.0
flat bone	en	anatomie-en	uberon	0		-4.0
flexor muscle	en	anatomie-en	uberon	0		-4.0
floating rib	en	anatomie-en	uberon	0		-4.0
flocculonodular lobe	en	anatomie-en	uberon	0		-4.0
foliate papilla	en	anatomie-en	uberon	0		-4.0
follicular antrum	en	anatomie-en	uberon	0		-4.0
follicular fluid	en	anatomie-en	uberon	0		-4.0
foramen lacerum	en	anatomie-en	uberon	0		-4.0
foramen rotundum	en	anatomie-en	uberon	0		-4.0
forelimb bud	en	anatomie-en	uberon	0		-4.0
forelimb joint	en	anatomie-en	uberon	0		-4.0
forelimb muscle	en	anatomie-en	uberon	0		-4.0
forelimb skeleton	en	anatomie-en	uberon	0		-4.0
forelimb skin	en	anatomie-en	uberon	0		-4.0
forelimb stylopod	en	anatomie-en	uberon	0		-4.0
forelimb zeugopod	en	anatomie-en	uberon	0		-4.0
fourth ventricle	en	anatomie-en	uberon	0		-4.0
fovea centralis	en	anatomie-en	uberon	0		-4.0
fremanezumab	en	telnyx-en	telnyx	0		-4.0
frontal artery	en	anatomie-en	uberon	0		-4.0
frontal cortex	en	anatomie-en	uberon	0		-4.0
frontal lobe	en	anatomie-en	uberon	0		-4.0
frontal operculum	en	anatomie-en	uberon	0		-4.0
frontal pole	en	anatomie-en	uberon	0		-4.0
frontal sinus	en	anatomie-en	uberon	0		-4.0
frontal suture	en	anatomie-en	uberon	0		-4.0
fronto-orbital sulcus	en	anatomie-en	uberon	0		-4.0
frontomarginal sulcus	en	anatomie-en	uberon	0		-4.0
frontomaxillary suture	en	anatomie-en	uberon	0		-4.0
frontonasal prominence	en	anatomie-en	uberon	0		-4.0
frontonasal suture	en	anatomie-en	uberon	0		-4.0
fungiform papilla	en	anatomie-en	uberon	0		-4.0
fused sacrum	en	anatomie-en	uberon	0		-4.0
fusiform gyrus	en	anatomie-en	uberon	0		-4.0
future brain	en	anatomie-en	uberon	0		-4.0
future mouth	en	anatomie-en	uberon	0		-4.0
galcanezumab	en	telnyx-en	telnyx	0		-4.0
gallbladder serosa	en	anatomie-en	uberon	0		-4.0
GBS	en	telnyx-en	telnyx	0		-4.0
GCS	en	telnyx-en	telnyx	0		-4.0
gemellus muscle	en	anatomie-en	uberon	0		-4.0
geniculate ganglion	en	anatomie-en	uberon	0		-4.0
genioglossus muscle	en	anatomie-en	uberon	0		-4.0
geniohyoid muscle	en	anatomie-en	uberon	0		-4.0
genital labium	en	anatomie-en	uberon	0		-4.0
genitourinary system	en	anatomie-en	uberon	0		-4.0
germ layer	en	anatomie-en	uberon	0		-4.0
GI	en	telnyx-en	telnyx	0		-4.0
gingival epithelium	en	anatomie-en	uberon	0		-4.0
gingival groove	en	anatomie-en	uberon	0		-4.0
glandular acinus	en	anatomie-en	uberon	0		-4.0
glans clitoris	en	anatomie-en	uberon	0		-4.0
glans penis	en	anatomie-en	uberon	0		-4.0
glenohumeral joint	en	anatomie-en	uberon	0		-4.0
glenoid fossa	en	anatomie-en	uberon	0		-4.0
glomerular capillary	en	anatomie-en	uberon	0		-4.0
glomerular capsule	en	anatomie-en	uberon	0		-4.0
glomerular mesangium	en	anatomie-en	uberon	0		-4.0
glomus coccygeum	en	anatomie-en	uberon	0		-4.0
glossopharyngeal ganglion	en	anatomie-en	uberon	0		-4.0
glossopharyngeal nerve	en	anatomie-en	uberon	0		-4.0
gluteal muscle	en	anatomie-en	uberon	0		-4.0
gluteal sulcus	en	anatomie-en	uberon	0		-4.0
gluteus maximus	en	anatomie-en	uberon	0		-4.0
gonadal ridge	en	anatomie-en	uberon	0		-4.0
gracile fasciculus	en	anatomie-en	uberon	0		-4.0
gray matter	en	anatomie-en	uberon	0		-4.0
greater omentum	en	anatomie-en	uberon	0		-4.0
greater sac	en	anatomie-en	uberon	0		-4.0
greater trochanter	en	anatomie-en	uberon	0		-4.0
GU	en	telnyx-en	telnyx	0		-4.0
gubernaculum testis	en	anatomie-en	uberon	0		-4.0
guselkumab	en	telnyx-en	telnyx	0		-4.0
gustatory epithelium	en	anatomie-en	uberon	0		-4.0
gustatory gland	en	anatomie-en	uberon	0		-4.0
gustatory organ	en	anatomie-en	uberon	0		-4.0
gustatory pore	en	anatomie-en	uberon	0		-4.0
gustatory system	en	anatomie-en	uberon	0		-4.0
gut wall	en	anatomie-en	uberon	0		-4.0
Guérin's valve	en	anatomie-en	uberon	0		-4.0
gyrus rectus	en	anatomie-en	uberon	0		-4.0
habenular commissure	en	anatomie-en	uberon	0		-4.0
habenular trigone	en	anatomie-en	uberon	0		-4.0
habenulo-interpeduncular tract	en	anatomie-en	uberon	0		-4.0
hair follicle	en	anatomie-en	uberon	0		-4.0
hair matrix	en	anatomie-en	uberon	0		-4.0
hair root	en	anatomie-en	uberon	0		-4.0
hair shaft	en	anatomie-en	uberon	0		-4.0
hairline	en	anatomie-en	uberon	0		-4.0
hard palate	en	anatomie-en	uberon	0		-4.0
haversian canal	en	anatomie-en	uberon	0		-4.0
HbA1c	en	telnyx-en	telnyx	0		-4.0
head ectomesenchyme	en	anatomie-en	uberon	0		-4.0
head mesenchyme	en	anatomie-en	uberon	0		-4.0
head of caudate nucleus	en	anatomie-en	uberon	0		-4.0
heart vasculature	en	anatomie-en	uberon	0		-4.0
helicis major	en	anatomie-en	uberon	0		-4.0
helicis minor	en	anatomie-en	uberon	0		-4.0
hepatic flexure of colon	en	anatomie-en	uberon	0		-4.0
heterogeneous tissue	en	anatomie-en	uberon	0		-4.0
hilum of dentate nucleus	en	anatomie-en	uberon	0		-4.0
hindlimb joint	en	anatomie-en	uberon	0		-4.0
hindlimb muscle	en	anatomie-en	uberon	0		-4.0
hindlimb skeleton	en	anatomie-en	uberon	0		-4.0
hindlimb skin	en	anatomie-en	uberon	0		-4.0
hindlimb stylopod	en	anatomie-en	uberon	0		-4.0
hindlimb zeugopod	en	anatomie-en	uberon	0		-4.0
hinge joint	en	anatomie-en	uberon	0		-4.0
hip joint	en	anatomie-en	uberon	0		-4.0
hippocampal commissure	en	anatomie-en	uberon	0		-4.0
hippocampal field	en	anatomie-en	uberon	0		-4.0
hippocampal formation	en	anatomie-en	uberon	0		-4.0
hippocampal sulcus	en	anatomie-en	uberon	0		-4.0
hippocampus fimbria	en	anatomie-en	uberon	0		-4.0
HLD	en	telnyx-en	telnyx	0		-4.0
HR	en	telnyx-en	telnyx	0		-4.0
HTN	en	telnyx-en	telnyx	0		-4.0
humeroradial joint	en	anatomie-en	uberon	0		-4.0
humeroulnar joint	en	anatomie-en	uberon	0		-4.0
humerus diaphysis	en	anatomie-en	uberon	0		-4.0
HX	en	telnyx-en	telnyx	0		-4.0
hyaloid artery	en	anatomie-en	uberon	0		-4.0
hyaloid canal	en	anatomie-en	uberon	0		-4.0
hyaloid cavity	en	anatomie-en	uberon	0		-4.0
hyoepiglottic ligament	en	anatomie-en	uberon	0		-4.0
hyoglossus muscle	en	anatomie-en	uberon	0		-4.0
hyoid artery	en	anatomie-en	uberon	0		-4.0
hyoid bone	en	anatomie-en	uberon	0		-4.0
ibrutinib	en	telnyx-en	telnyx	0		-4.0
IBS	en	telnyx-en	telnyx	0		-4.0
iliac blade	en	anatomie-en	uberon	0		-4.0
iliac crest	en	anatomie-en	uberon	0		-4.0
iliac fossa	en	anatomie-en	uberon	0		-4.0
iliac spine	en	anatomie-en	uberon	0		-4.0
iliacus muscle	en	anatomie-en	uberon	0		-4.0
iliococcygeus muscle	en	anatomie-en	uberon	0		-4.0
iliocostalis lumborum	en	anatomie-en	uberon	0		-4.0
iliocostalis muscle	en	anatomie-en	uberon	0		-4.0
iliolumbar artery	en	anatomie-en	uberon	0		-4.0
iliolumbar vein	en	anatomie-en	uberon	0		-4.0
IM	en	telnyx-en	telnyx	0		-4.0
immune system	en	anatomie-en	uberon	0		-4.0
incisive canal	en	anatomie-en	uberon	0		-4.0
incisive duct	en	anatomie-en	uberon	0		-4.0
incisive foramen	en	anatomie-en	uberon	0		-4.0
incisor tooth	en	anatomie-en	uberon	0		-4.0
incudomallear joint	en	anatomie-en	uberon	0		-4.0
incudostapedial joint	en	anatomie-en	uberon	0		-4.0
incus bone	en	anatomie-en	uberon	0		-4.0
indacaterol	en	telnyx-en	telnyx	0		-4.0
induseum griseum	en	anatomie-en	uberon	0		-4.0
inferior colliculus	en	anatomie-en	uberon	0		-4.0
inferior mediastinum	en	anatomie-en	uberon	0		-4.0
inflow tract	en	anatomie-en	uberon	0		-4.0
infra-orbital nerve	en	anatomie-en	uberon	0		-4.0
infraclavicular region	en	anatomie-en	uberon	0		-4.0
infrahyoid muscle	en	anatomie-en	uberon	0		-4.0
inframammary fold	en	anatomie-en	uberon	0		-4.0
infraorbital artery	en	anatomie-en	uberon	0		-4.0
infraorbital margin	en	anatomie-en	uberon	0		-4.0
infraspinatus muscle	en	anatomie-en	uberon	0		-4.0
infraspinatus tendon	en	anatomie-en	uberon	0		-4.0
infratemporal fossa	en	anatomie-en	uberon	0		-4.0
ingested food	en	anatomie-en	uberon	0		-4.0
inguinal canal	en	anatomie-en	uberon	0		-4.0
inguinal ligament	en	anatomie-en	uberon	0		-4.0
inguinal part of abdomen	en	anatomie-en	uberon	0		-4.0
inguinal ring	en	anatomie-en	uberon	0		-4.0
inner canthus	en	anatomie-en	uberon	0		-4.0
innominate bone	en	anatomie-en	uberon	0		-4.0
insular cortex	en	anatomie-en	uberon	0		-4.0
insulin aspart	en	telnyx-en	telnyx	0		-4.0
insulin degludec	en	telnyx-en	telnyx	0		-4.0
insulin detemir	en	telnyx-en	telnyx	0		-4.0
insulin glargine	en	telnyx-en	telnyx	0		-4.0
insulin lispro	en	telnyx-en	telnyx	0		-4.0
integumental system	en	anatomie-en	uberon	0		-4.0
interatrial septum	en	anatomie-en	uberon	0		-4.0
intercarpal joint	en	anatomie-en	uberon	0		-4.0
intercerebral commissure	en	anatomie-en	uberon	0		-4.0
interchondral joint	en	anatomie-en	uberon	0		-4.0
intercostal muscle	en	anatomie-en	uberon	0		-4.0
intercostal nerve	en	anatomie-en	uberon	0		-4.0
intercostal space	en	anatomie-en	uberon	0		-4.0
intercuneiform joint	en	anatomie-en	uberon	0		-4.0
intergluteal cleft	en	anatomie-en	uberon	0		-4.0
interincisive suture	en	anatomie-en	uberon	0		-4.0
interlobar artery	en	anatomie-en	uberon	0		-4.0
interlobar vein	en	anatomie-en	uberon	0		-4.0
interlobular artery	en	anatomie-en	uberon	0		-4.0
intermammary cleft	en	anatomie-en	uberon	0		-4.0
intermaxillary process	en	anatomie-en	uberon	0		-4.0
intermaxillary suture	en	anatomie-en	uberon	0		-4.0
intermediate mesoderm	en	anatomie-en	uberon	0		-4.0
intermediate tubule	en	anatomie-en	uberon	0		-4.0
intermetacarpal joint	en	anatomie-en	uberon	0		-4.0
intermetatarsal joint	en	anatomie-en	uberon	0		-4.0
internal ear	en	anatomie-en	uberon	0		-4.0
internal genitalia	en	anatomie-en	uberon	0		-4.0
internal naris	en	anatomie-en	uberon	0		-4.0
internasal suture	en	anatomie-en	uberon	0		-4.0
internodal tract	en	anatomie-en	uberon	0		-4.0
interparietal bone	en	anatomie-en	uberon	0		-4.0
interphalangeal joint	en	anatomie-en	uberon	0		-4.0
interstitial fluid	en	anatomie-en	uberon	0		-4.0
interstitial tissue	en	anatomie-en	uberon	0		-4.0
intertarsal joint	en	anatomie-en	uberon	0		-4.0
interthalamic adhesion	en	anatomie-en	uberon	0		-4.0
intertragic incisure	en	anatomie-en	uberon	0		-4.0
intertrochanteric crest	en	anatomie-en	uberon	0		-4.0
intertrochanteric line	en	anatomie-en	uberon	0		-4.0
interventricular groove	en	anatomie-en	uberon	0		-4.0
intervertebral disk	en	anatomie-en	uberon	0		-4.0
intervertebral joint	en	anatomie-en	uberon	0		-4.0
intestinal epithelium	en	anatomie-en	uberon	0		-4.0
intestinal gland	en	anatomie-en	uberon	0		-4.0
intestinal mucosa	en	anatomie-en	uberon	0		-4.0
intestinal submucosa	en	anatomie-en	uberon	0		-4.0
intestinal villus	en	anatomie-en	uberon	0		-4.0
intestine secretion	en	anatomie-en	uberon	0		-4.0
intraculminate fissure of cerebellum	en	anatomie-en	uberon	0		-4.0
ipilimumab	en	telnyx-en	telnyx	0		-4.0
iridocorneal angle	en	anatomie-en	uberon	0		-4.0
iris epithelium	en	anatomie-en	uberon	0		-4.0
iris stroma	en	anatomie-en	uberon	0		-4.0
irregular bone	en	anatomie-en	uberon	0		-4.0
ischial ramus	en	anatomie-en	uberon	0		-4.0
ischial spine	en	anatomie-en	uberon	0		-4.0
ischial tuberosity	en	anatomie-en	uberon	0		-4.0
ischiocavernosus muscle	en	anatomie-en	uberon	0		-4.0
ischiopubic ramus	en	anatomie-en	uberon	0		-4.0
isosorbide dinitrate	en	telnyx-en	telnyx	0		-4.0
isosorbide mononitrate	en	telnyx-en	telnyx	0		-4.0
IVDU	en	telnyx-en	telnyx	0		-4.0
ixekizumab	en	telnyx-en	telnyx	0		-4.0
jaw skeleton	en	anatomie-en	uberon	0		-4.0
jugal bone	en	anatomie-en	uberon	0		-4.0
jugular body	en	anatomie-en	uberon	0		-4.0
jugular foramen	en	anatomie-en	uberon	0		-4.0
juxtaglomerular apparatus	en	anatomie-en	uberon	0		-4.0
juxtamedullary cortex	en	anatomie-en	uberon	0		-4.0
juxtarestiform body	en	anatomie-en	uberon	0		-4.0
kidney calyx	en	anatomie-en	uberon	0		-4.0
kidney capsule	en	anatomie-en	uberon	0		-4.0
kidney interstitium	en	anatomie-en	uberon	0		-4.0
kidney pyramid	en	anatomie-en	uberon	0		-4.0
knee joint	en	anatomie-en	uberon	0		-4.0
Krause's gland	en	anatomie-en	uberon	0		-4.0
labial commissure	en	anatomie-en	uberon	0		-4.0
labial gland	en	anatomie-en	uberon	0		-4.0
labium majora	en	anatomie-en	uberon	0		-4.0
labium minora	en	anatomie-en	uberon	0		-4.0
labyrinthine artery	en	anatomie-en	uberon	0		-4.0
lacrimal apparatus	en	anatomie-en	uberon	0		-4.0
lacrimal artery	en	anatomie-en	uberon	0		-4.0
lacrimal bone	en	anatomie-en	uberon	0		-4.0
lacrimal canaliculus	en	anatomie-en	uberon	0		-4.0
lacrimal caruncle	en	anatomie-en	uberon	0		-4.0
lacrimal gland	en	anatomie-en	uberon	0		-4.0
lacrimal lake	en	anatomie-en	uberon	0		-4.0
lacrimal nerve	en	anatomie-en	uberon	0		-4.0
lacrimal papilla	en	anatomie-en	uberon	0		-4.0
lacrimal punctum	en	anatomie-en	uberon	0		-4.0
lacrimal sac	en	anatomie-en	uberon	0		-4.0
lacrimal vein	en	anatomie-en	uberon	0		-4.0
lacrimomaxillary suture	en	anatomie-en	uberon	0		-4.0
lambdoid suture	en	anatomie-en	uberon	0		-4.0
lamellar bone	en	anatomie-en	uberon	0		-4.0
lamina lucida	en	anatomie-en	uberon	0		-4.0
lamina propria	en	anatomie-en	uberon	0		-4.0
large intestine	en	anatomie-en	uberon	0		-4.0
larynx submucosa	en	anatomie-en	uberon	0		-4.0
late embryo	en	anatomie-en	uberon	0		-4.0
lateral crico-arytenoid	en	anatomie-en	uberon	0		-4.0
lateral lemniscus	en	anatomie-en	uberon	0		-4.0
lateral process of malleus	en	anatomie-en	uberon	0		-4.0
lateral sulcus	en	anatomie-en	uberon	0		-4.0
lateral superior olivary nucleus	en	anatomie-en	uberon	0		-4.0
left clavicle	en	anatomie-en	uberon	0		-4.0
left ear	en	anatomie-en	uberon	0		-4.0
left eye	en	anatomie-en	uberon	0		-4.0
left forelimb	en	anatomie-en	uberon	0		-4.0
left hindlimb	en	anatomie-en	uberon	0		-4.0
left kidney	en	anatomie-en	uberon	0		-4.0
left lung	en	anatomie-en	uberon	0		-4.0
left nipple	en	anatomie-en	uberon	0		-4.0
left ovary	en	anatomie-en	uberon	0		-4.0
left pupil	en	anatomie-en	uberon	0		-4.0
left putamen	en	anatomie-en	uberon	0		-4.0
left testis	en	anatomie-en	uberon	0		-4.0
left ureter	en	anatomie-en	uberon	0		-4.0
lens cortex	en	anatomie-en	uberon	0		-4.0
lens fiber	en	anatomie-en	uberon	0		-4.0
lens placode	en	anatomie-en	uberon	0		-4.0
lenticular fasciculus	en	anatomie-en	uberon	0		-4.0
lesser omentum	en	anatomie-en	uberon	0		-4.0
lesser sac	en	anatomie-en	uberon	0		-4.0
lesser trochanter	en	anatomie-en	uberon	0		-4.0
levator costarum	en	anatomie-en	uberon	0		-4.0
lieno-renal ligament	en	anatomie-en	uberon	0		-4.0
ligamentum arteriosum	en	anatomie-en	uberon	0		-4.0
limb bud	en	anatomie-en	uberon	0		-4.0
limb joint	en	anatomie-en	uberon	0		-4.0
limb segment	en	anatomie-en	uberon	0		-4.0
limbic cortex	en	anatomie-en	uberon	0		-4.0
limbic lobe	en	anatomie-en	uberon	0		-4.0
limbic system	en	anatomie-en	uberon	0		-4.0
linagliptin	en	telnyx-en	telnyx	0		-4.0
lingual artery	en	anatomie-en	uberon	0		-4.0
lingual gyrus	en	anatomie-en	uberon	0		-4.0
lingual nerve	en	anatomie-en	uberon	0		-4.0
lingual septum	en	anatomie-en	uberon	0		-4.0
lingual tonsil	en	anatomie-en	uberon	0		-4.0
lingual vein	en	anatomie-en	uberon	0		-4.0
liraglutide	en	telnyx-en	telnyx	0		-4.0
liver lobule	en	anatomie-en	uberon	0		-4.0
liver parenchyma	en	anatomie-en	uberon	0		-4.0
liver serosa	en	anatomie-en	uberon	0		-4.0
liver stroma	en	anatomie-en	uberon	0		-4.0
liver subserosa	en	anatomie-en	uberon	0		-4.0
lobar bronchus	en	anatomie-en	uberon	0		-4.0
lobule simplex	en	anatomie-en	uberon	0		-4.0
long bone	en	anatomie-en	uberon	0		-4.0
long nephron	en	anatomie-en	uberon	0		-4.0
longissimus muscle	en	anatomie-en	uberon	0		-4.0
longitudinal fissure	en	anatomie-en	uberon	0		-4.0
lower back	en	anatomie-en	uberon	0		-4.0
lower eyelash	en	anatomie-en	uberon	0		-4.0
lower eyelid	en	anatomie-en	uberon	0		-4.0
lower lip	en	anatomie-en	uberon	0		-4.0
lower vermilion	en	anatomie-en	uberon	0		-4.0
LR	en	telnyx-en	telnyx	0		-4.0
lumbar artery	en	anatomie-en	uberon	0		-4.0
lumbar ganglion	en	anatomie-en	uberon	0		-4.0
lumbar nerve	en	anatomie-en	uberon	0		-4.0
lumbar vertebra	en	anatomie-en	uberon	0		-4.0
lunate sulcus	en	anatomie-en	uberon	0		-4.0
lung hilus	en	anatomie-en	uberon	0		-4.0
lung parenchyma	en	anatomie-en	uberon	0		-4.0
lung vasculature	en	anatomie-en	uberon	0		-4.0
lymph node	en	anatomie-en	uberon	0		-4.0
lymph vasculature	en	anatomie-en	uberon	0		-4.0
lymphatic capillary	en	anatomie-en	uberon	0		-4.0
lymphatic valve	en	anatomie-en	uberon	0		-4.0
lymphatic vessel	en	anatomie-en	uberon	0		-4.0
lymphoid follicle	en	anatomie-en	uberon	0		-4.0
lymphoid system	en	anatomie-en	uberon	0		-4.0
lymphoid tissue	en	anatomie-en	uberon	0		-4.0
lymphomyeloid tissue	en	anatomie-en	uberon	0		-4.0
macula densa	en	anatomie-en	uberon	0		-4.0
macula lutea	en	anatomie-en	uberon	0		-4.0
main bronchus	en	anatomie-en	uberon	0		-4.0
major calyx	en	anatomie-en	uberon	0		-4.0
male breast	en	anatomie-en	uberon	0		-4.0
male organism	en	anatomie-en	uberon	0		-4.0
male urethra	en	anatomie-en	uberon	0		-4.0
malleus bone	en	anatomie-en	uberon	0		-4.0
malleus head	en	anatomie-en	uberon	0		-4.0
malleus neck	en	anatomie-en	uberon	0		-4.0
mammalian cervical vertebra 3	en	anatomie-en	uberon	0		-4.0
mammalian cervical vertebra 4	en	anatomie-en	uberon	0		-4.0
mammalian cervical vertebra 5	en	anatomie-en	uberon	0		-4.0
mammalian cervical vertebra 6	en	anatomie-en	uberon	0		-4.0
mammalian cervical vertebra 7	en	anatomie-en	uberon	0		-4.0
mammary gland connective tissue	en	anatomie-en	uberon	0		-4.0
mammary gland luminal epithelium	en	anatomie-en	uberon	0		-4.0
mammillothalamic tract of hypothalamus	en	anatomie-en	uberon	0		-4.0
mandible head	en	anatomie-en	uberon	0		-4.0
mandible neck	en	anatomie-en	uberon	0		-4.0
mandibular canal	en	anatomie-en	uberon	0		-4.0
mandibular nerve	en	anatomie-en	uberon	0		-4.0
mandibular prominence	en	anatomie-en	uberon	0		-4.0
mandibular ramus	en	anatomie-en	uberon	0		-4.0
mandibular symphysis	en	anatomie-en	uberon	0		-4.0
manual digit	en	anatomie-en	uberon	0		-4.0
manubriosternal joint	en	anatomie-en	uberon	0		-4.0
manus joint	en	anatomie-en	uberon	0		-4.0
marginal sulcus	en	anatomie-en	uberon	0		-4.0
masseter muscle	en	anatomie-en	uberon	0		-4.0
masseteric artery	en	anatomie-en	uberon	0		-4.0
masseteric nerve	en	anatomie-en	uberon	0		-4.0
masseteric vein	en	anatomie-en	uberon	0		-4.0
masticatory muscle	en	anatomie-en	uberon	0		-4.0
maxillary artery	en	anatomie-en	uberon	0		-4.0
maxillary nerve	en	anatomie-en	uberon	0		-4.0
maxillary prominence	en	anatomie-en	uberon	0		-4.0
maxillary sinus	en	anatomie-en	uberon	0		-4.0
maxillary tooth	en	anatomie-en	uberon	0		-4.0
maxillary vein	en	anatomie-en	uberon	0		-4.0
Meckel's cartilage	en	anatomie-en	uberon	0		-4.0
Meckel's diverticulum	en	anatomie-en	uberon	0		-4.0
medial lemniscus	en	anatomie-en	uberon	0		-4.0
medial superior olivary nucleus	en	anatomie-en	uberon	0		-4.0
median artery	en	anatomie-en	uberon	0		-4.0
median nerve	en	anatomie-en	uberon	0		-4.0
mediastinal pleura	en	anatomie-en	uberon	0		-4.0
mediastinum testis	en	anatomie-en	uberon	0		-4.0
medullary ray	en	anatomie-en	uberon	0		-4.0
Meissner's corpuscle	en	anatomie-en	uberon	0		-4.0
memantine	en	telnyx-en	telnyx	0		-4.0
membrane organ	en	anatomie-en	uberon	0		-4.0
membranous labyrinth	en	anatomie-en	uberon	0		-4.0
membranous layer	en	anatomie-en	uberon	0		-4.0
meningeal cluster	en	anatomie-en	uberon	0		-4.0
meningeal vein	en	anatomie-en	uberon	0		-4.0
mental artery	en	anatomie-en	uberon	0		-4.0
mental foramen	en	anatomie-en	uberon	0		-4.0
mental nerve	en	anatomie-en	uberon	0		-4.0
mentalis muscle	en	anatomie-en	uberon	0		-4.0
mepolizumab	en	telnyx-en	telnyx	0		-4.0
mesencephalic artery	en	anatomie-en	uberon	0		-4.0
meso-epithelium	en	anatomie-en	uberon	0		-4.0
metoprolol succinate	en	telnyx-en	telnyx	0		-4.0
metoprolol tartrate	en	telnyx-en	telnyx	0		-4.0
MgSO4	en	telnyx-en	telnyx	0		-4.0
MICU	en	telnyx-en	telnyx	0		-4.0
midbrain neuromere	en	anatomie-en	uberon	0		-4.0
midbrain tectum	en	anatomie-en	uberon	0		-4.0
midbrain tegmentum	en	anatomie-en	uberon	0		-4.0
midcarpal joint	en	anatomie-en	uberon	0		-4.0
middle ear	en	anatomie-en	uberon	0		-4.0
middle mediastinum	en	anatomie-en	uberon	0		-4.0
midnasal cavity	en	anatomie-en	uberon	0		-4.0
milnacipran	en	telnyx-en	telnyx	0		-4.0
minor calyx	en	anatomie-en	uberon	0		-4.0
mirabegron	en	telnyx-en	telnyx	0		-4.0
mitral valve	en	anatomie-en	uberon	0		-4.0
molar crown	en	anatomie-en	uberon	0		-4.0
molar gland	en	anatomie-en	uberon	0		-4.0
molar tooth	en	anatomie-en	uberon	0		-4.0
mons pubis	en	anatomie-en	uberon	0		-4.0
mouth floor	en	anatomie-en	uberon	0		-4.0
mouth mucosa	en	anatomie-en	uberon	0		-4.0
MSK	en	telnyx-en	telnyx	0		-4.0
mucoid tissue	en	anatomie-en	uberon	0		-4.0
mucous acinus	en	anatomie-en	uberon	0		-4.0
mucous gland	en	anatomie-en	uberon	0		-4.0
Mullerian tubercle	en	anatomie-en	uberon	0		-4.0
multicellular organism	en	anatomie-en	uberon	0		-4.0
multilaminar epithelium	en	anatomie-en	uberon	0		-4.0
muscle belly	en	anatomie-en	uberon	0		-4.0
muscle head	en	anatomie-en	uberon	0		-4.0
muscle organ	en	anatomie-en	uberon	0		-4.0
muscle spindle	en	anatomie-en	uberon	0		-4.0
muscle structure	en	anatomie-en	uberon	0		-4.0
muscle tissue	en	anatomie-en	uberon	0		-4.0
muscular coat	en	anatomie-en	uberon	0		-4.0
muscularis mucosa	en	anatomie-en	uberon	0		-4.0
musculo-phrenic artery	en	anatomie-en	uberon	0		-4.0
musculo-phrenic vein	en	anatomie-en	uberon	0		-4.0
musculocutaneous nerve	en	anatomie-en	uberon	0		-4.0
musculoskeletal system	en	anatomie-en	uberon	0		-4.0
mylohyoid muscle	en	anatomie-en	uberon	0		-4.0
mylohyoid nerve	en	anatomie-en	uberon	0		-4.0
myocardial infarction	en	telnyx-en	telnyx	0		-4.0
N/V	en	telnyx-en	telnyx	0		-4.0
N/V/D	en	telnyx-en	telnyx	0		-4.0
NAFLD	en	telnyx-en	telnyx	0		-4.0
NaHCO3	en	telnyx-en	telnyx	0		-4.0
nail matrix	en	anatomie-en	uberon	0		-4.0
nasal bone	en	anatomie-en	uberon	0		-4.0
nasal capsule	en	anatomie-en	uberon	0		-4.0
nasal cartilage	en	anatomie-en	uberon	0		-4.0
nasal cavity	en	anatomie-en	uberon	0		-4.0
nasal fin	en	anatomie-en	uberon	0		-4.0
nasal meatus	en	anatomie-en	uberon	0		-4.0
nasal mucus	en	anatomie-en	uberon	0		-4.0
nasal muscle	en	anatomie-en	uberon	0		-4.0
nasal septum	en	anatomie-en	uberon	0		-4.0
nasal skeleton	en	anatomie-en	uberon	0		-4.0
nasal vestibule	en	anatomie-en	uberon	0		-4.0
nasalis muscle	en	anatomie-en	uberon	0		-4.0
naso-frontal vein	en	anatomie-en	uberon	0		-4.0
nasociliary nerve	en	anatomie-en	uberon	0		-4.0
nasolacrimal duct	en	anatomie-en	uberon	0		-4.0
nasolacrimal groove	en	anatomie-en	uberon	0		-4.0
nasomaxillary suture	en	anatomie-en	uberon	0		-4.0
nasopalatine nerve	en	anatomie-en	uberon	0		-4.0
nasopharyngeal gland	en	anatomie-en	uberon	0		-4.0
nephrogenic cord	en	anatomie-en	uberon	0		-4.0
nephron tubule	en	anatomie-en	uberon	0		-4.0
nerve fasciculus	en	anatomie-en	uberon	0		-4.0
nerve fiber	en	anatomie-en	uberon	0		-4.0
nerve plexus	en	anatomie-en	uberon	0		-4.0
nerve root	en	anatomie-en	uberon	0		-4.0
nerve trunk	en	anatomie-en	uberon	0		-4.0
nervous system	en	anatomie-en	uberon	0		-4.0
neural lobe of neurohypophysis	en	anatomie-en	uberon	0		-4.0
NHL	en	telnyx-en	telnyx	0		-4.0
NICU	en	telnyx-en	telnyx	0		-4.0
nivolumab	en	telnyx-en	telnyx	0		-4.0
nonskeletal ligament	en	anatomie-en	uberon	0		-4.0
nonsynovial joint	en	anatomie-en	uberon	0		-4.0
nose skin	en	anatomie-en	uberon	0		-4.0
nose tip	en	anatomie-en	uberon	0		-4.0
notochordal canal	en	anatomie-en	uberon	0		-4.0
notochordal process	en	anatomie-en	uberon	0		-4.0
nuchal ligament	en	anatomie-en	uberon	0		-4.0
nucleus accumbens	en	anatomie-en	uberon	0		-4.0
nucleus ambiguus	en	anatomie-en	uberon	0		-4.0
nucleus intercalatus	en	anatomie-en	uberon	0		-4.0
nucleus prepositus	en	anatomie-en	uberon	0		-4.0
OA	en	telnyx-en	telnyx	0		-4.0
OB	en	telnyx-en	telnyx	0		-4.0
oblique arytenoid	en	anatomie-en	uberon	0		-4.0
obturator artery	en	anatomie-en	uberon	0		-4.0
obturator externus	en	anatomie-en	uberon	0		-4.0
obturator foramen	en	anatomie-en	uberon	0		-4.0
obturator internus	en	anatomie-en	uberon	0		-4.0
obturator muscle	en	anatomie-en	uberon	0		-4.0
obturator nerve	en	anatomie-en	uberon	0		-4.0
obturator vein	en	anatomie-en	uberon	0		-4.0
occipital artery	en	anatomie-en	uberon	0		-4.0
occipital bone	en	anatomie-en	uberon	0		-4.0
occipital condyle	en	anatomie-en	uberon	0		-4.0
occipital cortex	en	anatomie-en	uberon	0		-4.0
occipital lobe	en	anatomie-en	uberon	0		-4.0
occipital pole	en	anatomie-en	uberon	0		-4.0
occipital region	en	anatomie-en	uberon	0		-4.0
occipitofrontalis muscle	en	anatomie-en	uberon	0		-4.0
occipitomastoid suture	en	anatomie-en	uberon	0		-4.0
occipitotemporal sulcus	en	anatomie-en	uberon	0		-4.0
ocrelizumab	en	telnyx-en	telnyx	0		-4.0
ocular adnexa	en	anatomie-en	uberon	0		-4.0
oculomotor nerve	en	anatomie-en	uberon	0		-4.0
OD	en	telnyx-en	telnyx	0		-4.0
odontogenic papilla	en	anatomie-en	uberon	0		-4.0
odontoid tissue	en	anatomie-en	uberon	0		-4.0
ofatumumab	en	telnyx-en	telnyx	0		-4.0
olecranon fossa	en	anatomie-en	uberon	0		-4.0
olfactory bulb	en	anatomie-en	uberon	0		-4.0
olfactory cortex	en	anatomie-en	uberon	0		-4.0
olfactory epithelium	en	anatomie-en	uberon	0		-4.0
olfactory gland	en	anatomie-en	uberon	0		-4.0
olfactory nerve	en	anatomie-en	uberon	0		-4.0
olfactory organ	en	anatomie-en	uberon	0		-4.0
olfactory pit	en	anatomie-en	uberon	0		-4.0
olfactory placode	en	anatomie-en	uberon	0		-4.0
olfactory sulcus	en	anatomie-en	uberon	0		-4.0
olfactory system	en	anatomie-en	uberon	0		-4.0
olfactory tract	en	anatomie-en	uberon	0		-4.0
olfactory trigone	en	anatomie-en	uberon	0		-4.0
olivocerebellar tract	en	anatomie-en	uberon	0		-4.0
olivocochlear bundle	en	anatomie-en	uberon	0		-4.0
olodaterol	en	telnyx-en	telnyx	0		-4.0
omalizumab	en	telnyx-en	telnyx	0		-4.0
omohyoid muscle	en	anatomie-en	uberon	0		-4.0
ophthalmic artery	en	anatomie-en	uberon	0		-4.0
ophthalmic nerve	en	anatomie-en	uberon	0		-4.0
ophthalmic plexus	en	anatomie-en	uberon	0		-4.0
optic chiasma	en	anatomie-en	uberon	0		-4.0
optic choroid	en	anatomie-en	uberon	0		-4.0
optic disc	en	anatomie-en	uberon	0		-4.0
optic foramen	en	anatomie-en	uberon	0		-4.0
optic radiation	en	anatomie-en	uberon	0		-4.0
optic tract	en	anatomie-en	uberon	0		-4.0
optic vesicle	en	anatomie-en	uberon	0		-4.0
oral cavity	en	anatomie-en	uberon	0		-4.0
oral epithelium	en	anatomie-en	uberon	0		-4.0
oral opening	en	anatomie-en	uberon	0		-4.0
oral pontine reticular nucleus	en	anatomie-en	uberon	0		-4.0
orbital cavity	en	anatomie-en	uberon	0		-4.0
orbital gyrus	en	anatomie-en	uberon	0		-4.0
orbital margin	en	anatomie-en	uberon	0		-4.0
orbital operculum	en	anatomie-en	uberon	0		-4.0
orbital region	en	anatomie-en	uberon	0		-4.0
orbital septum	en	anatomie-en	uberon	0		-4.0
orbital sulcus	en	anatomie-en	uberon	0		-4.0
orbitalis muscle	en	anatomie-en	uberon	0		-4.0
orbitofrontal cortex	en	anatomie-en	uberon	0		-4.0
organ cavity	en	anatomie-en	uberon	0		-4.0
organ part	en	anatomie-en	uberon	0		-4.0
organ subunit	en	anatomie-en	uberon	0		-4.0
organism subdivision	en	anatomie-en	uberon	0		-4.0
organism substance	en	anatomie-en	uberon	0		-4.0
oronasal membrane	en	anatomie-en	uberon	0		-4.0
ossification center	en	anatomie-en	uberon	0		-4.0
otic ganglion	en	anatomie-en	uberon	0		-4.0
otic pit	en	anatomie-en	uberon	0		-4.0
otic placode	en	anatomie-en	uberon	0		-4.0
OU	en	telnyx-en	telnyx	0		-4.0
outer canthus	en	anatomie-en	uberon	0		-4.0
oval window	en	anatomie-en	uberon	0		-4.0
ovary stroma	en	anatomie-en	uberon	0		-4.0
oviduct epithelium	en	anatomie-en	uberon	0		-4.0
ozanimod	en	telnyx-en	telnyx	0		-4.0
Pacinian corpuscle	en	anatomie-en	uberon	0		-4.0
PACU	en	telnyx-en	telnyx	0		-4.0
palatal muscle	en	anatomie-en	uberon	0		-4.0
palatine aponeurosis	en	anatomie-en	uberon	0		-4.0
palatine bone	en	anatomie-en	uberon	0		-4.0
palatine gland	en	anatomie-en	uberon	0		-4.0
palatine raphe	en	anatomie-en	uberon	0		-4.0
palatine tonsil	en	anatomie-en	uberon	0		-4.0
palatine torus	en	anatomie-en	uberon	0		-4.0
palatine uvula	en	anatomie-en	uberon	0		-4.0
palatoethmoidal suture	en	anatomie-en	uberon	0		-4.0
palatoglossal arch	en	anatomie-en	uberon	0		-4.0
palatoglossus muscle	en	anatomie-en	uberon	0		-4.0
palatomaxillary suture	en	anatomie-en	uberon	0		-4.0
palatopharyngeus muscle	en	anatomie-en	uberon	0		-4.0
paleodentate of dentate nucleus	en	anatomie-en	uberon	0		-4.0
pallidotegmental fasciculus	en	anatomie-en	uberon	0		-4.0
palmaris brevis	en	anatomie-en	uberon	0		-4.0
palpebral conjunctiva	en	anatomie-en	uberon	0		-4.0
palpebral fissure	en	anatomie-en	uberon	0		-4.0
palpebral vein	en	anatomie-en	uberon	0		-4.0
pampiniform plexus	en	anatomie-en	uberon	0		-4.0
papillary muscle	en	telnyx-en	telnyx	0		-4.0
para-aortic thoracic lymph node	en	anatomie-en	uberon	0		-4.0
paracardial gastric lymph node	en	anatomie-en	uberon	0		-4.0
parakeratinized epithelium of tongue	en	anatomie-en	uberon	0		-4.0
paramedian medullary reticular complex	en	anatomie-en	uberon	0		-4.0
paraventricular nucleus of hypothalamus	en	anatomie-en	uberon	0		-4.0
paraventricular nucleus of thalamus	en	anatomie-en	uberon	0		-4.0
parietal cortex	en	anatomie-en	uberon	0		-4.0
parietal lobe	en	anatomie-en	uberon	0		-4.0
parietal operculum	en	anatomie-en	uberon	0		-4.0
parietal peritoneum	en	anatomie-en	uberon	0		-4.0
parietal pleura	en	anatomie-en	uberon	0		-4.0
parieto-occipital sulcus	en	anatomie-en	uberon	0		-4.0
parietomastoid suture	en	anatomie-en	uberon	0		-4.0
parotid gland	en	anatomie-en	uberon	0		-4.0
parotid vein	en	anatomie-en	uberon	0		-4.0
patellar ligament	en	anatomie-en	uberon	0		-4.0
patellofemoral joint	en	anatomie-en	uberon	0		-4.0
pectinate line	en	anatomie-en	uberon	0		-4.0
pectinate muscle	en	anatomie-en	uberon	0		-4.0
pectineal ligament	en	anatomie-en	uberon	0		-4.0
pectineus muscle	en	anatomie-en	uberon	0		-4.0
pectoral complex	en	anatomie-en	uberon	0		-4.0
pectoral muscle	en	anatomie-en	uberon	0		-4.0
pectoralis major	en	anatomie-en	uberon	0		-4.0
pectoralis minor	en	anatomie-en	uberon	0		-4.0
pedal digit	en	anatomie-en	uberon	0		-4.0
pelvic cavity	en	anatomie-en	uberon	0		-4.0
pelvic complex	en	anatomie-en	uberon	0		-4.0
pelvic ganglion	en	anatomie-en	uberon	0		-4.0
pembrolizumab	en	telnyx-en	telnyx	0		-4.0
penicillar arteriole	en	anatomie-en	uberon	0		-4.0
pennate muscle	en	anatomie-en	uberon	0		-4.0
peptic ulcer	en	telnyx-en	telnyx	0		-4.0
periosteum of long bone	en	anatomie-en	uberon	0		-4.0
periventricular zone of hypothalamus	en	anatomie-en	uberon	0		-4.0
peroneal artery	en	anatomie-en	uberon	0		-4.0
pertuzumab	en	telnyx-en	telnyx	0		-4.0
pes joint	en	anatomie-en	uberon	0		-4.0
petrosal foramen	en	anatomie-en	uberon	0		-4.0
pharyngeal arch	en	anatomie-en	uberon	0		-4.0
pharyngeal cleft	en	anatomie-en	uberon	0		-4.0
pharyngeal gland	en	anatomie-en	uberon	0		-4.0
pharyngeal membrane	en	anatomie-en	uberon	0		-4.0
pharyngeal mucosa	en	anatomie-en	uberon	0		-4.0
pharyngeal pouch	en	anatomie-en	uberon	0		-4.0
pharyngeal raphe	en	anatomie-en	uberon	0		-4.0
pharyngeal tonsil	en	anatomie-en	uberon	0		-4.0
pharyngeal tubercle	en	anatomie-en	uberon	0		-4.0
pharyngobasilar fascia	en	anatomie-en	uberon	0		-4.0
pharyngotympanic tube	en	anatomie-en	uberon	0		-4.0
phrenic artery	en	anatomie-en	uberon	0		-4.0
phrenic nerve	en	anatomie-en	uberon	0		-4.0
pilosebaceous unit	en	anatomie-en	uberon	0		-4.0
pineal body	en	anatomie-en	uberon	0		-4.0
pineal tract	en	anatomie-en	uberon	0		-4.0
piperacillin tazobactam	en	telnyx-en	telnyx	0		-4.0
piriform aperture	en	anatomie-en	uberon	0		-4.0
piriformis muscle	en	anatomie-en	uberon	0		-4.0
pisiform joint	en	anatomie-en	uberon	0		-4.0
pisotriquetral joint	en	anatomie-en	uberon	0		-4.0
pituitary fossa	en	anatomie-en	uberon	0		-4.0
pituitary gland	en	anatomie-en	uberon	0		-4.0
pituitary stalk	en	anatomie-en	uberon	0		-4.0
placodal ectoderm	en	anatomie-en	uberon	0		-4.0
pleural cavity	en	anatomie-en	uberon	0		-4.0
pleural fluid	en	anatomie-en	uberon	0		-4.0
pleural sac	en	anatomie-en	uberon	0		-4.0
pneumatized bone	en	anatomie-en	uberon	0		-4.0
polyethylene glycol	en	telnyx-en	telnyx	0		-4.0
ponatinib	en	telnyx-en	telnyx	0		-4.0
pontine cistern	en	anatomie-en	uberon	0		-4.0
pontine tegmentum	en	anatomie-en	uberon	0		-4.0
popliteal area	en	anatomie-en	uberon	0		-4.0
popliteal artery	en	anatomie-en	uberon	0		-4.0
popliteal vein	en	anatomie-en	uberon	0		-4.0
popliteus muscle	en	anatomie-en	uberon	0		-4.0
porta hepatis	en	telnyx-en	telnyx	0		-4.0
portal lobule	en	anatomie-en	uberon	0		-4.0
portal system	en	anatomie-en	uberon	0		-4.0
portal triad	en	anatomie-en	uberon	0		-4.0
portal vein	en	anatomie-en	uberon	0		-4.0
postcapillary venule	en	anatomie-en	uberon	0		-4.0
postcentral gyrus	en	anatomie-en	uberon	0		-4.0
posterior commissure	en	anatomie-en	uberon	0		-4.0
posterior crico-arytenoid	en	anatomie-en	uberon	0		-4.0
posterior fascicle of palatopharyngeus	en	anatomie-en	uberon	0		-4.0
posterior fontanelle	en	anatomie-en	uberon	0		-4.0
posterior mediastinum	en	anatomie-en	uberon	0		-4.0
postsphenoidal bone	en	anatomie-en	uberon	0		-4.0
postzygapophysis	en	anatomie-en	uberon	0		-4.0
precentral gyrus	en	anatomie-en	uberon	0		-4.0
precentral operculum	en	anatomie-en	uberon	0		-4.0
precentral sulcus	en	anatomie-en	uberon	0		-4.0
prechordal plate	en	anatomie-en	uberon	0		-4.0
precordial region	en	anatomie-en	uberon	0		-4.0
precuneus cortex	en	anatomie-en	uberon	0		-4.0
predorsal bundle	en	anatomie-en	uberon	0		-4.0
prefrontal cortex	en	anatomie-en	uberon	0		-4.0
premolar tooth	en	anatomie-en	uberon	0		-4.0
premotor cortex	en	anatomie-en	uberon	0		-4.0
preoccipital notch	en	anatomie-en	uberon	0		-4.0
preoptic area	en	anatomie-en	uberon	0		-4.0
preputial gland	en	anatomie-en	uberon	0		-4.0
preputial space	en	anatomie-en	uberon	0		-4.0
prepyloric vein	en	anatomie-en	uberon	0		-4.0
prepyriform area	en	anatomie-en	uberon	0		-4.0
presphenoid bone	en	anatomie-en	uberon	0		-4.0
presumptive hindbrain	en	anatomie-en	uberon	0		-4.0
pretectal region	en	anatomie-en	uberon	0		-4.0
prevertebral ganglion	en	anatomie-en	uberon	0		-4.0
prevertebral muscle	en	anatomie-en	uberon	0		-4.0
primary bronchiole	en	anatomie-en	uberon	0		-4.0
primary choana	en	anatomie-en	uberon	0		-4.0
primary dentition	en	anatomie-en	uberon	0		-4.0
primary palate	en	anatomie-en	uberon	0		-4.0
primitive groove	en	anatomie-en	uberon	0		-4.0
primitive knot	en	anatomie-en	uberon	0		-4.0
primitive pit	en	anatomie-en	uberon	0		-4.0
primitive streak	en	anatomie-en	uberon	0		-4.0
principal inferior olivary nucleus	en	anatomie-en	uberon	0		-4.0
principal sulcus	en	anatomie-en	uberon	0		-4.0
pronator teres	en	anatomie-en	uberon	0		-4.0
prosomere	en	anatomie-en	uberon	0		-4.0
prostate duct	en	anatomie-en	uberon	0		-4.0
prostate epithelium	en	anatomie-en	uberon	0		-4.0
prostate gland	en	anatomie-en	uberon	0		-4.0
prostatic capsule	en	anatomie-en	uberon	0		-4.0
prostatic urethra	en	anatomie-en	uberon	0		-4.0
prostatic utricle	en	anatomie-en	uberon	0		-4.0
proximal epiphysis	en	anatomie-en	uberon	0		-4.0
proximal metaphysis	en	anatomie-en	uberon	0		-4.0
proximal ureter	en	anatomie-en	uberon	0		-4.0
PT	en	telnyx-en	telnyx	0		-4.0
pterygoid bone	en	anatomie-en	uberon	0		-4.0
pterygoid plexus	en	anatomie-en	uberon	0		-4.0
pterygomandibular raphe	en	anatomie-en	uberon	0		-4.0
pterygomaxillary fissure	en	anatomie-en	uberon	0		-4.0
pterygopalatine ganglion	en	anatomie-en	uberon	0		-4.0
pterygopalatine nerve	en	anatomie-en	uberon	0		-4.0
pubic symphysis	en	anatomie-en	uberon	0		-4.0
pubic vein	en	anatomie-en	uberon	0		-4.0
pubococcygeus muscle	en	anatomie-en	uberon	0		-4.0
puborectalis muscle	en	anatomie-en	uberon	0		-4.0
pudendal nerve	en	anatomie-en	uberon	0		-4.0
pupillary membrane	en	anatomie-en	uberon	0		-4.0
PVD	en	telnyx-en	telnyx	0		-4.0
pyloric antrum	en	anatomie-en	uberon	0		-4.0
pyloric canal	en	anatomie-en	uberon	0		-4.0
pyloric sphincter	en	anatomie-en	uberon	0		-4.0
pyramidal decussation	en	anatomie-en	uberon	0		-4.0
quadrangular lobule	en	anatomie-en	uberon	0		-4.0
quadratus femoris	en	anatomie-en	uberon	0		-4.0
quadratus lumborum	en	anatomie-en	uberon	0		-4.0
quadriceps femoris	en	anatomie-en	uberon	0		-4.0
quadrigeminal cistern	en	anatomie-en	uberon	0		-4.0
radiation of cerebral hemisphere	en	anatomie-en	uberon	0		-4.0
radiation of corpus callosum	en	anatomie-en	uberon	0		-4.0
raphe nuclei	en	anatomie-en	uberon	0		-4.0
Rathke's pouch	en	anatomie-en	uberon	0		-4.0
rectal lumen	en	anatomie-en	uberon	0		-4.0
rectouterine fold	en	anatomie-en	uberon	0		-4.0
rectovesical pouch	en	anatomie-en	uberon	0		-4.0
rectus femoris	en	anatomie-en	uberon	0		-4.0
recurrent laryngeal	en	telnyx-en	telnyx	0		-4.0
Reichert's cartilage	en	anatomie-en	uberon	0		-4.0
Reichert's membrane	en	anatomie-en	uberon	0		-4.0
renal artery	en	anatomie-en	uberon	0		-4.0
renal column	en	anatomie-en	uberon	0		-4.0
renal corpuscle	en	anatomie-en	uberon	0		-4.0
renal fascia	en	anatomie-en	uberon	0		-4.0
renal glomerulus	en	anatomie-en	uberon	0		-4.0
renal lobe	en	anatomie-en	uberon	0		-4.0
renal lobule	en	anatomie-en	uberon	0		-4.0
renal medulla	en	anatomie-en	uberon	0		-4.0
renal papilla	en	anatomie-en	uberon	0		-4.0
renal parenchyma	en	anatomie-en	uberon	0		-4.0
renal pelvis	en	anatomie-en	uberon	0		-4.0
renal sinus	en	anatomie-en	uberon	0		-4.0
renal system	en	anatomie-en	uberon	0		-4.0
renal vein	en	anatomie-en	uberon	0		-4.0
renin-angiotensin system	en	anatomie-en	uberon	0		-4.0
reperfusion	en	telnyx-en	telnyx	0		-4.0
reproductive system	en	anatomie-en	uberon	0		-4.0
reslizumab	en	telnyx-en	telnyx	0		-4.0
respiratory bronchiole	en	anatomie-en	uberon	0		-4.0
respiratory failure	en	telnyx-en	telnyx	0		-4.0
respiratory system	en	anatomie-en	uberon	0		-4.0
respiratory tract	en	anatomie-en	uberon	0		-4.0
respiratory tube	en	anatomie-en	uberon	0		-4.0
rete mirabile	en	anatomie-en	uberon	0		-4.0
rete testis	en	anatomie-en	uberon	0		-4.0
reticular formation	en	anatomie-en	uberon	0		-4.0
reticular tissue	en	anatomie-en	uberon	0		-4.0
reticuloendothelial system	en	anatomie-en	uberon	0		-4.0
reticulospinal tract	en	anatomie-en	uberon	0		-4.0
rhinal sulcus	en	anatomie-en	uberon	0		-4.0
rhombomere 1	en	anatomie-en	uberon	0		-4.0
rhombomere 2	en	anatomie-en	uberon	0		-4.0
rhombomere 3	en	anatomie-en	uberon	0		-4.0
rhombomere 4	en	anatomie-en	uberon	0		-4.0
rhombomere 5	en	anatomie-en	uberon	0		-4.0
rhombomere 6	en	anatomie-en	uberon	0		-4.0
rhombomere 7	en	anatomie-en	uberon	0		-4.0
rib 1	en	anatomie-en	uberon	0		-4.0
rib 10	en	anatomie-en	uberon	0		-4.0
rib 11	en	anatomie-en	uberon	0		-4.0
rib 12	en	anatomie-en	uberon	0		-4.0
rib 2	en	anatomie-en	uberon	0		-4.0
rib 3	en	anatomie-en	uberon	0		-4.0
rib 4	en	anatomie-en	uberon	0		-4.0
rib 5	en	anatomie-en	uberon	0		-4.0
rib 6	en	anatomie-en	uberon	0		-4.0
rib 7	en	anatomie-en	uberon	0		-4.0
rib 8	en	anatomie-en	uberon	0		-4.0
rib 9	en	anatomie-en	uberon	0		-4.0
right clavicle	en	anatomie-en	uberon	0		-4.0
right ear	en	anatomie-en	uberon	0		-4.0
right eye	en	anatomie-en	uberon	0		-4.0
right forelimb	en	anatomie-en	uberon	0		-4.0
right hindlimb	en	anatomie-en	uberon	0		-4.0
right kidney	en	anatomie-en	uberon	0		-4.0
right lung	en	anatomie-en	uberon	0		-4.0
right nipple	en	anatomie-en	uberon	0		-4.0
right ovary	en	anatomie-en	uberon	0		-4.0
right pupil	en	anatomie-en	uberon	0		-4.0
right putamen	en	anatomie-en	uberon	0		-4.0
right testis	en	anatomie-en	uberon	0		-4.0
right ureter	en	anatomie-en	uberon	0		-4.0
rima vulvae	en	anatomie-en	uberon	0		-4.0
rimegepant	en	telnyx-en	telnyx	0		-4.0
risankizumab	en	telnyx-en	telnyx	0		-4.0
risorius muscle	en	anatomie-en	uberon	0		-4.0
roflumilast	en	telnyx-en	telnyx	0		-4.0
rostral sulcus	en	anatomie-en	uberon	0		-4.0
rotator cuff	en	anatomie-en	uberon	0		-4.0
RR	en	telnyx-en	telnyx	0		-4.0
rubrospinal tract	en	anatomie-en	uberon	0		-4.0
saccule duct	en	anatomie-en	uberon	0		-4.0
sacral foramen	en	anatomie-en	uberon	0		-4.0
sacral ganglion	en	anatomie-en	uberon	0		-4.0
sacral nerve	en	anatomie-en	uberon	0		-4.0
sacral region	en	anatomie-en	uberon	0		-4.0
sacral vertebra	en	anatomie-en	uberon	0		-4.0
sacro-iliac joint	en	anatomie-en	uberon	0		-4.0
sacrococcygeal symphysis	en	anatomie-en	uberon	0		-4.0
saddle joint	en	anatomie-en	uberon	0		-4.0
sagittal stratum	en	anatomie-en	uberon	0		-4.0
sagittal suture	en	anatomie-en	uberon	0		-4.0
saliva-secreting gland	en	anatomie-en	uberon	0		-4.0
salpingopharyngeus muscle	en	anatomie-en	uberon	0		-4.0
saphenous artery	en	anatomie-en	uberon	0		-4.0
saphenous nerve	en	anatomie-en	uberon	0		-4.0
sarilumab	en	telnyx-en	telnyx	0		-4.0
sartorius muscle	en	anatomie-en	uberon	0		-4.0
scala media	en	anatomie-en	uberon	0		-4.0
scala tympani	en	anatomie-en	uberon	0		-4.0
scala vestibuli	en	anatomie-en	uberon	0		-4.0
scalene muscle	en	anatomie-en	uberon	0		-4.0
scalenus anterior	en	anatomie-en	uberon	0		-4.0
scalenus medius	en	anatomie-en	uberon	0		-4.0
scalenus posterior	en	anatomie-en	uberon	0		-4.0
scapula spine	en	anatomie-en	uberon	0		-4.0
SCI	en	telnyx-en	telnyx	0		-4.0
sciatic nerve	en	anatomie-en	uberon	0		-4.0
scrotal sweat	en	anatomie-en	uberon	0		-4.0
scrotum skin	en	anatomie-en	uberon	0		-4.0
sebaceous gland	en	anatomie-en	uberon	0		-4.0
secondary dentition	en	anatomie-en	uberon	0		-4.0
secondary palate	en	anatomie-en	uberon	0		-4.0
secondary tooth	en	anatomie-en	uberon	0		-4.0
secukinumab	en	telnyx-en	telnyx	0		-4.0
segmental bronchus	en	anatomie-en	uberon	0		-4.0
semaglutide	en	telnyx-en	telnyx	0		-4.0
semicircular canal	en	anatomie-en	uberon	0		-4.0
semicircular duct	en	anatomie-en	uberon	0		-4.0
semimembranosus muscle	en	anatomie-en	uberon	0		-4.0
seminal fluid	en	anatomie-en	uberon	0		-4.0
seminal vesicle	en	anatomie-en	uberon	0		-4.0
semispinalis cervicis	en	anatomie-en	uberon	0		-4.0
semispinalis muscle	en	anatomie-en	uberon	0		-4.0
semispinalis thoracis	en	anatomie-en	uberon	0		-4.0
sensory epithelium	en	anatomie-en	uberon	0		-4.0
sensory ganglion	en	anatomie-en	uberon	0		-4.0
sensory nerve	en	anatomie-en	uberon	0		-4.0
sensory receptor	en	anatomie-en	uberon	0		-4.0
sensory system	en	anatomie-en	uberon	0		-4.0
septum pellucidum	en	anatomie-en	uberon	0		-4.0
septum transversum	en	anatomie-en	uberon	0		-4.0
serous acinus	en	anatomie-en	uberon	0		-4.0
serous cavity	en	anatomie-en	uberon	0		-4.0
serous gland	en	anatomie-en	uberon	0		-4.0
serous membrane	en	anatomie-en	uberon	0		-4.0
serous pericardium	en	anatomie-en	uberon	0		-4.0
serous sac	en	anatomie-en	uberon	0		-4.0
serratus ventralis	en	anatomie-en	uberon	0		-4.0
sesamoid bone	en	anatomie-en	uberon	0		-4.0
sesamoid cartilage	en	anatomie-en	uberon	0		-4.0
short bone	en	anatomie-en	uberon	0		-4.0
short nephron	en	anatomie-en	uberon	0		-4.0
SHx	en	telnyx-en	telnyx	0		-4.0
SICU	en	telnyx-en	telnyx	0		-4.0
sigmoid artery	en	anatomie-en	uberon	0		-4.0
sigmoid colon	en	anatomie-en	uberon	0		-4.0
sigmoid sinus	en	anatomie-en	uberon	0		-4.0
sigmoid vein	en	anatomie-en	uberon	0		-4.0
sinoatrial node	en	anatomie-en	uberon	0		-4.0
sinoatrial valve	en	anatomie-en	uberon	0		-4.0
sinus venosus	en	anatomie-en	uberon	0		-4.0
sinusoidal space	en	anatomie-en	uberon	0		-4.0
sinusoids	en	telnyx-en	telnyx	0		-4.0
siponimod	en	telnyx-en	telnyx	0		-4.0
skeletal joint	en	anatomie-en	uberon	0		-4.0
skeletal ligament	en	anatomie-en	uberon	0		-4.0
skeletal system	en	anatomie-en	uberon	0		-4.0
skin epidermis	en	anatomie-en	uberon	0		-4.0
skin gland	en	anatomie-en	uberon	0		-4.0
SL	en	telnyx-en	telnyx	0		-4.0
small intestine	en	anatomie-en	uberon	0		-4.0
soft palate	en	anatomie-en	uberon	0		-4.0
soleus muscle	en	anatomie-en	uberon	0		-4.0
solitary tract	en	anatomie-en	uberon	0		-4.0
somatosensory cortex	en	anatomie-en	uberon	0		-4.0
spermatic cord	en	anatomie-en	uberon	0		-4.0
spheno-occipital synchondrosis	en	anatomie-en	uberon	0		-4.0
spheno-petrosal fissure	en	anatomie-en	uberon	0		-4.0
sphenofrontal suture	en	anatomie-en	uberon	0		-4.0
sphenoid bone	en	anatomie-en	uberon	0		-4.0
sphenoidal fontanelle	en	anatomie-en	uberon	0		-4.0
sphenoidal sinus	en	anatomie-en	uberon	0		-4.0
sphenomaxillary suture	en	anatomie-en	uberon	0		-4.0
sphenoparietal sinus	en	anatomie-en	uberon	0		-4.0
sphenoparietal suture	en	anatomie-en	uberon	0		-4.0
sphenozygomatic suture	en	anatomie-en	uberon	0		-4.0
sphincter muscle	en	anatomie-en	uberon	0		-4.0
sphincter pupillae	en	anatomie-en	uberon	0		-4.0
spinal cord	en	anatomie-en	uberon	0		-4.0
spinal cord reticular nucleus	en	anatomie-en	uberon	0		-4.0
spinal nerve	en	anatomie-en	uberon	0		-4.0
spinal vein	en	anatomie-en	uberon	0		-4.0
spinalis muscle	en	anatomie-en	uberon	0		-4.0
spino-olivary tract	en	anatomie-en	uberon	0		-4.0
spiral ligament	en	anatomie-en	uberon	0		-4.0
spiral sulcus	en	anatomie-en	uberon	0		-4.0
splanchnic nerve	en	anatomie-en	uberon	0		-4.0
spleen capsule	en	anatomie-en	uberon	0		-4.0
spleen pulp	en	anatomie-en	uberon	0		-4.0
splenic flexure of colon	en	anatomie-en	uberon	0		-4.0
SpO2	en	telnyx-en	telnyx	0		-4.0
squamoparietal suture	en	anatomie-en	uberon	0		-4.0
stapedial artery	en	anatomie-en	uberon	0		-4.0
stapedius muscle	en	anatomie-en	uberon	0		-4.0
stapes base	en	anatomie-en	uberon	0		-4.0
stapes bone	en	anatomie-en	uberon	0		-4.0
statoacoustic epithelium	en	anatomie-en	uberon	0		-4.0
statoconial membrane	en	anatomie-en	uberon	0		-4.0
sternoclavicular joint	en	anatomie-en	uberon	0		-4.0
sternocostal joint	en	anatomie-en	uberon	0		-4.0
sternohyoid muscle	en	anatomie-en	uberon	0		-4.0
sternothyroid muscle	en	anatomie-en	uberon	0		-4.0
stomach lumen	en	anatomie-en	uberon	0		-4.0
strand of axillary hair	en	anatomie-en	uberon	0		-4.0
strand of pubic hair	en	anatomie-en	uberon	0		-4.0
stratum corneum	en	telnyx-en	telnyx	0		-4.0
stria medullaris	en	anatomie-en	uberon	0		-4.0
stylohyoid ligament	en	anatomie-en	uberon	0		-4.0
stylohyoid muscle	en	anatomie-en	uberon	0		-4.0
stylopharyngeus muscle	en	anatomie-en	uberon	0		-4.0
stylopod	en	anatomie-en	uberon	0		-4.0
subarachnoid space of brain	en	anatomie-en	uberon	0		-4.0
subdivision of diagonal band	en	anatomie-en	uberon	0		-4.0
subdivision of digestive tract	en	anatomie-en	uberon	0		-4.0
subdivision of skeletal system	en	anatomie-en	uberon	0		-4.0
subdivision of vertebral column	en	anatomie-en	uberon	0		-4.0
subepicardial layer of epicardium	en	anatomie-en	uberon	0		-4.0
submedial nucleus of thalamus	en	anatomie-en	uberon	0		-4.0
submucosa of anal canal	en	anatomie-en	uberon	0		-4.0
submucosa of ascending colon	en	anatomie-en	uberon	0		-4.0
submucosa of biliary tree	en	anatomie-en	uberon	0		-4.0
submucosa of cystic duct	en	anatomie-en	uberon	0		-4.0
submucosa of descending colon	en	anatomie-en	uberon	0		-4.0
submucosa of large intestine	en	anatomie-en	uberon	0		-4.0
submucosa of lobar bronchus	en	anatomie-en	uberon	0		-4.0
submucosa of main bronchus	en	anatomie-en	uberon	0		-4.0
submucosa of pyloric antrum	en	anatomie-en	uberon	0		-4.0
submucosa of segmental bronchus	en	anatomie-en	uberon	0		-4.0
submucosa of sigmoid colon	en	anatomie-en	uberon	0		-4.0
submucosa of small intestine	en	anatomie-en	uberon	0		-4.0
submucosa of transverse colon	en	anatomie-en	uberon	0		-4.0
submucosa of urinary bladder	en	anatomie-en	uberon	0		-4.0
subscapular axillary lymph node	en	anatomie-en	uberon	0		-4.0
substantia nigra pars compacta	en	anatomie-en	uberon	0		-4.0
substantia nigra pars lateralis	en	anatomie-en	uberon	0		-4.0
substantia nigra pars reticulata	en	anatomie-en	uberon	0		-4.0
substantia propria of cornea	en	anatomie-en	uberon	0		-4.0
substantia propria of sclera	en	anatomie-en	uberon	0		-4.0
sulcus ampullaris	en	anatomie-en	uberon	0		-4.0
sulfamethoxazole trimethoprim	en	telnyx-en	telnyx	0		-4.0
superficial fascia	en	anatomie-en	uberon	0		-4.0
superficial vein	en	anatomie-en	uberon	0		-4.0
superior colliculus	en	anatomie-en	uberon	0		-4.0
superior mediastinum	en	anatomie-en	uberon	0		-4.0
supinator muscle	en	anatomie-en	uberon	0		-4.0
suprachiasmatic nucleus dorsomedial part	en	anatomie-en	uberon	0		-4.0
suprachiasmatic nucleus ventrolateral part	en	anatomie-en	uberon	0		-4.0
suprageniculate nucleus of thalamus	en	anatomie-en	uberon	0		-4.0
supraglottic part of larynx	en	anatomie-en	uberon	0		-4.0
supravaginal part of cervix	en	anatomie-en	uberon	0		-4.0
sural artery	en	anatomie-en	uberon	0		-4.0
sural nerve	en	anatomie-en	uberon	0		-4.0
sutural bone	en	anatomie-en	uberon	0		-4.0
sweat gland	en	anatomie-en	uberon	0		-4.0
Sx	en	telnyx-en	telnyx	0		-4.0
sylvian point	en	anatomie-en	uberon	0		-4.0
sympathetic ganglion	en	anatomie-en	uberon	0		-4.0
sympathetic trunk	en	anatomie-en	uberon	0		-4.0
synovial bursa	en	anatomie-en	uberon	0		-4.0
synovial fluid	en	anatomie-en	uberon	0		-4.0
synovial joint	en	anatomie-en	uberon	0		-4.0
systemic artery	en	anatomie-en	uberon	0		-4.0
systemic vein	en	anatomie-en	uberon	0		-4.0
tactile mechanoreceptor	en	anatomie-en	uberon	0		-4.0
taenia coli	en	anatomie-en	uberon	0		-4.0
tail of caudate nucleus	en	anatomie-en	uberon	0		-4.0
talocalcaneonavicular joint	en	anatomie-en	uberon	0		-4.0
talofibular ligament	en	anatomie-en	uberon	0		-4.0
tarsal bone	en	anatomie-en	uberon	0		-4.0
tarsal gland	en	anatomie-en	uberon	0		-4.0
tarsal region	en	anatomie-en	uberon	0		-4.0
tarsal skeleton	en	anatomie-en	uberon	0		-4.0
tarsometatarsal joint	en	anatomie-en	uberon	0		-4.0
taste bud	en	anatomie-en	uberon	0		-4.0
TAVR	en	telnyx-en	telnyx	0		-4.0
TCA	en	telnyx-en	telnyx	0		-4.0
tectal plate	en	anatomie-en	uberon	0		-4.0
tectobulbar tract	en	anatomie-en	uberon	0		-4.0
tectopontine tract	en	anatomie-en	uberon	0		-4.0
tectospinal tract	en	anatomie-en	uberon	0		-4.0
tegmen tympani	en	anatomie-en	uberon	0		-4.0
tela choroidea	en	anatomie-en	uberon	0		-4.0
telencephalic ventricle	en	anatomie-en	uberon	0		-4.0
telodiencephalic fissure	en	anatomie-en	uberon	0		-4.0
temporal artery	en	anatomie-en	uberon	0		-4.0
temporal bone	en	anatomie-en	uberon	0		-4.0
temporal cortex	en	anatomie-en	uberon	0		-4.0
temporal fossa	en	anatomie-en	uberon	0		-4.0
temporal lobe	en	anatomie-en	uberon	0		-4.0
temporal operculum	en	anatomie-en	uberon	0		-4.0
temporal pole	en	anatomie-en	uberon	0		-4.0
temporal vein	en	anatomie-en	uberon	0		-4.0
temporalis fascia	en	anatomie-en	uberon	0		-4.0
temporalis muscle	en	anatomie-en	uberon	0		-4.0
temporomandibular joint	en	anatomie-en	uberon	0		-4.0
tendon sheath	en	anatomie-en	uberon	0		-4.0
tensor tympani	en	anatomie-en	uberon	0		-4.0
tentorial sinus	en	anatomie-en	uberon	0		-4.0
tentorium cerebelli	en	anatomie-en	uberon	0		-4.0
teriflunomide	en	telnyx-en	telnyx	0		-4.0
terminal bronchiole	en	anatomie-en	uberon	0		-4.0
terminal bronchus	en	anatomie-en	uberon	0		-4.0
testicular artery	en	anatomie-en	uberon	0		-4.0
testicular vein	en	anatomie-en	uberon	0		-4.0
thalamic complex	en	anatomie-en	uberon	0		-4.0
thalamic eminence	en	anatomie-en	uberon	0		-4.0
theca externa	en	anatomie-en	uberon	0		-4.0
theca interna	en	anatomie-en	uberon	0		-4.0
thenar eminence	en	anatomie-en	uberon	0		-4.0
thenar muscle	en	anatomie-en	uberon	0		-4.0
third trochanter	en	anatomie-en	uberon	0		-4.0
third ventricle	en	anatomie-en	uberon	0		-4.0
thoracic aorta	en	anatomie-en	uberon	0		-4.0
thoracic cavity	en	anatomie-en	uberon	0		-4.0
thoracic duct	en	anatomie-en	uberon	0		-4.0
thoracic ganglion	en	anatomie-en	uberon	0		-4.0
thoracic nerve	en	anatomie-en	uberon	0		-4.0
thoracic skeleton	en	anatomie-en	uberon	0		-4.0
thoracic vertebra	en	anatomie-en	uberon	0		-4.0
thoracic wall	en	anatomie-en	uberon	0		-4.0
thoraco-acromial artery	en	anatomie-en	uberon	0		-4.0
thoracodorsal artery	en	anatomie-en	uberon	0		-4.0
thoracodorsal vein	en	anatomie-en	uberon	0		-4.0
thymic artery	en	anatomie-en	uberon	0		-4.0
thymic vein	en	anatomie-en	uberon	0		-4.0
thymus lobe	en	anatomie-en	uberon	0		-4.0
thymus lobule	en	anatomie-en	uberon	0		-4.0
tibial nerve	en	anatomie-en	uberon	0		-4.0
tibiofibular joint	en	anatomie-en	uberon	0		-4.0
tibiotalar joint	en	anatomie-en	uberon	0		-4.0
ticagrelor	en	telnyx-en	telnyx	0		-4.0
tildrakizumab	en	telnyx-en	telnyx	0		-4.0
tirzepatide	en	telnyx-en	telnyx	0		-4.0
tongue muscle	en	anatomie-en	uberon	0		-4.0
tonsil capsule	en	anatomie-en	uberon	0		-4.0
tonsil crypt	en	anatomie-en	uberon	0		-4.0
tonsillar fossa	en	anatomie-en	uberon	0		-4.0
tonsillar ring	en	anatomie-en	uberon	0		-4.0
tooth apex	en	anatomie-en	uberon	0		-4.0
tooth bud	en	anatomie-en	uberon	0		-4.0
tooth cavity	en	anatomie-en	uberon	0		-4.0
tooth crown	en	anatomie-en	uberon	0		-4.0
tooth root	en	anatomie-en	uberon	0		-4.0
tooth row	en	anatomie-en	uberon	0		-4.0
tooth socket	en	anatomie-en	uberon	0		-4.0
trabecula carnea	en	anatomie-en	uberon	0		-4.0
trachea cartilage	en	anatomie-en	uberon	0		-4.0
trachea gland	en	anatomie-en	uberon	0		-4.0
tracheal mucosa	en	anatomie-en	uberon	0		-4.0
tracheobronchial tree	en	anatomie-en	uberon	0		-4.0
tragicus muscle	en	anatomie-en	uberon	0		-4.0
transverse fold of rectum	en	anatomie-en	uberon	0		-4.0
transverse folds of rectum	en	anatomie-en	uberon	0		-4.0
transverse foramen of atlas	en	anatomie-en	uberon	0		-4.0
transverse foramen of axis	en	anatomie-en	uberon	0		-4.0
transverse frontopolar gyri complex	en	anatomie-en	uberon	0		-4.0
transverse gyrus of Heschl	en	anatomie-en	uberon	0		-4.0
transverse muscle of auricle	en	anatomie-en	uberon	0		-4.0
transverse muscle of tongue	en	anatomie-en	uberon	0		-4.0
transverse process of atlas	en	anatomie-en	uberon	0		-4.0
transverse process of vertebra	en	anatomie-en	uberon	0		-4.0
transverse ridge of tooth	en	anatomie-en	uberon	0		-4.0
trapezius muscle	en	anatomie-en	uberon	0		-4.0
trapezoid body	en	anatomie-en	uberon	0		-4.0
triceps brachii	en	anatomie-en	uberon	0		-4.0
triceps surae	en	anatomie-en	uberon	0		-4.0
tricuspid valve	en	anatomie-en	uberon	0		-4.0
trigeminal ganglion	en	anatomie-en	uberon	0		-4.0
trigeminal nerve	en	anatomie-en	uberon	0		-4.0
trigeminothalamic tract	en	anatomie-en	uberon	0		-4.0
trochlear nerve	en	anatomie-en	uberon	0		-4.0
trochlear notch	en	anatomie-en	uberon	0		-4.0
true rib	en	anatomie-en	uberon	0		-4.0
truncus arteriosus	en	anatomie-en	uberon	0		-4.0
trunk vertebra	en	anatomie-en	uberon	0		-4.0
tubal tonsil	en	anatomie-en	uberon	0		-4.0
tuber cinereum	en	anatomie-en	uberon	0		-4.0
tuberculum sellae	en	anatomie-en	uberon	0		-4.0
tunica albuginea	en	anatomie-en	uberon	0		-4.0
tunica intima	en	anatomie-en	uberon	0		-4.0
tunica media	en	anatomie-en	uberon	0		-4.0
Tx	en	telnyx-en	telnyx	0		-4.0
tympanic canal	en	anatomie-en	uberon	0		-4.0
tympanic cavity	en	anatomie-en	uberon	0		-4.0
tympanic membrane	en	anatomie-en	uberon	0		-4.0
tympanic nerve	en	anatomie-en	uberon	0		-4.0
tympanic plate	en	anatomie-en	uberon	0		-4.0
ubrogepant	en	telnyx-en	telnyx	0		-4.0
ulnar artery	en	anatomie-en	uberon	0		-4.0
ulnar metaphysis	en	anatomie-en	uberon	0		-4.0
ulnar nerve	en	anatomie-en	uberon	0		-4.0
umbilical artery	en	anatomie-en	uberon	0		-4.0
umbilical cord	en	anatomie-en	uberon	0		-4.0
umbilical ring	en	anatomie-en	uberon	0		-4.0
umbilical vein	en	anatomie-en	uberon	0		-4.0
umeclidinium	en	telnyx-en	telnyx	0		-4.0
uncinate fasciculus	en	anatomie-en	uberon	0		-4.0
unilaminar epithelium	en	anatomie-en	uberon	0		-4.0
upper eyelash	en	anatomie-en	uberon	0		-4.0
upper eyelid	en	anatomie-en	uberon	0		-4.0
upper lip	en	anatomie-en	uberon	0		-4.0
upper vermilion	en	anatomie-en	uberon	0		-4.0
urethra smooth muscle layer	en	anatomie-en	uberon	0		-4.0
urinary bladder	en	anatomie-en	uberon	0		-4.0
uriniferous tubule	en	anatomie-en	uberon	0		-4.0
urogenital diaphragm	en	anatomie-en	uberon	0		-4.0
urogenital fold	en	anatomie-en	uberon	0		-4.0
uterine artery	en	anatomie-en	uberon	0		-4.0
uterine cervix	en	anatomie-en	uberon	0		-4.0
uterine horn	en	anatomie-en	uberon	0		-4.0
uterine lumen	en	anatomie-en	uberon	0		-4.0
uterine wall	en	anatomie-en	uberon	0		-4.0
uterovesical pouch	en	anatomie-en	uberon	0		-4.0
utricle duct	en	anatomie-en	uberon	0		-4.0
utriculosaccular duct	en	anatomie-en	uberon	0		-4.0
uveal vein	en	anatomie-en	uberon	0		-4.0
uvular muscle	en	anatomie-en	uberon	0		-4.0
vagina orifice	en	anatomie-en	uberon	0		-4.0
vaginal hymen	en	anatomie-en	uberon	0		-4.0
vaginal vein	en	anatomie-en	uberon	0		-4.0
vagus nerve	en	anatomie-en	uberon	0		-4.0
vallate papilla	en	anatomie-en	uberon	0		-4.0
valproic acid	en	telnyx-en	telnyx	0		-4.0
vasa recta	en	anatomie-en	uberon	0		-4.0
vasa vasorum	en	anatomie-en	uberon	0		-4.0
vascular plexus	en	anatomie-en	uberon	0		-4.0
vastus intermedius	en	anatomie-en	uberon	0		-4.0
vastus lateralis	en	anatomie-en	uberon	0		-4.0
vastus medialis	en	anatomie-en	uberon	0		-4.0
VBG	en	telnyx-en	telnyx	0		-4.0
venetoclax	en	telnyx-en	telnyx	0		-4.0
venous blood	en	anatomie-en	uberon	0		-4.0
venous plexus	en	anatomie-en	uberon	0		-4.0
venous valve	en	anatomie-en	uberon	0		-4.0
ventral lateral geniculate nucleus	en	anatomie-en	uberon	0		-4.0
ventral pallidum	en	anatomie-en	uberon	0		-4.0
ventral root	en	telnyx-en	telnyx	0		-4.0
ventral striatum	en	anatomie-en	uberon	0		-4.0
ventral thalamus	en	anatomie-en	uberon	0		-4.0
ventral trunk	en	anatomie-en	uberon	0		-4.0
ventricular fibrillation	en	telnyx-en	telnyx	0		-4.0
vermiform appendix	en	anatomie-en	uberon	0		-4.0
vertebra lamina	en	anatomie-en	uberon	0		-4.0
vertebral artery	en	anatomie-en	uberon	0		-4.0
vertebral canal	en	anatomie-en	uberon	0		-4.0
vertebral column	en	anatomie-en	uberon	0		-4.0
vertebral endplate	en	anatomie-en	uberon	0		-4.0
vertebral foramen	en	anatomie-en	uberon	0		-4.0
vertebral ganglion	en	anatomie-en	uberon	0		-4.0
vertebral vein	en	anatomie-en	uberon	0		-4.0
vesicular appendage of epoophoron	en	anatomie-en	uberon	0		-4.0
vestibular aqueduct	en	anatomie-en	uberon	0		-4.0
vestibular canal	en	anatomie-en	uberon	0		-4.0
vestibular epithelium	en	anatomie-en	uberon	0		-4.0
vestibular ganglion	en	anatomie-en	uberon	0		-4.0
vestibular gland	en	anatomie-en	uberon	0		-4.0
vestibular labyrinth	en	anatomie-en	uberon	0		-4.0
vestibular ligament	en	anatomie-en	uberon	0		-4.0
vestibular nerve	en	anatomie-en	uberon	0		-4.0
vestibular system	en	anatomie-en	uberon	0		-4.0
vestibulo-auditory system	en	anatomie-en	uberon	0		-4.0
vestibulocerebellar tract	en	anatomie-en	uberon	0		-4.0
vestibulocochlear nerve	en	anatomie-en	uberon	0		-4.0
vestibulospinal tract	en	anatomie-en	uberon	0		-4.0
vidian canal	en	anatomie-en	uberon	0		-4.0
vidian nerve	en	anatomie-en	uberon	0		-4.0
visceral fascia	en	anatomie-en	uberon	0		-4.0
visceral peritoneum	en	anatomie-en	uberon	0		-4.0
visceral pleura	en	anatomie-en	uberon	0		-4.0
viscerocranial mucosa	en	anatomie-en	uberon	0		-4.0
visual cortex	en	anatomie-en	uberon	0		-4.0
visual system	en	anatomie-en	uberon	0		-4.0
vitelline vein	en	anatomie-en	uberon	0		-4.0
vitreous body	en	anatomie-en	uberon	0		-4.0
vitreous humor	en	anatomie-en	uberon	0		-4.0
vocalis muscle	en	anatomie-en	uberon	0		-4.0
vomeronasal cartilage	en	anatomie-en	uberon	0		-4.0
vomeronasal organ	en	anatomie-en	uberon	0		-4.0
vortioxetine	en	telnyx-en	telnyx	0		-4.0
wheezing	en	telnyx-en	telnyx	0		-4.0
white matter	en	anatomie-en	uberon	0		-4.0
wrist joint	en	anatomie-en	uberon	0		-4.0
xiphisternal joint	en	anatomie-en	uberon	0		-4.0
xiphoid cartilage	en	anatomie-en	uberon	0		-4.0
xiphoid process	en	anatomie-en	uberon	0		-4.0
yolk sac	en	anatomie-en	uberon	0		-4.0
zeugopod	en	anatomie-en	uberon	0		-4.0
zoledronic acid	en	telnyx-en	telnyx	0		-4.0
zona incerta	en	anatomie-en	uberon	0		-4.0
zona pellucida	en	anatomie-en	uberon	0		-4.0
zygomatic arch	en	anatomie-en	uberon	0		-4.0
zygomatico-orbital artery	en	anatomie-en	uberon	0		-4.0
zygomaticomaxillary suture	en	anatomie-en	uberon	0		-4.0
zygomaticotemporal nerve	en	anatomie-en	uberon	0		-4.0
2nd arch mesenchyme	en	anatomie-en	uberon	0		-4.5
3rd arch mesenchyme	en	anatomie-en	uberon	0		-4.5
4th arch mesenchyme	en	anatomie-en	uberon	0		-4.5
6th arch mesenchyme	en	anatomie-en	uberon	0		-4.5
abdominal lymph node	en	anatomie-en	uberon	0		-4.5
abdominal nerve plexus	en	anatomie-en	uberon	0		-4.5
abdominal segment skin	en	anatomie-en	uberon	0		-4.5
abductor hallucis muscle	en	anatomie-en	uberon	0		-4.5
accessory hemiazygos vein	en	anatomie-en	uberon	0		-4.5
accessory lacrimal gland	en	anatomie-en	uberon	0		-4.5
accessory nasal cartilage	en	anatomie-en	uberon	0		-4.5
accessory nerve root	en	anatomie-en	uberon	0		-4.5
accessory saphenous vein	en	anatomie-en	uberon	0		-4.5
accessory vertebral vein	en	anatomie-en	uberon	0		-4.5
accessory XI nerve	en	anatomie-en	uberon	0		-4.5
acellular anatomical structure	en	anatomie-en	uberon	0		-4.5
actinopterygian parietal bone	en	anatomie-en	uberon	0		-4.5
adductor hallucis muscle	en	anatomie-en	uberon	0		-4.5
adductor pollicis muscle	en	anatomie-en	uberon	0		-4.5
adnexa of uterus	en	anatomie-en	uberon	0		-4.5
adrenal gland capsule	en	anatomie-en	uberon	0		-4.5
adult mammalian kidney	en	anatomie-en	uberon	0		-4.5
adventitia of epididymis	en	anatomie-en	uberon	0		-4.5
adventitia of esophagus	en	anatomie-en	uberon	0		-4.5
adventitia of ureter	en	anatomie-en	uberon	0		-4.5
alar central lobule	en	anatomie-en	uberon	0		-4.5
alveolus of lung	en	anatomie-en	uberon	0		-4.5
amygdalopiriform transition area	en	anatomie-en	uberon	0		-4.5
anal canal epithelium	en	anatomie-en	uberon	0		-4.5
anatomical conduit space	en	anatomie-en	uberon	0		-4.5
angle of scapula	en	anatomie-en	uberon	0		-4.5
anorectal lymph node	en	anatomie-en	uberon	0		-4.5
antebrachial lymph node	en	anatomie-en	uberon	0		-4.5
anterior abdominal wall	en	anatomie-en	uberon	0		-4.5
anterior amygdaloid area	en	anatomie-en	uberon	0		-4.5
anterior auricular muscle	en	anatomie-en	uberon	0		-4.5
anterior auricular vein	en	anatomie-en	uberon	0		-4.5
anterior calcarine sulcus	en	anatomie-en	uberon	0		-4.5
anterior cardinal vein	en	anatomie-en	uberon	0		-4.5
anterior cerebral artery	en	anatomie-en	uberon	0		-4.5
anterior cerebral vein	en	anatomie-en	uberon	0		-4.5
anterior choroidal artery	en	anatomie-en	uberon	0		-4.5
anterior cingulate cortex	en	anatomie-en	uberon	0		-4.5
anterior cingulate gyrus	en	anatomie-en	uberon	0		-4.5
anterior communicating artery	en	anatomie-en	uberon	0		-4.5
anterior cranial fossa	en	anatomie-en	uberon	0		-4.5
anterior digastric muscle	en	anatomie-en	uberon	0		-4.5
anterior ethmoidal artery	en	anatomie-en	uberon	0		-4.5
anterior ethmoidal foramen	en	anatomie-en	uberon	0		-4.5
anterior hypothalamic commissure	en	anatomie-en	uberon	0		-4.5
anterior hypothalamic region	en	anatomie-en	uberon	0		-4.5
anterior intercostal artery	en	anatomie-en	uberon	0		-4.5
anterior intercostal vein	en	anatomie-en	uberon	0		-4.5
anterior internodal tract	en	anatomie-en	uberon	0		-4.5
anterior interventricular sulcus	en	anatomie-en	uberon	0		-4.5
anterior jugular vein	en	anatomie-en	uberon	0		-4.5
anterior lingual gland	en	anatomie-en	uberon	0		-4.5
anterior longitudinal ligament	en	anatomie-en	uberon	0		-4.5
anterior median eminence	en	anatomie-en	uberon	0		-4.5
anterior meningeal artery	en	anatomie-en	uberon	0		-4.5
anterior nuclear group	en	anatomie-en	uberon	0		-4.5
anterior occipital sulcus	en	anatomie-en	uberon	0		-4.5
anterior orbital gyrus	en	anatomie-en	uberon	0		-4.5
anterior paracentral gyrus	en	anatomie-en	uberon	0		-4.5
anterior parahippocampal gyrus	en	anatomie-en	uberon	0		-4.5
anterior parietal artery	en	anatomie-en	uberon	0		-4.5
anterior parieto-occipital sulcus	en	anatomie-en	uberon	0		-4.5
anterior parolfactory sulcus	en	anatomie-en	uberon	0		-4.5
anterior perforated substance	en	anatomie-en	uberon	0		-4.5
anterior quadrangular lobule	en	anatomie-en	uberon	0		-4.5
anterior semicircular canal	en	anatomie-en	uberon	0		-4.5
anterior semicircular duct	en	anatomie-en	uberon	0		-4.5
anterior spinal artery	en	anatomie-en	uberon	0		-4.5
anterior spinocerebellar tract	en	anatomie-en	uberon	0		-4.5
anterior subcentral sulcus	en	anatomie-en	uberon	0		-4.5
anterior talofibular ligament	en	anatomie-en	uberon	0		-4.5
anterior temporal artery	en	anatomie-en	uberon	0		-4.5
anterior thalamic peduncle	en	anatomie-en	uberon	0		-4.5
anterior thalamic radiation	en	anatomie-en	uberon	0		-4.5
anterior tibial artery	en	anatomie-en	uberon	0		-4.5
anterior tibial vein	en	anatomie-en	uberon	0		-4.5
anterior vena cava	en	anatomie-en	uberon	0		-4.5
anterior vertebral vein	en	anatomie-en	uberon	0		-4.5
aorta tunica adventitia	en	anatomie-en	uberon	0		-4.5
aorta tunica intima	en	anatomie-en	uberon	0		-4.5
aorta tunica media	en	anatomie-en	uberon	0		-4.5
aortic valve anulus	en	anatomie-en	uberon	0		-4.5
aortic valve cusp	en	anatomie-en	uberon	0		-4.5
aortopulmonary lymph node	en	anatomie-en	uberon	0		-4.5
apex of arytenoid	en	anatomie-en	uberon	0		-4.5
apex of cochlea	en	anatomie-en	uberon	0		-4.5
apex of heart	en	anatomie-en	uberon	0		-4.5
apex of prostate	en	anatomie-en	uberon	0		-4.5
apicoposterior segmental artery	en	anatomie-en	uberon	0		-4.5
apocrine sweat gland	en	anatomie-en	uberon	0		-4.5
appendage girdle complex	en	anatomie-en	uberon	0		-4.5
appendage girdle region	en	anatomie-en	uberon	0		-4.5
appendicular lymph node	en	anatomie-en	uberon	0		-4.5
appendicular skeletal system	en	anatomie-en	uberon	0		-4.5
arachnoid barrier layer	en	anatomie-en	uberon	0		-4.5
arch of aorta	en	anatomie-en	uberon	0		-4.5
arch of atlas	en	anatomie-en	uberon	0		-4.5
areolar connective tissue	en	anatomie-en	uberon	0		-4.5
areolar sweat gland	en	anatomie-en	uberon	0		-4.5
arteriole smooth muscle	en	anatomie-en	uberon	0		-4.5
ascending cervical artery	en	anatomie-en	uberon	0		-4.5
asterion of skull	en	anatomie-en	uberon	0		-4.5
atrial septum primum	en	anatomie-en	uberon	0		-4.5
atrial septum secundum	en	anatomie-en	uberon	0		-4.5
atrium auricular region	en	anatomie-en	uberon	0		-4.5
auditory ossicle bone	en	anatomie-en	uberon	0		-4.5
autonomic nerve plexus	en	anatomie-en	uberon	0		-4.5
autonomic nervous system	en	anatomie-en	uberon	0		-4.5
axial skeletal system	en	anatomie-en	uberon	0		-4.5
axillary lymph node	en	anatomie-en	uberon	0		-4.5
axillary nerve trunk	en	anatomie-en	uberon	0		-4.5
base of arytenoid	en	anatomie-en	uberon	0		-4.5
base of prostate	en	anatomie-en	uberon	0		-4.5
bifurcation of trachea	en	anatomie-en	uberon	0		-4.5
body of fornix	en	anatomie-en	uberon	0		-4.5
body of gallbladder	en	anatomie-en	uberon	0		-4.5
body of ilium	en	anatomie-en	uberon	0		-4.5
body of mandible	en	anatomie-en	uberon	0		-4.5
body of pancreas	en	anatomie-en	uberon	0		-4.5
body of rib	en	anatomie-en	uberon	0		-4.5
body of sphenoid	en	anatomie-en	uberon	0		-4.5
body of sternum	en	anatomie-en	uberon	0		-4.5
body of stomach	en	anatomie-en	uberon	0		-4.5
body of tongue	en	anatomie-en	uberon	0		-4.5
body of uterus	en	anatomie-en	uberon	0		-4.5
bolus of food	en	anatomie-en	uberon	0		-4.5
bone marrow cavity	en	anatomie-en	uberon	0		-4.5
bony vertebral centrum	en	anatomie-en	uberon	0		-4.5
border of scapula	en	anatomie-en	uberon	0		-4.5
brachial lymph node	en	anatomie-en	uberon	0		-4.5
brachial nerve plexus	en	anatomie-en	uberon	0		-4.5
brachiocephalic lymph node	en	anatomie-en	uberon	0		-4.5
brain arachnoid mater	en	anatomie-en	uberon	0		-4.5
brain dura mater	en	anatomie-en	uberon	0		-4.5
brainstem white matter	en	anatomie-en	uberon	0		-4.5
brown adipose tissue	en	anatomie-en	uberon	0		-4.5
brush border layer	en	anatomie-en	uberon	0		-4.5
buccal fat pad	en	anatomie-en	uberon	0		-4.5
buccal salivary gland	en	anatomie-en	uberon	0		-4.5
buccinator lymph node	en	anatomie-en	uberon	0		-4.5
bulb of aorta	en	anatomie-en	uberon	0		-4.5
bulb of penis	en	anatomie-en	uberon	0		-4.5
bulb of vestibule	en	anatomie-en	uberon	0		-4.5
bulbourethral gland secretion	en	anatomie-en	uberon	0		-4.5
bundle of His	en	anatomie-en	uberon	0		-4.5
CA1 stratum oriens	en	anatomie-en	uberon	0		-4.5
CA1 stratum radiatum	en	anatomie-en	uberon	0		-4.5
CA2 stratum oriens	en	anatomie-en	uberon	0		-4.5
CA2 stratum radiatum	en	anatomie-en	uberon	0		-4.5
CA3 stratum oriens	en	anatomie-en	uberon	0		-4.5
CA3 stratum radiatum	en	anatomie-en	uberon	0		-4.5
calcarine sulcus (dorsal)	en	anatomie-en	uberon	0		-4.5
calcarine sulcus (ventral)	en	anatomie-en	uberon	0		-4.5
canal of Schlemm	en	anatomie-en	uberon	0		-4.5
capitulum of humerus	en	anatomie-en	uberon	0		-4.5
capsule of lens	en	anatomie-en	uberon	0		-4.5
capsule of liver	en	anatomie-en	uberon	0		-4.5
capsule of ovary	en	anatomie-en	uberon	0		-4.5
capsule of thymus	en	anatomie-en	uberon	0		-4.5
cardiac muscle of auricular region	en	anatomie-en	uberon	0		-4.5
cardiac muscle of left atrium	en	anatomie-en	uberon	0		-4.5
cardiac muscle of left ventricle	en	anatomie-en	uberon	0		-4.5
cardiac muscle of right atrium	en	anatomie-en	uberon	0		-4.5
cardiac muscle of right ventricle	en	anatomie-en	uberon	0		-4.5
cardiac muscle tissue of atrium	en	anatomie-en	uberon	0		-4.5
cardiac muscle tissue of myocardium	en	anatomie-en	uberon	0		-4.5
cardiac muscle tissue of ventricle	en	anatomie-en	uberon	0		-4.5
carina of trachea	en	anatomie-en	uberon	0		-4.5
carotid artery segment	en	anatomie-en	uberon	0		-4.5
carotid sinus nerve	en	anatomie-en	uberon	0		-4.5
cartilage of bronchus	en	anatomie-en	uberon	0		-4.5
cavitated compound organ	en	anatomie-en	uberon	0		-4.5
cavity of pharynx	en	anatomie-en	uberon	0		-4.5
cavum septum pellucidum	en	anatomie-en	uberon	0		-4.5
celiac lymph node	en	anatomie-en	uberon	0		-4.5
celiac nerve plexus	en	anatomie-en	uberon	0		-4.5
central carpal bone	en	anatomie-en	uberon	0		-4.5
central gray substance	en	anatomie-en	uberon	0		-4.5
central nervous system	en	anatomie-en	uberon	0		-4.5
central retinal artery	en	anatomie-en	uberon	0		-4.5
central retinal vein	en	anatomie-en	uberon	0		-4.5
central tegmental tract	en	anatomie-en	uberon	0		-4.5
cerebellar nuclear complex	en	anatomie-en	uberon	0		-4.5
cerebellar peduncular complex	en	anatomie-en	uberon	0		-4.5
cerebellum anterior vermis	en	anatomie-en	uberon	0		-4.5
cerebellum hemisphere lobule	en	anatomie-en	uberon	0		-4.5
cerebellum posterior vermis	en	anatomie-en	uberon	0		-4.5
cerebellum vermis culmen	en	anatomie-en	uberon	0		-4.5
cerebellum vermis lobule	en	anatomie-en	uberon	0		-4.5
cervical lymph node	en	anatomie-en	uberon	0		-4.5
cervical nerve plexus	en	anatomie-en	uberon	0		-4.5
cervical spinal cord	en	anatomie-en	uberon	0		-4.5
cervical vertebral arch	en	anatomie-en	uberon	0		-4.5
cervical vertebral foramen	en	anatomie-en	uberon	0		-4.5
chamber of eyeball	en	anatomie-en	uberon	0		-4.5
chordate pharyngeal muscle	en	anatomie-en	uberon	0		-4.5
choroid plexus epithelium	en	anatomie-en	uberon	0		-4.5
choroidal blood vessel	en	anatomie-en	uberon	0		-4.5
ciliated columnar epithelium	en	anatomie-en	uberon	0		-4.5
cingulum of brain	en	anatomie-en	uberon	0		-4.5
cingulum of tooth	en	anatomie-en	uberon	0		-4.5
claustral amygdaloid area	en	anatomie-en	uberon	0		-4.5
claustrum of brain	en	anatomie-en	uberon	0		-4.5
coccygeal nerve plexus	en	anatomie-en	uberon	0		-4.5
cochlear nuclear complex	en	anatomie-en	uberon	0		-4.5
coelemic cavity lumen	en	anatomie-en	uberon	0		-4.5
collecting duct of renal tubule	en	anatomie-en	uberon	0		-4.5
collection of hair on face	en	anatomie-en	uberon	0		-4.5
commissure of diencephalon	en	anatomie-en	uberon	0		-4.5
common bile duct	en	anatomie-en	uberon	0		-4.5
common cardinal vein	en	anatomie-en	uberon	0		-4.5
common fibular nerve	en	anatomie-en	uberon	0		-4.5
common hepatic artery	en	anatomie-en	uberon	0		-4.5
common hepatic duct	en	anatomie-en	uberon	0		-4.5
common iliac artery	en	anatomie-en	uberon	0		-4.5
common iliac vein	en	anatomie-en	uberon	0		-4.5
common nasal meatus	en	anatomie-en	uberon	0		-4.5
common penile artery	en	anatomie-en	uberon	0		-4.5
common tendinous ring	en	anatomie-en	uberon	0		-4.5
compact bone tissue	en	anatomie-en	uberon	0		-4.5
condyle of femur	en	anatomie-en	uberon	0		-4.5
condyle of humerus	en	anatomie-en	uberon	0		-4.5
coronary sinus valve	en	anatomie-en	uberon	0		-4.5
cortex of humerus	en	anatomie-en	uberon	0		-4.5
cortex of kidney	en	anatomie-en	uberon	0		-4.5
cortex of thymus	en	anatomie-en	uberon	0		-4.5
cortical layer I	en	anatomie-en	uberon	0		-4.5
cortical layer II	en	anatomie-en	uberon	0		-4.5
cortical layer III	en	anatomie-en	uberon	0		-4.5
cortical layer IV	en	anatomie-en	uberon	0		-4.5
cortical layer V	en	anatomie-en	uberon	0		-4.5
cortical layer VI	en	anatomie-en	uberon	0		-4.5
corticomedial nuclear complex	en	anatomie-en	uberon	0		-4.5
cranial lymph vasculature	en	anatomie-en	uberon	0		-4.5
cranial nerve II	en	anatomie-en	uberon	0		-4.5
cranial sensory ganglion	en	anatomie-en	uberon	0		-4.5
craniocervical lymph node	en	anatomie-en	uberon	0		-4.5
crista ampullaris neuroepithelium	en	anatomie-en	uberon	0		-4.5
crus of clitoris	en	anatomie-en	uberon	0		-4.5
crus of ear	en	anatomie-en	uberon	0		-4.5
crus of penis	en	anatomie-en	uberon	0		-4.5
crypt of Lieberkuhn	en	anatomie-en	uberon	0		-4.5
cubital lymph node	en	anatomie-en	uberon	0		-4.5
cusp of tooth	en	anatomie-en	uberon	0		-4.5
decussation of diencephalon	en	anatomie-en	uberon	0		-4.5
deep auricular artery	en	anatomie-en	uberon	0		-4.5
deep brachial artery	en	anatomie-en	uberon	0		-4.5
deep cerebral vein	en	anatomie-en	uberon	0		-4.5
deep cervical artery	en	anatomie-en	uberon	0		-4.5
deep cervical fascia	en	anatomie-en	uberon	0		-4.5
deep facial vein	en	anatomie-en	uberon	0		-4.5
deep femoral artery	en	anatomie-en	uberon	0		-4.5
deep fibular nerve	en	anatomie-en	uberon	0		-4.5
deep inguinal ring	en	anatomie-en	uberon	0		-4.5
deep lymph node	en	anatomie-en	uberon	0		-4.5
deep lymphatic vessel	en	anatomie-en	uberon	0		-4.5
deep temporal artery	en	anatomie-en	uberon	0		-4.5
deep temporal nerve	en	anatomie-en	uberon	0		-4.5
deep temporal vein	en	anatomie-en	uberon	0		-4.5
deferent duct artery	en	anatomie-en	uberon	0		-4.5
depressor labii inferioris	en	anatomie-en	uberon	0		-4.5
depressor septi nasi	en	anatomie-en	uberon	0		-4.5
descending thin limb	en	anatomie-en	uberon	0		-4.5
descending thoracic aorta	en	anatomie-en	uberon	0		-4.5
developing anatomical structure	en	anatomie-en	uberon	0		-4.5
diaphragmatic lymph node	en	anatomie-en	uberon	0		-4.5
diaphysis of femur	en	anatomie-en	uberon	0		-4.5
diaphysis of fibula	en	anatomie-en	uberon	0		-4.5
diaphysis of radius	en	anatomie-en	uberon	0		-4.5
diaphysis of tibia	en	anatomie-en	uberon	0		-4.5
diaphysis of ulna	en	anatomie-en	uberon	0		-4.5
diencephalic white matter	en	anatomie-en	uberon	0		-4.5
digastric muscle group	en	anatomie-en	uberon	0		-4.5
distal carpal bone	en	anatomie-en	uberon	0		-4.5
distal convoluted tubule	en	anatomie-en	uberon	0		-4.5
distal interphalangeal joint	en	anatomie-en	uberon	0		-4.5
distal radio-ulnar joint	en	anatomie-en	uberon	0		-4.5
distal tarsal bone	en	anatomie-en	uberon	0		-4.5
dome of diaphragm	en	anatomie-en	uberon	0		-4.5
dorsal accessory inferior olivary nucleus	en	anatomie-en	uberon	0		-4.5
dorsal acoustic stria	en	anatomie-en	uberon	0		-4.5
dorsal digital artery	en	anatomie-en	uberon	0		-4.5
dorsal hypothalamic area	en	anatomie-en	uberon	0		-4.5
dorsal intercostal artery	en	anatomie-en	uberon	0		-4.5
dorsal longitudinal fasciculus	en	anatomie-en	uberon	0		-4.5
dorsal metacarpal artery	en	anatomie-en	uberon	0		-4.5
dorsal metatarsal vein	en	anatomie-en	uberon	0		-4.5
dorsal nasal artery	en	anatomie-en	uberon	0		-4.5
dorsal pancreatic duct	en	anatomie-en	uberon	0		-4.5
dorsal root ganglion	en	anatomie-en	uberon	0		-4.5
dorsal supraoptic decussation	en	anatomie-en	uberon	0		-4.5
dorsal tegmental decussation	en	anatomie-en	uberon	0		-4.5
dorsal trigeminal tract	en	anatomie-en	uberon	0		-4.5
dorsal venous arch	en	anatomie-en	uberon	0		-4.5
dorsalis pedis artery	en	anatomie-en	uberon	0		-4.5
dorsolateral part of supraoptic nucleus	en	anatomie-en	uberon	0		-4.5
dorsolateral prefrontal cortex	en	anatomie-en	uberon	0		-4.5
dorsum of tongue	en	anatomie-en	uberon	0		-4.5
duct of epididymis	en	anatomie-en	uberon	0		-4.5
eccrine sweat gland	en	anatomie-en	uberon	0		-4.5
ectepicondyle of humerus	en	anatomie-en	uberon	0		-4.5
efferent duct epithelium	en	anatomie-en	uberon	0		-4.5
elastic cartilage tissue	en	anatomie-en	uberon	0		-4.5
embryonic cardiovascular system	en	anatomie-en	uberon	0		-4.5
embryonic facial prominence	en	anatomie-en	uberon	0		-4.5
embryonic frontal process	en	anatomie-en	uberon	0		-4.5
embryonic post-anal tail	en	anatomie-en	uberon	0		-4.5
encapsulated tactile receptor	en	anatomie-en	uberon	0		-4.5
entepicondyle of humerus	en	anatomie-en	uberon	0		-4.5
entire myelin sheath	en	anatomie-en	uberon	0		-4.5
epiphysis of fifth metacarpal bone	en	anatomie-en	uberon	0		-4.5
epiphysis of fifth metatarsal bone	en	anatomie-en	uberon	0		-4.5
epiphysis of first metacarpal bone	en	anatomie-en	uberon	0		-4.5
epiphysis of first metatarsal bone	en	anatomie-en	uberon	0		-4.5
epiphysis of fourth metacarpal bone	en	anatomie-en	uberon	0		-4.5
epiphysis of fourth metatarsal bone	en	anatomie-en	uberon	0		-4.5
epiphysis of phalanx of manus	en	anatomie-en	uberon	0		-4.5
epiphysis of second metacarpal bone	en	anatomie-en	uberon	0		-4.5
epiphysis of second metatarsal bone	en	anatomie-en	uberon	0		-4.5
epiphysis of third metacarpal bone	en	anatomie-en	uberon	0		-4.5
epiphysis of third metatarsal bone	en	anatomie-en	uberon	0		-4.5
esophagus muscularis mucosa	en	anatomie-en	uberon	0		-4.5
ethmoid bone primordium	en	anatomie-en	uberon	0		-4.5
extensor digitorum communis	en	anatomie-en	uberon	0		-4.5
external acoustic meatus	en	anatomie-en	uberon	0		-4.5
external anal sphincter	en	anatomie-en	uberon	0		-4.5
external carotid artery	en	anatomie-en	uberon	0		-4.5
external cervical os	en	anatomie-en	uberon	0		-4.5
external female genitalia	en	anatomie-en	uberon	0		-4.5
external iliac artery	en	anatomie-en	uberon	0		-4.5
external iliac vein	en	anatomie-en	uberon	0		-4.5
external intercostal muscle	en	anatomie-en	uberon	0		-4.5
external jugular vein	en	anatomie-en	uberon	0		-4.5
external male genitalia	en	anatomie-en	uberon	0		-4.5
external occipital protuberance	en	anatomie-en	uberon	0		-4.5
external pudendal vein	en	anatomie-en	uberon	0		-4.5
external spermatic fascia	en	anatomie-en	uberon	0		-4.5
external urethral sphincter	en	anatomie-en	uberon	0		-4.5
extrahepatic branch of portal vein	en	anatomie-en	uberon	0		-4.5
extrinsic auricular muscle	en	anatomie-en	uberon	0		-4.5
eye trabecular meshwork	en	anatomie-en	uberon	0		-4.5
facial lymph node	en	anatomie-en	uberon	0		-4.5
facial lymphatic vessel	en	anatomie-en	uberon	0		-4.5
facial nerve canal	en	anatomie-en	uberon	0		-4.5
facial nerve root	en	anatomie-en	uberon	0		-4.5
fascia of Camper	en	anatomie-en	uberon	0		-4.5
fascia of Scarpa	en	anatomie-en	uberon	0		-4.5
fasciculus of brain	en	anatomie-en	uberon	0		-4.5
female pubococcygeus muscle	en	anatomie-en	uberon	0		-4.5
female reproductive system	en	anatomie-en	uberon	0		-4.5
female urethral crest	en	anatomie-en	uberon	0		-4.5
female urethral gland	en	anatomie-en	uberon	0		-4.5
female urethral meatus	en	anatomie-en	uberon	0		-4.5
fibrocollagenous connective tissue	en	anatomie-en	uberon	0		-4.5
fibroelastic connective tissue	en	anatomie-en	uberon	0		-4.5
fibrous connective tissue	en	anatomie-en	uberon	0		-4.5
fibular lymph node	en	anatomie-en	uberon	0		-4.5
filum terminale externum	en	anatomie-en	uberon	0		-4.5
filum terminale internum	en	anatomie-en	uberon	0		-4.5
fold of peritoneum	en	anatomie-en	uberon	0		-4.5
foramen of skull	en	anatomie-en	uberon	0		-4.5
forelimb stylopod muscle	en	anatomie-en	uberon	0		-4.5
forelimb zeugopod muscle	en	anatomie-en	uberon	0		-4.5
forelimb zeugopod skeleton	en	anatomie-en	uberon	0		-4.5
fornix of brain	en	anatomie-en	uberon	0		-4.5
fornix of vagina	en	anatomie-en	uberon	0		-4.5
fourth ventricle aperture	en	anatomie-en	uberon	0		-4.5
fourth ventricle ependyma	en	anatomie-en	uberon	0		-4.5
frenulum of lip	en	anatomie-en	uberon	0		-4.5
frenulum of tongue	en	anatomie-en	uberon	0		-4.5
front hindlimb zeugopod	en	anatomie-en	uberon	0		-4.5
frontalis muscle belly	en	anatomie-en	uberon	0		-4.5
fundic gastric gland	en	anatomie-en	uberon	0		-4.5
fundus of gallbladder	en	anatomie-en	uberon	0		-4.5
fundus of stomach	en	anatomie-en	uberon	0		-4.5
funiculus of neuraxis	en	anatomie-en	uberon	0		-4.5
future cardiac atrium	en	anatomie-en	uberon	0		-4.5
future cardiac ventricle	en	anatomie-en	uberon	0		-4.5
future pterygopalatine ganglion	en	anatomie-en	uberon	0		-4.5
gallbladder lamina propria	en	anatomie-en	uberon	0		-4.5
gland of Zeis	en	anatomie-en	uberon	0		-4.5
glandular columnar epithelium	en	anatomie-en	uberon	0		-4.5
glandular cuboidal epithelium	en	anatomie-en	uberon	0		-4.5
glomerular basement membrane	en	anatomie-en	uberon	0		-4.5
glomerular parietal epithelium	en	anatomie-en	uberon	0		-4.5
glomerular visceral epithelium	en	anatomie-en	uberon	0		-4.5
gluteal lymph node	en	anatomie-en	uberon	0		-4.5
golgi tendon organ	en	anatomie-en	uberon	0		-4.5
granulosa cell layer	en	anatomie-en	uberon	0		-4.5
great auricular nerve	en	anatomie-en	uberon	0		-4.5
great cerebral vein	en	anatomie-en	uberon	0		-4.5
great saphenous vein	en	anatomie-en	uberon	0		-4.5
greater palatine artery	en	anatomie-en	uberon	0		-4.5
greater palatine foramen	en	anatomie-en	uberon	0		-4.5
greater sac cavity	en	anatomie-en	uberon	0		-4.5
greater sciatic notch	en	anatomie-en	uberon	0		-4.5
greater splanchnic nerve	en	anatomie-en	uberon	0		-4.5
gut-associated lymphoid tissue	en	anatomie-en	uberon	0		-4.5
hair follicle bulge	en	anatomie-en	uberon	0		-4.5
hair follicle isthmus	en	anatomie-en	uberon	0		-4.5
hair of head	en	anatomie-en	uberon	0		-4.5
hair of limb	en	anatomie-en	uberon	0		-4.5
hair of neck	en	anatomie-en	uberon	0		-4.5
hair of trunk	en	anatomie-en	uberon	0		-4.5
hair root sheath	en	anatomie-en	uberon	0		-4.5
head of femur	en	anatomie-en	uberon	0		-4.5
head of pancreas	en	anatomie-en	uberon	0		-4.5
head of radius	en	anatomie-en	uberon	0		-4.5
head of rib	en	anatomie-en	uberon	0		-4.5
heart left ventricle	en	anatomie-en	uberon	0		-4.5
heart right ventricle	en	anatomie-en	uberon	0		-4.5
heart ventricle wall	en	anatomie-en	uberon	0		-4.5
hilum of kidney	en	anatomie-en	uberon	0		-4.5
hilum of neuraxis	en	anatomie-en	uberon	0		-4.5
hilum of spleen	en	anatomie-en	uberon	0		-4.5
hindlimb digital artery	en	anatomie-en	uberon	0		-4.5
hindlimb stylopod muscle	en	anatomie-en	uberon	0		-4.5
hindlimb zeugopod muscle	en	anatomie-en	uberon	0		-4.5
hippocampus pyramidal layer	en	anatomie-en	uberon	0		-4.5
hippocampus stratum oriens	en	anatomie-en	uberon	0		-4.5
hippocampus stratum radiatum	en	anatomie-en	uberon	0		-4.5
hyaline cartilage tissue	en	anatomie-en	uberon	0		-4.5
hyaloid vascular plexus	en	anatomie-en	uberon	0		-4.5
hyoid bone body	en	anatomie-en	uberon	0		-4.5
iliocostalis cervicis muscle	en	anatomie-en	uberon	0		-4.5
iliocostalis thoracis muscle	en	anatomie-en	uberon	0		-4.5
immaterial anatomical entity	en	anatomie-en	uberon	0		-4.5
incisor dental pulp	en	anatomie-en	uberon	0		-4.5
incisor tooth 1	en	anatomie-en	uberon	0		-4.5
incisor tooth 2	en	anatomie-en	uberon	0		-4.5
inferior alveolar artery	en	anatomie-en	uberon	0		-4.5
inferior alveolar nerve	en	anatomie-en	uberon	0		-4.5
inferior calcarine sulcus	en	anatomie-en	uberon	0		-4.5
inferior cerebellar peduncle	en	anatomie-en	uberon	0		-4.5
inferior cerebellar vein	en	anatomie-en	uberon	0		-4.5
inferior cerebral vein	en	anatomie-en	uberon	0		-4.5
inferior cervical ganglion	en	anatomie-en	uberon	0		-4.5
inferior epigastric artery	en	anatomie-en	uberon	0		-4.5
inferior epigastric vein	en	anatomie-en	uberon	0		-4.5
inferior eyelid tarsus	en	anatomie-en	uberon	0		-4.5
inferior frontal gyrus	en	anatomie-en	uberon	0		-4.5
inferior frontal sulcus	en	anatomie-en	uberon	0		-4.5
inferior gemellus muscle	en	anatomie-en	uberon	0		-4.5
inferior hypophysial artery	en	anatomie-en	uberon	0		-4.5
inferior longitudinal fasciculus	en	anatomie-en	uberon	0		-4.5
inferior mesenteric artery	en	anatomie-en	uberon	0		-4.5
inferior mesenteric ganglion	en	anatomie-en	uberon	0		-4.5
inferior mesenteric vein	en	anatomie-en	uberon	0		-4.5
inferior nasal concha	en	anatomie-en	uberon	0		-4.5
inferior nasal meatus	en	anatomie-en	uberon	0		-4.5
inferior occipital gyrus	en	anatomie-en	uberon	0		-4.5
inferior occipital sulcus	en	anatomie-en	uberon	0		-4.5
inferior occipitofrontal fasciculus	en	anatomie-en	uberon	0		-4.5
inferior olivary complex	en	anatomie-en	uberon	0		-4.5
inferior ophthalmic vein	en	anatomie-en	uberon	0		-4.5
inferior orbital fissure	en	anatomie-en	uberon	0		-4.5
inferior palpebral vein	en	anatomie-en	uberon	0		-4.5
inferior pancreaticoduodenal artery	en	anatomie-en	uberon	0		-4.5
inferior parathyroid gland	en	anatomie-en	uberon	0		-4.5
inferior parietal cortex	en	anatomie-en	uberon	0		-4.5
inferior parietal sulcus	en	anatomie-en	uberon	0		-4.5
inferior petrosal sinus	en	anatomie-en	uberon	0		-4.5
inferior pharyngeal constrictor	en	anatomie-en	uberon	0		-4.5
inferior phrenic artery	en	anatomie-en	uberon	0		-4.5
inferior phrenic vein	en	anatomie-en	uberon	0		-4.5
inferior postcentral sulcus	en	anatomie-en	uberon	0		-4.5
inferior precentral sulcus	en	anatomie-en	uberon	0		-4.5
inferior pubic ramus	en	anatomie-en	uberon	0		-4.5
inferior rectal artery	en	anatomie-en	uberon	0		-4.5
inferior rostral sulcus	en	anatomie-en	uberon	0		-4.5
inferior sagittal sinus	en	anatomie-en	uberon	0		-4.5
inferior sagittal sulcus	en	anatomie-en	uberon	0		-4.5
inferior suprarenal artery	en	anatomie-en	uberon	0		-4.5
inferior tarsal muscle	en	anatomie-en	uberon	0		-4.5
inferior temporal gyrus	en	anatomie-en	uberon	0		-4.5
inferior temporal sulcus	en	anatomie-en	uberon	0		-4.5
inferior thalamic peduncle	en	anatomie-en	uberon	0		-4.5
inferior thyroid artery	en	anatomie-en	uberon	0		-4.5
inferior thyroid vein	en	anatomie-en	uberon	0		-4.5
inferior tibiofibular joint	en	anatomie-en	uberon	0		-4.5
inferior vena cava	en	anatomie-en	uberon	0		-4.5
inferior vesical artery	en	anatomie-en	uberon	0		-4.5
inferior vesical vein	en	anatomie-en	uberon	0		-4.5
infra-auricular lymph node	en	anatomie-en	uberon	0		-4.5
infraclavicular lymph node	en	anatomie-en	uberon	0		-4.5
infrahyoid lymph node	en	anatomie-en	uberon	0		-4.5
infrapatellar fat pad	en	anatomie-en	uberon	0		-4.5
infundibulum of gallbladder	en	anatomie-en	uberon	0		-4.5
inguinal lymph node	en	anatomie-en	uberon	0		-4.5
inner cell mass	en	anatomie-en	uberon	0		-4.5
inner spiral sulcus	en	anatomie-en	uberon	0		-4.5
innermost intercostal muscle	en	anatomie-en	uberon	0		-4.5
intercalated amygdaloid nuclei	en	anatomie-en	uberon	0		-4.5
intercostal lymph node	en	anatomie-en	uberon	0		-4.5
interiliac lymph node	en	anatomie-en	uberon	0		-4.5
interlobar lymph node	en	anatomie-en	uberon	0		-4.5
interlobular bile duct	en	anatomie-en	uberon	0		-4.5
intermediate acoustic stria	en	anatomie-en	uberon	0		-4.5
intermediate frontal sulcus	en	anatomie-en	uberon	0		-4.5
intermediate hypothalamic region	en	anatomie-en	uberon	0		-4.5
intermediate orbital gyrus	en	anatomie-en	uberon	0		-4.5
internal acoustic meatus	en	anatomie-en	uberon	0		-4.5
internal anal sphincter	en	anatomie-en	uberon	0		-4.5
internal carotid artery	en	anatomie-en	uberon	0		-4.5
internal cerebral vein	en	anatomie-en	uberon	0		-4.5
internal cervical os	en	anatomie-en	uberon	0		-4.5
internal female genitalia	en	anatomie-en	uberon	0		-4.5
internal iliac artery	en	anatomie-en	uberon	0		-4.5
internal iliac vein	en	anatomie-en	uberon	0		-4.5
internal intercostal muscle	en	anatomie-en	uberon	0		-4.5
internal jugular vein	en	anatomie-en	uberon	0		-4.5
internal male genitalia	en	anatomie-en	uberon	0		-4.5
internal pudendal artery	en	anatomie-en	uberon	0		-4.5
internal pudendal vein	en	anatomie-en	uberon	0		-4.5
internal spermatic fascia	en	anatomie-en	uberon	0		-4.5
internal thoracic artery	en	anatomie-en	uberon	0		-4.5
internal thoracic vein	en	anatomie-en	uberon	0		-4.5
internal urethral orifice	en	anatomie-en	uberon	0		-4.5
internal urethral sphincter	en	anatomie-en	uberon	0		-4.5
interpectoral lymph node	en	anatomie-en	uberon	0		-4.5
intersegmental pulmonary vein	en	anatomie-en	uberon	0		-4.5
interventricular septum endocardium	en	anatomie-en	uberon	0		-4.5
intestinal lymph node	en	anatomie-en	uberon	0		-4.5
intrahepatic branch of portal vein	en	anatomie-en	uberon	0		-4.5
intrinsic auricular muscle	en	anatomie-en	uberon	0		-4.5
intrinsic neuronal circuit	en	anatomie-en	uberon	0		-4.5
iris smooth muscle	en	anatomie-en	uberon	0		-4.5
irregular connective tissue	en	anatomie-en	uberon	0		-4.5
island of Calleja	en	anatomie-en	uberon	0		-4.5
islet of Langerhans	en	anatomie-en	uberon	0		-4.5
jugular lymph node	en	anatomie-en	uberon	0		-4.5
jugular lymphatic vessel	en	anatomie-en	uberon	0		-4.5
jugulodigastric lymph node	en	anatomie-en	uberon	0		-4.5
kidney arcuate artery	en	anatomie-en	uberon	0		-4.5
kidney arcuate vein	en	anatomie-en	uberon	0		-4.5
kidney pelvis urothelium	en	anatomie-en	uberon	0		-4.5
lacrimal drainage system	en	anatomie-en	uberon	0		-4.5
lamina rara externa	en	anatomie-en	uberon	0		-4.5
lamina rara interna	en	anatomie-en	uberon	0		-4.5
late embryonic stage	en	anatomie-en	uberon	0		-4.5
lateral arcuate ligament	en	anatomie-en	uberon	0		-4.5
lateral cerebellomedullary cistern	en	anatomie-en	uberon	0		-4.5
lateral corticospinal tract	en	anatomie-en	uberon	0		-4.5
lateral geniculate body	en	anatomie-en	uberon	0		-4.5
lateral globus pallidus	en	anatomie-en	uberon	0		-4.5
lateral hypothalamic area	en	anatomie-en	uberon	0		-4.5
lateral lingual swelling	en	anatomie-en	uberon	0		-4.5
lateral longitudinal stria	en	anatomie-en	uberon	0		-4.5
lateral lumbar region of abdomen	en	anatomie-en	uberon	0		-4.5
lateral marginal vein	en	anatomie-en	uberon	0		-4.5
lateral nasal cartilage	en	anatomie-en	uberon	0		-4.5
lateral nasal prominence	en	anatomie-en	uberon	0		-4.5
lateral occipital cortex	en	anatomie-en	uberon	0		-4.5
lateral occipital sulcus	en	anatomie-en	uberon	0		-4.5
lateral olfactory stria	en	anatomie-en	uberon	0		-4.5
lateral orbital gyrus	en	anatomie-en	uberon	0		-4.5
lateral orbital sulcus	en	anatomie-en	uberon	0		-4.5
lateral palpebral artery	en	anatomie-en	uberon	0		-4.5
lateral pes lemniscus	en	anatomie-en	uberon	0		-4.5
lateral plantar nerve	en	anatomie-en	uberon	0		-4.5
lateral plate mesoderm	en	anatomie-en	uberon	0		-4.5
lateral pterygoid muscle	en	anatomie-en	uberon	0		-4.5
lateral pterygoid nerve	en	anatomie-en	uberon	0		-4.5
lateral saphenous vein	en	anatomie-en	uberon	0		-4.5
lateral semicircular canal	en	anatomie-en	uberon	0		-4.5
lateral semicircular duct	en	anatomie-en	uberon	0		-4.5
lateral thoracic artery	en	anatomie-en	uberon	0		-4.5
lateral thoracic vein	en	anatomie-en	uberon	0		-4.5
lateral thyrohyoid ligament	en	anatomie-en	uberon	0		-4.5
lateral ventricle ependyma	en	anatomie-en	uberon	0		-4.5
lateral-intermediate intercuneiform joint	en	anatomie-en	uberon	0		-4.5
latissimus dorsi muscle	en	anatomie-en	uberon	0		-4.5
layer of hippocampus	en	anatomie-en	uberon	0		-4.5
layer of microvilli	en	anatomie-en	uberon	0		-4.5
layer of neocortex	en	anatomie-en	uberon	0		-4.5
layer of retina	en	anatomie-en	uberon	0		-4.5
least splanchnic nerve	en	anatomie-en	uberon	0		-4.5
left adrenal gland	en	anatomie-en	uberon	0		-4.5
left atrioventricular canal	en	anatomie-en	uberon	0		-4.5
left atrium endocardium	en	anatomie-en	uberon	0		-4.5
left auditory cortex	en	anatomie-en	uberon	0		-4.5
left bundle branch	en	anatomie-en	uberon	0		-4.5
left cardiac atrium	en	anatomie-en	uberon	0		-4.5
left cardiac chamber	en	anatomie-en	uberon	0		-4.5
left cerebral hemisphere	en	anatomie-en	uberon	0		-4.5
left colic artery	en	anatomie-en	uberon	0		-4.5
left colic vein	en	anatomie-en	uberon	0		-4.5
left coronary artery	en	anatomie-en	uberon	0		-4.5
left distal ureter	en	anatomie-en	uberon	0		-4.5
left dorsal thalamus	en	anatomie-en	uberon	0		-4.5
left external ear	en	anatomie-en	uberon	0		-4.5
left fallopian tube	en	anatomie-en	uberon	0		-4.5
left frontal lobe	en	anatomie-en	uberon	0		-4.5
left gastric artery	en	anatomie-en	uberon	0		-4.5
left gastric vein	en	anatomie-en	uberon	0		-4.5
left gastroepiploic artery	en	anatomie-en	uberon	0		-4.5
left hepatic artery	en	anatomie-en	uberon	0		-4.5
left hepatic duct	en	anatomie-en	uberon	0		-4.5
left hepatic vein	en	anatomie-en	uberon	0		-4.5
left inguinal part of abdomen	en	anatomie-en	uberon	0		-4.5
left kidney interstitium	en	anatomie-en	uberon	0		-4.5
left lateral ventricle	en	anatomie-en	uberon	0		-4.5
left limbic lobe	en	anatomie-en	uberon	0		-4.5
left lung hilus	en	anatomie-en	uberon	0		-4.5
left main bronchus	en	anatomie-en	uberon	0		-4.5
left occipital lobe	en	anatomie-en	uberon	0		-4.5
left outer canthus	en	anatomie-en	uberon	0		-4.5
left ovarian vein	en	anatomie-en	uberon	0		-4.5
left parietal lobe	en	anatomie-en	uberon	0		-4.5
left proximal ureter	en	anatomie-en	uberon	0		-4.5
left pulmonary artery	en	anatomie-en	uberon	0		-4.5
left renal artery	en	anatomie-en	uberon	0		-4.5
left renal pelvis	en	anatomie-en	uberon	0		-4.5
left renal vein	en	anatomie-en	uberon	0		-4.5
left sub-lobar region	en	anatomie-en	uberon	0		-4.5
left subclavian artery	en	anatomie-en	uberon	0		-4.5
left subcostal vein	en	anatomie-en	uberon	0		-4.5
left subhepatic recess	en	anatomie-en	uberon	0		-4.5
left suprarenal vein	en	anatomie-en	uberon	0		-4.5
left temporal lobe	en	anatomie-en	uberon	0		-4.5
left testicular artery	en	anatomie-en	uberon	0		-4.5
left testicular vein	en	anatomie-en	uberon	0		-4.5
left thymus lobe	en	anatomie-en	uberon	0		-4.5
left umbilical artery	en	anatomie-en	uberon	0		-4.5
left umbilical vein	en	anatomie-en	uberon	0		-4.5
left ventricle myocardium	en	anatomie-en	uberon	0		-4.5
left vitelline vein	en	anatomie-en	uberon	0		-4.5
lens anterior epithelium	en	anatomie-en	uberon	0		-4.5
lesser palatine foramen	en	anatomie-en	uberon	0		-4.5
lesser sac cavity	en	anatomie-en	uberon	0		-4.5
lesser sciatic notch	en	anatomie-en	uberon	0		-4.5
lesser splanchnic nerve	en	anatomie-en	uberon	0		-4.5
levator anguli oris	en	anatomie-en	uberon	0		-4.5
levator ani muscle	en	anatomie-en	uberon	0		-4.5
levator labii superioris	en	anatomie-en	uberon	0		-4.5
levator palpebrae superioris	en	anatomie-en	uberon	0		-4.5
levator scapulae muscle	en	anatomie-en	uberon	0		-4.5
levator veli palatini	en	anatomie-en	uberon	0		-4.5
life cycle stage	en	anatomie-en	uberon	0		-4.5
ligament of larynx	en	anatomie-en	uberon	0		-4.5
ligament of liver	en	anatomie-en	uberon	0		-4.5
ligament of pinna	en	anatomie-en	uberon	0		-4.5
limen of insula	en	anatomie-en	uberon	0		-4.5
line of Schwalbe	en	anatomie-en	uberon	0		-4.5
lingual lymph node	en	anatomie-en	uberon	0		-4.5
liver papillary process	en	anatomie-en	uberon	0		-4.5
liver perisinusoidal space	en	anatomie-en	uberon	0		-4.5
lobar lymph node	en	anatomie-en	uberon	0		-4.5
lobe of liver	en	anatomie-en	uberon	0		-4.5
lobe of lung	en	anatomie-en	uberon	0		-4.5
lobe of prostate	en	anatomie-en	uberon	0		-4.5
lobule of pinna	en	anatomie-en	uberon	0		-4.5
long ciliary nerve	en	anatomie-en	uberon	0		-4.5
longissimus cervicis muscle	en	anatomie-en	uberon	0		-4.5
longissimus thoracis muscle	en	anatomie-en	uberon	0		-4.5
longitudinal pontine fibers	en	anatomie-en	uberon	0		-4.5
longus capitis muscle	en	anatomie-en	uberon	0		-4.5
longus colli muscle	en	anatomie-en	uberon	0		-4.5
loop of Henle	en	anatomie-en	uberon	0		-4.5
loose connective tissue	en	anatomie-en	uberon	0		-4.5
lower digestive tract	en	anatomie-en	uberon	0		-4.5
lower esophagus mucosa	en	anatomie-en	uberon	0		-4.5
lower esophagus submucosa	en	anatomie-en	uberon	0		-4.5
lower jaw molar	en	anatomie-en	uberon	0		-4.5
lower jaw region	en	anatomie-en	uberon	0		-4.5
lower limb segment	en	anatomie-en	uberon	0		-4.5
lower respiratory tract	en	anatomie-en	uberon	0		-4.5
lower urinary tract	en	anatomie-en	uberon	0		-4.5
lumbar lymph node	en	anatomie-en	uberon	0		-4.5
lumbar nerve plexus	en	anatomie-en	uberon	0		-4.5
lumbar spinal cord	en	anatomie-en	uberon	0		-4.5
lumbar splanchnic nerve	en	anatomie-en	uberon	0		-4.5
lumbar vertebra 1	en	anatomie-en	uberon	0		-4.5
lumbar vertebra 2	en	anatomie-en	uberon	0		-4.5
lumbar vertebra 3	en	anatomie-en	uberon	0		-4.5
lumbar vertebra 4	en	anatomie-en	uberon	0		-4.5
lumbar vertebra 5	en	anatomie-en	uberon	0		-4.5
lumbar vertebral arch	en	anatomie-en	uberon	0		-4.5
lumbar vertebral foramen	en	anatomie-en	uberon	0		-4.5
lumbosacral nerve plexus	en	anatomie-en	uberon	0		-4.5
lumen of colon	en	anatomie-en	uberon	0		-4.5
lumen of duodenum	en	anatomie-en	uberon	0		-4.5
lumen of esophagus	en	anatomie-en	uberon	0		-4.5
lumen of hindgut	en	anatomie-en	uberon	0		-4.5
lumen of intestine	en	anatomie-en	uberon	0		-4.5
lumen of jejunum	en	anatomie-en	uberon	0		-4.5
lumen of laryngopharynx	en	anatomie-en	uberon	0		-4.5
lumen of midgut	en	anatomie-en	uberon	0		-4.5
lumen of nasopharynx	en	anatomie-en	uberon	0		-4.5
lumen of oropharynx	en	anatomie-en	uberon	0		-4.5
lumen of trachea	en	anatomie-en	uberon	0		-4.5
lumen of urethra	en	anatomie-en	uberon	0		-4.5
lumen of vagina	en	anatomie-en	uberon	0		-4.5
lung connective tissue	en	anatomie-en	uberon	0		-4.5
lunule of nail	en	anatomie-en	uberon	0		-4.5
lymphatic vessel endothelium	en	anatomie-en	uberon	0		-4.5
macula lutea proper	en	anatomie-en	uberon	0		-4.5
magnocellular part of red nucleus	en	anatomie-en	uberon	0		-4.5
main ciliary ganglion	en	anatomie-en	uberon	0		-4.5
main lactiferous duct	en	anatomie-en	uberon	0		-4.5
major alar cartilage	en	anatomie-en	uberon	0		-4.5
major duodenal papilla	en	anatomie-en	uberon	0		-4.5
major salivary gland	en	anatomie-en	uberon	0		-4.5
major sublingual duct	en	anatomie-en	uberon	0		-4.5
major vestibular gland	en	anatomie-en	uberon	0		-4.5
malar lymph node	en	anatomie-en	uberon	0		-4.5
male genital duct	en	anatomie-en	uberon	0		-4.5
male membranous urethra	en	anatomie-en	uberon	0		-4.5
male preputial gland	en	anatomie-en	uberon	0		-4.5
male reproductive system	en	anatomie-en	uberon	0		-4.5
male urethral crest	en	anatomie-en	uberon	0		-4.5
male urethral gland	en	anatomie-en	uberon	0		-4.5
male urethral meatus	en	anatomie-en	uberon	0		-4.5
mandible angular process	en	anatomie-en	uberon	0		-4.5
mandible condylar process	en	anatomie-en	uberon	0		-4.5
mandible coronoid process	en	anatomie-en	uberon	0		-4.5
mandible temporal crest	en	anatomie-en	uberon	0		-4.5
mandibular lymph node	en	anatomie-en	uberon	0		-4.5
manual acropodium region	en	anatomie-en	uberon	0		-4.5
manual digit 1	en	anatomie-en	uberon	0		-4.5
manual digit 2	en	anatomie-en	uberon	0		-4.5
manual digit 3	en	anatomie-en	uberon	0		-4.5
manual digit 4	en	anatomie-en	uberon	0		-4.5
manual digit 5	en	anatomie-en	uberon	0		-4.5
manual digit skin	en	anatomie-en	uberon	0		-4.5
manubrium of sternum	en	anatomie-en	uberon	0		-4.5
margin of eyelid	en	anatomie-en	uberon	0		-4.5
margin of tongue	en	anatomie-en	uberon	0		-4.5
marginal venous sinus	en	anatomie-en	uberon	0		-4.5
mastoid lymph node	en	anatomie-en	uberon	0		-4.5
material anatomical entity	en	anatomie-en	uberon	0		-4.5
maxillary process ectoderm	en	anatomie-en	uberon	0		-4.5
maxillary process mesenchyme	en	anatomie-en	uberon	0		-4.5
medial accessory inferior olivary nucleus	en	anatomie-en	uberon	0		-4.5
medial arcuate ligament	en	anatomie-en	uberon	0		-4.5
medial forebrain bundle	en	anatomie-en	uberon	0		-4.5
medial geniculate body	en	anatomie-en	uberon	0		-4.5
medial globus pallidus	en	anatomie-en	uberon	0		-4.5
medial longitudinal fasciculus	en	anatomie-en	uberon	0		-4.5
medial longitudinal stria	en	anatomie-en	uberon	0		-4.5
medial marginal vein	en	anatomie-en	uberon	0		-4.5
medial nasal prominence	en	anatomie-en	uberon	0		-4.5
medial olfactory gyrus	en	anatomie-en	uberon	0		-4.5
medial olfactory stria	en	anatomie-en	uberon	0		-4.5
medial orbital gyrus	en	anatomie-en	uberon	0		-4.5
medial orbital sulcus	en	anatomie-en	uberon	0		-4.5
medial palpebral artery	en	anatomie-en	uberon	0		-4.5
medial pes lemniscus	en	anatomie-en	uberon	0		-4.5
medial plantar artery	en	anatomie-en	uberon	0		-4.5
medial plantar nerve	en	anatomie-en	uberon	0		-4.5
medial precentral sulcus	en	anatomie-en	uberon	0		-4.5
medial pterygoid muscle	en	anatomie-en	uberon	0		-4.5
medial saphenous vein	en	anatomie-en	uberon	0		-4.5
medial tarsal artery	en	anatomie-en	uberon	0		-4.5
medial umbilical ligament	en	anatomie-en	uberon	0		-4.5
medial-intermediate intercuneiform joint	en	anatomie-en	uberon	0		-4.5
medial-nasal process ectoderm	en	anatomie-en	uberon	0		-4.5
median arcuate ligament	en	anatomie-en	uberon	0		-4.5
median basilic vein	en	anatomie-en	uberon	0		-4.5
median lingual swelling	en	anatomie-en	uberon	0		-4.5
median palatine suture	en	anatomie-en	uberon	0		-4.5
median sacral artery	en	anatomie-en	uberon	0		-4.5
median sacral vein	en	anatomie-en	uberon	0		-4.5
median thyrohyoid ligament	en	anatomie-en	uberon	0		-4.5
mediastinal lymph node	en	anatomie-en	uberon	0		-4.5
medulla of organ	en	anatomie-en	uberon	0		-4.5
medulla of thymus	en	anatomie-en	uberon	0		-4.5
medulla reticulospinal tract	en	anatomie-en	uberon	0		-4.5
medullary anterior horn	en	anatomie-en	uberon	0		-4.5
medullary reticular formation	en	anatomie-en	uberon	0		-4.5
meningeal dura mater	en	anatomie-en	uberon	0		-4.5
Merkel nerve ending	en	anatomie-en	uberon	0		-4.5
mesenteric lymph node	en	anatomie-en	uberon	0		-4.5
mesentery of colon	en	anatomie-en	uberon	0		-4.5
mesentery of ileum	en	anatomie-en	uberon	0		-4.5
mesentery of jejunum	en	anatomie-en	uberon	0		-4.5
mesocolic lymph node	en	anatomie-en	uberon	0		-4.5
metacarpal bone of digit 1	en	anatomie-en	uberon	0		-4.5
metacarpal bone of digit 2	en	anatomie-en	uberon	0		-4.5
metacarpal bone of digit 3	en	anatomie-en	uberon	0		-4.5
metacarpal bone of digit 4	en	anatomie-en	uberon	0		-4.5
metacarpal bone of digit 5	en	anatomie-en	uberon	0		-4.5
metatarsal bone of digit 1	en	anatomie-en	uberon	0		-4.5
metatarsal bone of digit 2	en	anatomie-en	uberon	0		-4.5
metatarsal bone of digit 3	en	anatomie-en	uberon	0		-4.5
metatarsal bone of digit 4	en	anatomie-en	uberon	0		-4.5
metatarsal bone of digit 5	en	anatomie-en	uberon	0		-4.5
midbrain cerebral aqueduct	en	anatomie-en	uberon	0		-4.5
midbrain raphe nuclei	en	anatomie-en	uberon	0		-4.5
midbrain reticular formation	en	anatomie-en	uberon	0		-4.5
middle cardiac vein	en	anatomie-en	uberon	0		-4.5
middle cerebellar peduncle	en	anatomie-en	uberon	0		-4.5
middle cerebral artery	en	anatomie-en	uberon	0		-4.5
middle cervical ganglion	en	anatomie-en	uberon	0		-4.5
middle colic artery	en	anatomie-en	uberon	0		-4.5
middle colic vein	en	anatomie-en	uberon	0		-4.5
middle cranial fossa	en	anatomie-en	uberon	0		-4.5
middle frontal gyrus	en	anatomie-en	uberon	0		-4.5
middle frontal sulcus	en	anatomie-en	uberon	0		-4.5
middle hepatic vein	en	anatomie-en	uberon	0		-4.5
middle internodal tract	en	anatomie-en	uberon	0		-4.5
middle meningeal artery	en	anatomie-en	uberon	0		-4.5
middle nasal concha	en	anatomie-en	uberon	0		-4.5
middle nasal meatus	en	anatomie-en	uberon	0		-4.5
middle pharyngeal constrictor	en	anatomie-en	uberon	0		-4.5
middle suprarenal artery	en	anatomie-en	uberon	0		-4.5
middle temporal artery	en	anatomie-en	uberon	0		-4.5
middle temporal gyrus	en	anatomie-en	uberon	0		-4.5
middle temporal vein	en	anatomie-en	uberon	0		-4.5
middle thyroid vein	en	anatomie-en	uberon	0		-4.5
midline nuclear group	en	anatomie-en	uberon	0		-4.5
minor alar cartilage	en	anatomie-en	uberon	0		-4.5
minor duodenal papilla	en	anatomie-en	uberon	0		-4.5
minor salivary gland	en	anatomie-en	uberon	0		-4.5
minor sublingual duct	en	anatomie-en	uberon	0		-4.5
minor vestibular gland	en	anatomie-en	uberon	0		-4.5
mitral valve anulus	en	anatomie-en	uberon	0		-4.5
mitral valve leaflet	en	anatomie-en	uberon	0		-4.5
molar dental pulp	en	anatomie-en	uberon	0		-4.5
molar tooth 1	en	anatomie-en	uberon	0		-4.5
molar tooth 2	en	anatomie-en	uberon	0		-4.5
molar tooth 3	en	anatomie-en	uberon	0		-4.5
mucosa of appendix	en	anatomie-en	uberon	0		-4.5
mucosa of bronchiole	en	anatomie-en	uberon	0		-4.5
mucosa of epiglottis	en	anatomie-en	uberon	0		-4.5
mucosa of gallbladder	en	anatomie-en	uberon	0		-4.5
mucosa of laryngopharynx	en	anatomie-en	uberon	0		-4.5
mucosa of larynx	en	anatomie-en	uberon	0		-4.5
mucosa of nasopharynx	en	anatomie-en	uberon	0		-4.5
mucosa of oropharynx	en	anatomie-en	uberon	0		-4.5
mucosa of palate	en	anatomie-en	uberon	0		-4.5
mucosa of pylorus	en	anatomie-en	uberon	0		-4.5
mucosa of rectum	en	anatomie-en	uberon	0		-4.5
mucosa of stomach	en	anatomie-en	uberon	0		-4.5
mucosa of tongue	en	anatomie-en	uberon	0		-4.5
mucosa of ureter	en	anatomie-en	uberon	0		-4.5
mucosa of urethra	en	anatomie-en	uberon	0		-4.5
mucosa of uvula	en	anatomie-en	uberon	0		-4.5
mucosa of vagina	en	anatomie-en	uberon	0		-4.5
mucosa-associated lymphoid tissue	en	anatomie-en	uberon	0		-4.5
muscle of back	en	anatomie-en	uberon	0		-4.5
muscle of iris	en	anatomie-en	uberon	0		-4.5
muscle of larynx	en	anatomie-en	uberon	0		-4.5
muscle of manus	en	anatomie-en	uberon	0		-4.5
muscle of neck	en	anatomie-en	uberon	0		-4.5
muscle of pelvis	en	anatomie-en	uberon	0		-4.5
muscle of pes	en	anatomie-en	uberon	0		-4.5
muscle of shoulder	en	anatomie-en	uberon	0		-4.5
musculature of arm	en	anatomie-en	uberon	0		-4.5
musculature of back	en	anatomie-en	uberon	0		-4.5
musculature of body	en	anatomie-en	uberon	0		-4.5
musculature of face	en	anatomie-en	uberon	0		-4.5
musculature of hip	en	anatomie-en	uberon	0		-4.5
musculature of larynx	en	anatomie-en	uberon	0		-4.5
musculature of limb	en	anatomie-en	uberon	0		-4.5
musculature of manus	en	anatomie-en	uberon	0		-4.5
musculature of neck	en	anatomie-en	uberon	0		-4.5
musculature of perineum	en	anatomie-en	uberon	0		-4.5
musculature of pes	en	anatomie-en	uberon	0		-4.5
musculature of pharynx	en	anatomie-en	uberon	0		-4.5
musculature of shoulder	en	anatomie-en	uberon	0		-4.5
musculature of trunk	en	anatomie-en	uberon	0		-4.5
myenteric nerve plexus	en	anatomie-en	uberon	0		-4.5
myocardium of atrium	en	anatomie-en	uberon	0		-4.5
myocardium of ventricle	en	anatomie-en	uberon	0		-4.5
nasal cavity epithelium	en	anatomie-en	uberon	0		-4.5
nasal cavity mucosa	en	anatomie-en	uberon	0		-4.5
nasal-associated lymphoid tissue	en	anatomie-en	uberon	0		-4.5
nasolabial lymph node	en	anatomie-en	uberon	0		-4.5
neck of femur	en	anatomie-en	uberon	0		-4.5
neck of fibula	en	anatomie-en	uberon	0		-4.5
neck of gallbladder	en	anatomie-en	uberon	0		-4.5
neck of humerus	en	anatomie-en	uberon	0		-4.5
neck of organ	en	anatomie-en	uberon	0		-4.5
neck of pancreas	en	anatomie-en	uberon	0		-4.5
neck of radius	en	anatomie-en	uberon	0		-4.5
neck of rib	en	anatomie-en	uberon	0		-4.5
neck of scapula	en	anatomie-en	uberon	0		-4.5
neck of talus	en	anatomie-en	uberon	0		-4.5
neck of tooth	en	anatomie-en	uberon	0		-4.5
neodentate part of dentate nucleus	en	anatomie-en	uberon	0		-4.5
nervous system commissure	en	anatomie-en	uberon	0		-4.5
nervous system lemniscus	en	anatomie-en	uberon	0		-4.5
non-material anatomical boundary	en	anatomie-en	uberon	0		-4.5
nucleus of brain	en	anatomie-en	uberon	0		-4.5
nucleus of thalamus	en	anatomie-en	uberon	0		-4.5
nucleus raphe magnus	en	anatomie-en	uberon	0		-4.5
nucleus raphe obscurus	en	anatomie-en	uberon	0		-4.5
nucleus raphe pallidus	en	anatomie-en	uberon	0		-4.5
nutrient foramen artery	en	anatomie-en	uberon	0		-4.5
nutrient foramen vein	en	anatomie-en	uberon	0		-4.5
oblique extraocular muscle	en	anatomie-en	uberon	0		-4.5
oblique pericardial sinus	en	anatomie-en	uberon	0		-4.5
obturator lymph node	en	anatomie-en	uberon	0		-4.5
occipital fusiform gyrus	en	anatomie-en	uberon	0		-4.5
occipital lymph node	en	anatomie-en	uberon	0		-4.5
ocular angle artery	en	anatomie-en	uberon	0		-4.5
oculomotor nerve root	en	anatomie-en	uberon	0		-4.5
oculomotor nuclear complex	en	anatomie-en	uberon	0		-4.5
olfactory apparatus chamber	en	anatomie-en	uberon	0		-4.5
orbicularis oculi muscle	en	anatomie-en	uberon	0		-4.5
orbicularis oris muscle	en	anatomie-en	uberon	0		-4.5
orbit of skull	en	anatomie-en	uberon	0		-4.5
orbital fat pad	en	anatomie-en	uberon	0		-4.5
orbital gyri complex	en	anatomie-en	uberon	0		-4.5
organ component layer	en	anatomie-en	uberon	0		-4.5
organ system subdivision	en	anatomie-en	uberon	0		-4.5
orifice of skull	en	anatomie-en	uberon	0		-4.5
osseus cochlear canal	en	anatomie-en	uberon	0		-4.5
osseus labyrinth vestibule	en	anatomie-en	uberon	0		-4.5
osseus semicircular canal	en	anatomie-en	uberon	0		-4.5
osseus spiral lamina	en	anatomie-en	uberon	0		-4.5
outer spiral sulcus	en	anatomie-en	uberon	0		-4.5
oviduct mucosal fold	en	anatomie-en	uberon	0		-4.5
pair of lungs	en	anatomie-en	uberon	0		-4.5
pair of nares	en	anatomie-en	uberon	0		-4.5
palmar digital vein	en	anatomie-en	uberon	0		-4.5
palmaris longus muscle	en	anatomie-en	uberon	0		-4.5
pancreatic tributary of splenic vein	en	anatomie-en	uberon	0		-4.5
papilla of tongue	en	anatomie-en	uberon	0		-4.5
paracommissural nucleus of solitary tract	en	anatomie-en	uberon	0		-4.5
pararectal lymph node of pelvis	en	anatomie-en	uberon	0		-4.5
parenchyma of pancreas	en	anatomie-en	uberon	0		-4.5
parenchyma of spleen	en	anatomie-en	uberon	0		-4.5
parietal serous membrane	en	anatomie-en	uberon	0		-4.5
parietal serous pericardium	en	anatomie-en	uberon	0		-4.5
parietal yolk sac	en	anatomie-en	uberon	0		-4.5
parotid lymph node	en	anatomie-en	uberon	0		-4.5
parvocellular part of red nucleus	en	anatomie-en	uberon	0		-4.5
pearly penile papule	en	anatomie-en	uberon	0		-4.5
pectoral complex muscle	en	anatomie-en	uberon	0		-4.5
pectoral girdle region	en	anatomie-en	uberon	0		-4.5
pectoral girdle skeleton	en	anatomie-en	uberon	0		-4.5
pectoral lymphatic vessel	en	anatomie-en	uberon	0		-4.5
pedal acropodium region	en	anatomie-en	uberon	0		-4.5
pedal digit 1	en	anatomie-en	uberon	0		-4.5
pedal digit 2	en	anatomie-en	uberon	0		-4.5
pedal digit 3	en	anatomie-en	uberon	0		-4.5
pedal digit 4	en	anatomie-en	uberon	0		-4.5
pedal digit 5	en	anatomie-en	uberon	0		-4.5
pedal digit skin	en	anatomie-en	uberon	0		-4.5
pedicle of vertebra	en	anatomie-en	uberon	0		-4.5
peduncle of diencephalon	en	anatomie-en	uberon	0		-4.5
peduncle of neuraxis	en	anatomie-en	uberon	0		-4.5
pelvic complex muscle	en	anatomie-en	uberon	0		-4.5
pelvic girdle region	en	anatomie-en	uberon	0		-4.5
pelvic girdle skeleton	en	anatomie-en	uberon	0		-4.5
pelvic lymph node	en	anatomie-en	uberon	0		-4.5
pelvic splanchnic nerve	en	anatomie-en	uberon	0		-4.5
penile bulb artery	en	anatomie-en	uberon	0		-4.5
penile bulb vein	en	anatomie-en	uberon	0		-4.5
pericentral nucleus of inferior colliculus	en	anatomie-en	uberon	0		-4.5
peritubular capillary plexus of kidney	en	anatomie-en	uberon	0		-4.5
phalanx of manus	en	anatomie-en	uberon	0		-4.5
phalanx of pes	en	anatomie-en	uberon	0		-4.5
pharyngeal arch 1	en	anatomie-en	uberon	0		-4.5
pharyngeal arch 2	en	anatomie-en	uberon	0		-4.5
pharyngeal arch 3	en	anatomie-en	uberon	0		-4.5
pharyngeal arch 4	en	anatomie-en	uberon	0		-4.5
pharyngeal arch 5	en	anatomie-en	uberon	0		-4.5
pharyngeal arch 6	en	anatomie-en	uberon	0		-4.5
pharyngeal arch system	en	anatomie-en	uberon	0		-4.5
pharyngeal nerve plexus	en	anatomie-en	uberon	0		-4.5
pharyngeal pouch 1	en	anatomie-en	uberon	0		-4.5
pharyngeal pouch 2	en	anatomie-en	uberon	0		-4.5
pharyngeal pouch 3	en	anatomie-en	uberon	0		-4.5
pharyngeal pouch 4	en	anatomie-en	uberon	0		-4.5
pharyngotympanic tube epithelium	en	anatomie-en	uberon	0		-4.5
plantar digital artery	en	anatomie-en	uberon	0		-4.5
plantar digital vein	en	anatomie-en	uberon	0		-4.5
plantar metatarsal artery	en	anatomie-en	uberon	0		-4.5
pole of lens	en	anatomie-en	uberon	0		-4.5
pontine nuclear group	en	anatomie-en	uberon	0		-4.5
pontine reticular formation	en	anatomie-en	uberon	0		-4.5
popliteal lymph node	en	anatomie-en	uberon	0		-4.5
postcranial axial skeleton	en	anatomie-en	uberon	0		-4.5
posterior auricular artery	en	anatomie-en	uberon	0		-4.5
posterior auricular muscle	en	anatomie-en	uberon	0		-4.5
posterior auricular nerve	en	anatomie-en	uberon	0		-4.5
posterior auricular vein	en	anatomie-en	uberon	0		-4.5
posterior calcarine sulcus	en	anatomie-en	uberon	0		-4.5
posterior cardinal vein	en	anatomie-en	uberon	0		-4.5
posterior cerebellomedullary cistern	en	anatomie-en	uberon	0		-4.5
posterior cerebral artery	en	anatomie-en	uberon	0		-4.5
posterior choroidal artery	en	anatomie-en	uberon	0		-4.5
posterior ciliary vein	en	anatomie-en	uberon	0		-4.5
posterior cingulate cortex	en	anatomie-en	uberon	0		-4.5
posterior cingulate gyrus	en	anatomie-en	uberon	0		-4.5
posterior communicating artery	en	anatomie-en	uberon	0		-4.5
posterior cranial fossa	en	anatomie-en	uberon	0		-4.5
posterior digastric muscle	en	anatomie-en	uberon	0		-4.5
posterior ethmoidal artery	en	anatomie-en	uberon	0		-4.5
posterior ethmoidal foramen	en	anatomie-en	uberon	0		-4.5
posterior hypothalamic region	en	anatomie-en	uberon	0		-4.5
posterior intercostal vein	en	anatomie-en	uberon	0		-4.5
posterior internodal tract	en	anatomie-en	uberon	0		-4.5
posterior interventricular sulcus	en	anatomie-en	uberon	0		-4.5
posterior labial artery	en	anatomie-en	uberon	0		-4.5
posterior longitudinal ligament	en	anatomie-en	uberon	0		-4.5
posterior median eminence	en	anatomie-en	uberon	0		-4.5
posterior meningeal artery	en	anatomie-en	uberon	0		-4.5
posterior nasal aperture	en	anatomie-en	uberon	0		-4.5
posterior orbital gyrus	en	anatomie-en	uberon	0		-4.5
posterior paracentral gyrus	en	anatomie-en	uberon	0		-4.5
posterior parahippocampal gyrus	en	anatomie-en	uberon	0		-4.5
posterior parietal artery	en	anatomie-en	uberon	0		-4.5
posterior parolfactory sulcus	en	anatomie-en	uberon	0		-4.5
posterior semicircular canal	en	anatomie-en	uberon	0		-4.5
posterior semicircular duct	en	anatomie-en	uberon	0		-4.5
posterior spinal artery	en	anatomie-en	uberon	0		-4.5
posterior spinocerebellar tract	en	anatomie-en	uberon	0		-4.5
posterior subcentral sulcus	en	anatomie-en	uberon	0		-4.5
posterior talofibular ligament	en	anatomie-en	uberon	0		-4.5
posterior temporal artery	en	anatomie-en	uberon	0		-4.5
posterior thalamic peduncle	en	anatomie-en	uberon	0		-4.5
posterior thalamic radiation	en	anatomie-en	uberon	0		-4.5
posterior tibial artery	en	anatomie-en	uberon	0		-4.5
posterior tibial vein	en	anatomie-en	uberon	0		-4.5
postganglionic autonomic fiber	en	anatomie-en	uberon	0		-4.5
preganglionic autonomic fiber	en	anatomie-en	uberon	0		-4.5
prelaryngeal lymph node	en	anatomie-en	uberon	0		-4.5
prepuce of clitoris	en	anatomie-en	uberon	0		-4.5
prepuce of penis	en	anatomie-en	uberon	0		-4.5
presymphysial lymph node	en	anatomie-en	uberon	0		-4.5
pretracheal lymph node	en	anatomie-en	uberon	0		-4.5
prevertebral cervical fascia	en	anatomie-en	uberon	0		-4.5
primary auditory cortex	en	anatomie-en	uberon	0		-4.5
primary canine tooth	en	anatomie-en	uberon	0		-4.5
primary incisor tooth	en	anatomie-en	uberon	0		-4.5
primary lactiferous duct	en	anatomie-en	uberon	0		-4.5
primary molar tooth	en	anatomie-en	uberon	0		-4.5
primary motor cortex	en	anatomie-en	uberon	0		-4.5
primary ossification center	en	anatomie-en	uberon	0		-4.5
primary ovarian follicle	en	anatomie-en	uberon	0		-4.5
primary palate epithelium	en	anatomie-en	uberon	0		-4.5
primary visual cortex	en	anatomie-en	uberon	0		-4.5
primitive heart tube	en	anatomie-en	uberon	0		-4.5
principal gastric gland	en	anatomie-en	uberon	0		-4.5
principal neuronal circuit	en	anatomie-en	uberon	0		-4.5
process of vertebra	en	anatomie-en	uberon	0		-4.5
promontory lymph node	en	anatomie-en	uberon	0		-4.5
proper hepatic artery	en	anatomie-en	uberon	0		-4.5
prostate gland secretion	en	anatomie-en	uberon	0		-4.5
prostate gland stroma	en	anatomie-en	uberon	0		-4.5
prostate glandular acinus	en	anatomie-en	uberon	0		-4.5
prostate luminal epithelium	en	anatomie-en	uberon	0		-4.5
prostatic venous plexus	en	anatomie-en	uberon	0		-4.5
proximal carpal bone	en	anatomie-en	uberon	0		-4.5
proximal convoluted tubule	en	anatomie-en	uberon	0		-4.5
proximal interphalangeal joint	en	anatomie-en	uberon	0		-4.5
proximal radio-ulnar joint	en	anatomie-en	uberon	0		-4.5
proximal straight tubule	en	anatomie-en	uberon	0		-4.5
proximal tubular epithelium	en	anatomie-en	uberon	0		-4.5
pseudostratified columnar epithelium	en	anatomie-en	uberon	0		-4.5
psoas major muscle	en	anatomie-en	uberon	0		-4.5
psoas minor muscle	en	anatomie-en	uberon	0		-4.5
pulmonary part of lymphatic system	en	anatomie-en	uberon	0		-4.5
pyloric gastric gland	en	anatomie-en	uberon	0		-4.5
pyloric lymph node	en	anatomie-en	uberon	0		-4.5
quadrant of breast	en	anatomie-en	uberon	0		-4.5
quarternary lactiferous duct	en	anatomie-en	uberon	0		-4.5
raphe of penis	en	anatomie-en	uberon	0		-4.5
raphe of perineum	en	anatomie-en	uberon	0		-4.5
raphe of scrotum	en	anatomie-en	uberon	0		-4.5
rectal venous plexus	en	anatomie-en	uberon	0		-4.5
rectus abdominis muscle	en	anatomie-en	uberon	0		-4.5
rectus capitis anterior	en	anatomie-en	uberon	0		-4.5
rectus extraocular muscle	en	anatomie-en	uberon	0		-4.5
recurrent laryngeal nerve	en	anatomie-en	uberon	0		-4.5
red bone marrow	en	anatomie-en	uberon	0		-4.5
regular connective tissue	en	anatomie-en	uberon	0		-4.5
remnant of urachus	en	anatomie-en	uberon	0		-4.5
renal afferent arteriole	en	anatomie-en	uberon	0		-4.5
renal collecting system	en	anatomie-en	uberon	0		-4.5
renal efferent arteriole	en	anatomie-en	uberon	0		-4.5
renal interlobular vein	en	anatomie-en	uberon	0		-4.5
renal lymph node	en	anatomie-en	uberon	0		-4.5
renal nerve plexus	en	anatomie-en	uberon	0		-4.5
respiratory system mucosa	en	anatomie-en	uberon	0		-4.5
retinal neural layer	en	anatomie-en	uberon	0		-4.5
retrolenticular part of internal capsule	en	anatomie-en	uberon	0		-4.5
rib skeletal system	en	anatomie-en	uberon	0		-4.5
right adrenal gland	en	anatomie-en	uberon	0		-4.5
right atrioventricular canal	en	anatomie-en	uberon	0		-4.5
right atrium endocardium	en	anatomie-en	uberon	0		-4.5
right auditory cortex	en	anatomie-en	uberon	0		-4.5
right bundle branch	en	anatomie-en	uberon	0		-4.5
right cardiac atrium	en	anatomie-en	uberon	0		-4.5
right cardiac chamber	en	anatomie-en	uberon	0		-4.5
right cerebral hemisphere	en	anatomie-en	uberon	0		-4.5
right colic artery	en	anatomie-en	uberon	0		-4.5
right colic vein	en	anatomie-en	uberon	0		-4.5
right coronary artery	en	anatomie-en	uberon	0		-4.5
right distal ureter	en	anatomie-en	uberon	0		-4.5
right dorsal thalamus	en	anatomie-en	uberon	0		-4.5
right external ear	en	anatomie-en	uberon	0		-4.5
right fallopian tube	en	anatomie-en	uberon	0		-4.5
right frontal lobe	en	anatomie-en	uberon	0		-4.5
right gastric vein	en	anatomie-en	uberon	0		-4.5
right gastroepiploic artery	en	anatomie-en	uberon	0		-4.5
right hepatic artery	en	anatomie-en	uberon	0		-4.5
right hepatic duct	en	anatomie-en	uberon	0		-4.5
right hepatic vein	en	anatomie-en	uberon	0		-4.5
right inguinal part of abdomen	en	anatomie-en	uberon	0		-4.5
right kidney interstitium	en	anatomie-en	uberon	0		-4.5
right lateral ventricle	en	anatomie-en	uberon	0		-4.5
right limbic lobe	en	anatomie-en	uberon	0		-4.5
right lung hilus	en	anatomie-en	uberon	0		-4.5
right lymphatic duct	en	anatomie-en	uberon	0		-4.5
right main bronchus	en	anatomie-en	uberon	0		-4.5
right occipital lobe	en	anatomie-en	uberon	0		-4.5
right outer canthus	en	anatomie-en	uberon	0		-4.5
right ovarian vein	en	anatomie-en	uberon	0		-4.5
right parietal lobe	en	anatomie-en	uberon	0		-4.5
right proximal ureter	en	anatomie-en	uberon	0		-4.5
right pulmonary artery	en	anatomie-en	uberon	0		-4.5
right renal artery	en	anatomie-en	uberon	0		-4.5
right renal pelvis	en	anatomie-en	uberon	0		-4.5
right renal vein	en	anatomie-en	uberon	0		-4.5
right sub-lobar region	en	anatomie-en	uberon	0		-4.5
right subclavian artery	en	anatomie-en	uberon	0		-4.5
right subcostal vein	en	anatomie-en	uberon	0		-4.5
right subhepatic recess	en	anatomie-en	uberon	0		-4.5
right suprarenal vein	en	anatomie-en	uberon	0		-4.5
right temporal lobe	en	anatomie-en	uberon	0		-4.5
right testicular artery	en	anatomie-en	uberon	0		-4.5
right testicular vein	en	anatomie-en	uberon	0		-4.5
right thymus lobe	en	anatomie-en	uberon	0		-4.5
right umbilical artery	en	anatomie-en	uberon	0		-4.5
right umbilical vein	en	anatomie-en	uberon	0		-4.5
right ventricle myocardium	en	anatomie-en	uberon	0		-4.5
right vitelline vein	en	anatomie-en	uberon	0		-4.5
roof of nasopharynx	en	anatomie-en	uberon	0		-4.5
root of nail	en	anatomie-en	uberon	0		-4.5
Ruffini nerve ending	en	anatomie-en	uberon	0		-4.5
sac of scrotum	en	anatomie-en	uberon	0		-4.5
sacral lymph node	en	anatomie-en	uberon	0		-4.5
sacral nerve plexus	en	anatomie-en	uberon	0		-4.5
sacral spinal cord	en	anatomie-en	uberon	0		-4.5
sacral splanchnic nerve	en	anatomie-en	uberon	0		-4.5
sacral vertebra 1	en	anatomie-en	uberon	0		-4.5
sacral vertebra 2	en	anatomie-en	uberon	0		-4.5
sacral vertebra 3	en	anatomie-en	uberon	0		-4.5
sacral vertebra 4	en	anatomie-en	uberon	0		-4.5
scleral lamina cribrosa	en	anatomie-en	uberon	0		-4.5
secondary auditory cortex	en	anatomie-en	uberon	0		-4.5
secondary canine tooth	en	anatomie-en	uberon	0		-4.5
secondary incisor tooth	en	anatomie-en	uberon	0		-4.5
secondary lactiferous duct	en	anatomie-en	uberon	0		-4.5
secondary molar tooth	en	anatomie-en	uberon	0		-4.5
secondary olfactory cortex	en	anatomie-en	uberon	0		-4.5
secondary ossification center	en	anatomie-en	uberon	0		-4.5
secondary ovarian follicle	en	anatomie-en	uberon	0		-4.5
secondary palatal shelf	en	anatomie-en	uberon	0		-4.5
secondary pulmonary lobule	en	anatomie-en	uberon	0		-4.5
section of aorta	en	anatomie-en	uberon	0		-4.5
segment of manus	en	anatomie-en	uberon	0		-4.5
segment of pes	en	anatomie-en	uberon	0		-4.5
segmental lymph node	en	anatomie-en	uberon	0		-4.5
segmental pulmonary artery	en	anatomie-en	uberon	0		-4.5
seminal vesicle fluid	en	anatomie-en	uberon	0		-4.5
seminiferous tubule epithelium	en	anatomie-en	uberon	0		-4.5
septal nuclear complex	en	anatomie-en	uberon	0		-4.5
septum of scrotum	en	anatomie-en	uberon	0		-4.5
septum of telencephalon	en	anatomie-en	uberon	0		-4.5
serosa of appendix	en	anatomie-en	uberon	0		-4.5
serosa of colon	en	anatomie-en	uberon	0		-4.5
serosa of duodenum	en	anatomie-en	uberon	0		-4.5
serosa of esophagus	en	anatomie-en	uberon	0		-4.5
serosa of intestine	en	anatomie-en	uberon	0		-4.5
serosa of jejunum	en	anatomie-en	uberon	0		-4.5
serosa of rectum	en	anatomie-en	uberon	0		-4.5
serosa of stomach	en	anatomie-en	uberon	0		-4.5
serosa of uterus	en	anatomie-en	uberon	0		-4.5
serratus dorsalis muscle	en	anatomie-en	uberon	0		-4.5
sheath of Schwann	en	anatomie-en	uberon	0		-4.5
short ciliary nerve	en	anatomie-en	uberon	0		-4.5
short microvillus layer	en	anatomie-en	uberon	0		-4.5
simple columnar epithelium	en	anatomie-en	uberon	0		-4.5
simple cuboidal epithelium	en	anatomie-en	uberon	0		-4.5
simple squamous epithelium	en	anatomie-en	uberon	0		-4.5
sinus of Valsalva	en	anatomie-en	uberon	0		-4.5
skeletal muscle endomysium	en	anatomie-en	uberon	0		-4.5
skeletal muscle tissue	en	anatomie-en	uberon	0		-4.5
skeleton of manus	en	anatomie-en	uberon	0		-4.5
skeleton of pes	en	anatomie-en	uberon	0		-4.5
skin nerve field	en	anatomie-en	uberon	0		-4.5
skin of ankle	en	anatomie-en	uberon	0		-4.5
skin of back	en	anatomie-en	uberon	0		-4.5
skin of body	en	anatomie-en	uberon	0		-4.5
skin of calf	en	anatomie-en	uberon	0		-4.5
skin of cheek	en	anatomie-en	uberon	0		-4.5
skin of chest	en	anatomie-en	uberon	0		-4.5
skin of clitoris	en	anatomie-en	uberon	0		-4.5
skin of elbow	en	anatomie-en	uberon	0		-4.5
skin of eyelid	en	anatomie-en	uberon	0		-4.5
skin of face	en	anatomie-en	uberon	0		-4.5
skin of forearm	en	anatomie-en	uberon	0		-4.5
skin of forehead	en	anatomie-en	uberon	0		-4.5
skin of head	en	anatomie-en	uberon	0		-4.5
skin of hip	en	anatomie-en	uberon	0		-4.5
skin of knee	en	anatomie-en	uberon	0		-4.5
skin of leg	en	anatomie-en	uberon	0		-4.5
skin of limb	en	anatomie-en	uberon	0		-4.5
skin of lip	en	anatomie-en	uberon	0		-4.5
skin of manus	en	anatomie-en	uberon	0		-4.5
skin of neck	en	anatomie-en	uberon	0		-4.5
skin of pelvis	en	anatomie-en	uberon	0		-4.5
skin of penis	en	anatomie-en	uberon	0		-4.5
skin of pes	en	anatomie-en	uberon	0		-4.5
skin of scalp	en	anatomie-en	uberon	0		-4.5
skin of shoulder	en	anatomie-en	uberon	0		-4.5
skin of trunk	en	anatomie-en	uberon	0		-4.5
skin of wrist	en	anatomie-en	uberon	0		-4.5
small cardiac vein	en	anatomie-en	uberon	0		-4.5
small saphenous vein	en	anatomie-en	uberon	0		-4.5
smooth muscle endomysium	en	anatomie-en	uberon	0		-4.5
smooth muscle tissue	en	anatomie-en	uberon	0		-4.5
solid compound organ	en	anatomie-en	uberon	0		-4.5
somatic nervous system	en	anatomie-en	uberon	0		-4.5
space of Disse	en	telnyx-en	telnyx	0		-4.5
space of Mall	en	anatomie-en	uberon	0		-4.5
spinal cord ependyma	en	anatomie-en	uberon	0		-4.5
spinal cord segment	en	anatomie-en	uberon	0		-4.5
spinal dura mater	en	anatomie-en	uberon	0		-4.5
spinal nerve plexus	en	anatomie-en	uberon	0		-4.5
spinal nerve root	en	anatomie-en	uberon	0		-4.5
spinal nerve trunk	en	anatomie-en	uberon	0		-4.5
spinal trigeminal tract	en	anatomie-en	uberon	0		-4.5
spinalis capitis muscle	en	anatomie-en	uberon	0		-4.5
spinalis cervicis muscle	en	anatomie-en	uberon	0		-4.5
spinalis thoracis muscle	en	anatomie-en	uberon	0		-4.5
spiral modiolar artery	en	anatomie-en	uberon	0		-4.5
spleen lymphoid follicle	en	anatomie-en	uberon	0		-4.5
spleen venous sinus	en	anatomie-en	uberon	0		-4.5
splenium of the corpus callosum	en	anatomie-en	uberon	0		-4.5
sternal lymph node	en	anatomie-en	uberon	0		-4.5
stomach fundus epithelium	en	anatomie-en	uberon	0		-4.5
stomach fundus lumen	en	anatomie-en	uberon	0		-4.5
stomach glandular epithelium	en	anatomie-en	uberon	0		-4.5
stomach muscularis externa	en	anatomie-en	uberon	0		-4.5
stratified columnar epithelium	en	anatomie-en	uberon	0		-4.5
stratified cuboidal epithelium	en	anatomie-en	uberon	0		-4.5
stratified squamous epithelium	en	anatomie-en	uberon	0		-4.5
stria of neuraxis	en	anatomie-en	uberon	0		-4.5
stria of telencephalon	en	anatomie-en	uberon	0		-4.5
striated muscle tissue	en	anatomie-en	uberon	0		-4.5
stroma of pancreas	en	anatomie-en	uberon	0		-4.5
subaortic common iliac lymph node	en	anatomie-en	uberon	0		-4.5
subarachnoid space of spinal cord	en	anatomie-en	uberon	0		-4.5
subcapsular sinus of lymph node	en	anatomie-en	uberon	0		-4.5
submucosa of body of stomach	en	anatomie-en	uberon	0		-4.5
submucosa of cardia of stomach	en	anatomie-en	uberon	0		-4.5
submucosa of common bile duct	en	anatomie-en	uberon	0		-4.5
submucosa of common hepatic duct	en	anatomie-en	uberon	0		-4.5
submucosa of fundus of stomach	en	anatomie-en	uberon	0		-4.5
submucosa of left hepatic duct	en	anatomie-en	uberon	0		-4.5
submucosa of left main bronchus	en	anatomie-en	uberon	0		-4.5
submucosa of right hepatic duct	en	anatomie-en	uberon	0		-4.5
submucosa of right main bronchus	en	anatomie-en	uberon	0		-4.5
superficial cerebral vein	en	anatomie-en	uberon	0		-4.5
superficial cervical artery	en	anatomie-en	uberon	0		-4.5
superficial cervical fascia	en	anatomie-en	uberon	0		-4.5
superficial epigastric artery	en	anatomie-en	uberon	0		-4.5
superficial epigastric vein	en	anatomie-en	uberon	0		-4.5
superficial fibular nerve	en	anatomie-en	uberon	0		-4.5
superficial inguinal ring	en	anatomie-en	uberon	0		-4.5
superficial lymph node	en	anatomie-en	uberon	0		-4.5
superficial lymphatic vessel	en	anatomie-en	uberon	0		-4.5
superficial palmar arch	en	anatomie-en	uberon	0		-4.5
superficial temporal artery	en	anatomie-en	uberon	0		-4.5
superficial temporal vein	en	anatomie-en	uberon	0		-4.5
superior alveolar nerve	en	anatomie-en	uberon	0		-4.5
superior auricular muscle	en	anatomie-en	uberon	0		-4.5
superior calcarine sulcus	en	anatomie-en	uberon	0		-4.5
superior cerebellar artery	en	anatomie-en	uberon	0		-4.5
superior cerebellar vein	en	anatomie-en	uberon	0		-4.5
superior cerebral vein	en	anatomie-en	uberon	0		-4.5
superior cervical ganglion	en	anatomie-en	uberon	0		-4.5
superior epigastric artery	en	anatomie-en	uberon	0		-4.5
superior epigastric vein	en	anatomie-en	uberon	0		-4.5
superior eyelid tarsus	en	anatomie-en	uberon	0		-4.5
superior frontal gyrus	en	anatomie-en	uberon	0		-4.5
superior frontal sulcus	en	anatomie-en	uberon	0		-4.5
superior gemellus muscle	en	anatomie-en	uberon	0		-4.5
superior gluteal artery	en	anatomie-en	uberon	0		-4.5
superior hypophysial artery	en	anatomie-en	uberon	0		-4.5
superior ischial ramus	en	anatomie-en	uberon	0		-4.5
superior laryngeal nerve	en	anatomie-en	uberon	0		-4.5
superior laryngeal vein	en	anatomie-en	uberon	0		-4.5
superior longitudinal fasciculus	en	anatomie-en	uberon	0		-4.5
superior medullary velum	en	anatomie-en	uberon	0		-4.5
superior mesenteric artery	en	anatomie-en	uberon	0		-4.5
superior mesenteric ganglion	en	anatomie-en	uberon	0		-4.5
superior mesenteric plexus	en	anatomie-en	uberon	0		-4.5
superior mesenteric vein	en	anatomie-en	uberon	0		-4.5
superior nasal concha	en	anatomie-en	uberon	0		-4.5
superior nasal meatus	en	anatomie-en	uberon	0		-4.5
superior occipital gyrus	en	anatomie-en	uberon	0		-4.5
superior olivary complex	en	anatomie-en	uberon	0		-4.5
superior ophthalmic vein	en	anatomie-en	uberon	0		-4.5
superior orbital fissure	en	anatomie-en	uberon	0		-4.5
superior palpebral vein	en	anatomie-en	uberon	0		-4.5
superior pancreaticoduodenal artery	en	anatomie-en	uberon	0		-4.5
superior parathyroid gland	en	anatomie-en	uberon	0		-4.5
superior parietal cortex	en	anatomie-en	uberon	0		-4.5
superior parietal sulcus	en	anatomie-en	uberon	0		-4.5
superior pharyngeal constrictor	en	anatomie-en	uberon	0		-4.5
superior phrenic artery	en	anatomie-en	uberon	0		-4.5
superior phrenic vein	en	anatomie-en	uberon	0		-4.5
superior postcentral sulcus	en	anatomie-en	uberon	0		-4.5
superior precentral sulcus	en	anatomie-en	uberon	0		-4.5
superior pubic ramus	en	anatomie-en	uberon	0		-4.5
superior rectal artery	en	anatomie-en	uberon	0		-4.5
superior rostral sulcus	en	anatomie-en	uberon	0		-4.5
superior sagittal sinus	en	anatomie-en	uberon	0		-4.5
superior sagittal sulcus	en	anatomie-en	uberon	0		-4.5
superior suprarenal artery	en	anatomie-en	uberon	0		-4.5
superior tarsal muscle	en	anatomie-en	uberon	0		-4.5
superior temporal gyrus	en	anatomie-en	uberon	0		-4.5
superior temporal sulcus	en	anatomie-en	uberon	0		-4.5
superior thalamic peduncle	en	anatomie-en	uberon	0		-4.5
superior thoracic artery	en	anatomie-en	uberon	0		-4.5
superior thyroid artery	en	anatomie-en	uberon	0		-4.5
superior thyroid vein	en	anatomie-en	uberon	0		-4.5
superior tibiofibular joint	en	anatomie-en	uberon	0		-4.5
superior vesical artery	en	anatomie-en	uberon	0		-4.5
supplemental motor cortex	en	anatomie-en	uberon	0		-4.5
supreme nasal concha	en	anatomie-en	uberon	0		-4.5
surface of cartilage	en	anatomie-en	uberon	0		-4.5
surface of epithelium	en	anatomie-en	uberon	0		-4.5
surface of eyeball	en	anatomie-en	uberon	0		-4.5
surface of mandible	en	anatomie-en	uberon	0		-4.5
surface of occiput	en	anatomie-en	uberon	0		-4.5
surface of prostate	en	anatomie-en	uberon	0		-4.5
surface of tongue	en	anatomie-en	uberon	0		-4.5
sweat of axilla	en	anatomie-en	uberon	0		-4.5
sweat of palm	en	anatomie-en	uberon	0		-4.5
sympathetic nervous system	en	anatomie-en	uberon	0		-4.5
synovial limb joint	en	anatomie-en	uberon	0		-4.5
systemic arterial system	en	anatomie-en	uberon	0		-4.5
systemic capillary plexus	en	anatomie-en	uberon	0		-4.5
systemic venous system	en	anatomie-en	uberon	0		-4.5
tail of pancreas	en	anatomie-en	uberon	0		-4.5
tendon of semitendinosus	en	anatomie-en	uberon	0		-4.5
tensor veli palatini	en	anatomie-en	uberon	0		-4.5
teres major muscle	en	anatomie-en	uberon	0		-4.5
teres minor muscle	en	anatomie-en	uberon	0		-4.5
terminal bronchiole epithelium	en	anatomie-en	uberon	0		-4.5
terminal lactiferous duct	en	anatomie-en	uberon	0		-4.5
terminal nerve root	en	anatomie-en	uberon	0		-4.5
tertiary lactiferous duct	en	anatomie-en	uberon	0		-4.5
tertiary ovarian follicle	en	anatomie-en	uberon	0		-4.5
tetrapod frontal bone	en	anatomie-en	uberon	0		-4.5
tetrapod parietal bone	en	anatomie-en	uberon	0		-4.5
thalamic fiber tract	en	anatomie-en	uberon	0		-4.5
theca cell layer	en	anatomie-en	uberon	0		-4.5
third ventricle ependyma	en	anatomie-en	uberon	0		-4.5
thoracic aortic plexus	en	anatomie-en	uberon	0		-4.5
thoracic lymph node	en	anatomie-en	uberon	0		-4.5
thoracic mammary gland	en	anatomie-en	uberon	0		-4.5
thoracic rib cage	en	anatomie-en	uberon	0		-4.5
thoracic spinal cord	en	anatomie-en	uberon	0		-4.5
thoracic splanchnic nerve	en	anatomie-en	uberon	0		-4.5
thoracic vertebra 1	en	anatomie-en	uberon	0		-4.5
thoracic vertebra 10	en	anatomie-en	uberon	0		-4.5
thoracic vertebra 11	en	anatomie-en	uberon	0		-4.5
thoracic vertebra 12	en	anatomie-en	uberon	0		-4.5
thoracic vertebra 2	en	anatomie-en	uberon	0		-4.5
thoracic vertebra 3	en	anatomie-en	uberon	0		-4.5
thoracic vertebra 4	en	anatomie-en	uberon	0		-4.5
thoracic vertebra 5	en	anatomie-en	uberon	0		-4.5
thoracic vertebra 6	en	anatomie-en	uberon	0		-4.5
thoracic vertebra 7	en	anatomie-en	uberon	0		-4.5
thoracic vertebra 8	en	anatomie-en	uberon	0		-4.5
thoracic vertebra 9	en	anatomie-en	uberon	0		-4.5
thoracic vertebral arch	en	anatomie-en	uberon	0		-4.5
thoracic vertebral foramen	en	anatomie-en	uberon	0		-4.5
tibial lymph node	en	anatomie-en	uberon	0		-4.5
tongue keratinized epithelium	en	anatomie-en	uberon	0		-4.5
tooth enamel organ	en	anatomie-en	uberon	0		-4.5
top of head	en	anatomie-en	uberon	0		-4.5
trabecula of spleen	en	anatomie-en	uberon	0		-4.5
trabecular bone tissue	en	anatomie-en	uberon	0		-4.5
tracheobronchial lymph node	en	anatomie-en	uberon	0		-4.5
tract of brain	en	anatomie-en	uberon	0		-4.5
tract of diencephalon	en	anatomie-en	uberon	0		-4.5
transitional epithelium of major calyx	en	anatomie-en	uberon	0		-4.5
transitional epithelium of prostatic urethra	en	anatomie-en	uberon	0		-4.5
transverse process of cervical vertebra	en	anatomie-en	uberon	0		-4.5
transverse process of lumbar vertebra	en	anatomie-en	uberon	0		-4.5
tricuspid valve anulus	en	anatomie-en	uberon	0		-4.5
tricuspid valve cusp	en	anatomie-en	uberon	0		-4.5
tricuspid valve leaflet	en	anatomie-en	uberon	0		-4.5
trigeminal nerve fibers	en	anatomie-en	uberon	0		-4.5
trigeminal nerve root	en	anatomie-en	uberon	0		-4.5
trigeminal nuclear complex	en	anatomie-en	uberon	0		-4.5
trochlea of humerus	en	anatomie-en	uberon	0		-4.5
tubercle of rib	en	anatomie-en	uberon	0		-4.5
tunica vasculosa lentis	en	anatomie-en	uberon	0		-4.5
undifferentiated genital tubercle	en	anatomie-en	uberon	0		-4.5
unencapsulated tactile receptor	en	anatomie-en	uberon	0		-4.5
unmyelinated nerve fiber	en	anatomie-en	uberon	0		-4.5
upper arm skin	en	anatomie-en	uberon	0		-4.5
upper digestive tract	en	anatomie-en	uberon	0		-4.5
upper esophageal sphincter	en	anatomie-en	uberon	0		-4.5
upper jaw incisor	en	anatomie-en	uberon	0		-4.5
upper jaw molar	en	anatomie-en	uberon	0		-4.5
upper jaw region	en	anatomie-en	uberon	0		-4.5
upper leg skin	en	anatomie-en	uberon	0		-4.5
upper limb segment	en	anatomie-en	uberon	0		-4.5
upper respiratory conduit	en	anatomie-en	uberon	0		-4.5
upper respiratory tract	en	anatomie-en	uberon	0		-4.5
upper urinary tract	en	anatomie-en	uberon	0		-4.5
ureteric segment of renal artery	en	anatomie-en	uberon	0		-4.5
urinary bladder urothelium	en	anatomie-en	uberon	0		-4.5
urothelium of ureter	en	anatomie-en	uberon	0		-4.5
uterine tube infundibulum	en	anatomie-en	uberon	0		-4.5
uterine venous plexus	en	anatomie-en	uberon	0		-4.5
vaginal venous plexus	en	anatomie-en	uberon	0		-4.5
vagus X ganglion	en	anatomie-en	uberon	0		-4.5
vallecula of cerebellum	en	anatomie-en	uberon	0		-4.5
vas deferens epithelium	en	anatomie-en	uberon	0		-4.5
vasa hyaloidea propria	en	anatomie-en	uberon	0		-4.5
vasculature of brain	en	anatomie-en	uberon	0		-4.5
vasculature of eye	en	anatomie-en	uberon	0		-4.5
vasculature of head	en	anatomie-en	uberon	0		-4.5
vasculature of integument	en	anatomie-en	uberon	0		-4.5
vasculature of liver	en	anatomie-en	uberon	0		-4.5
vasculature of organ	en	anatomie-en	uberon	0		-4.5
vasculature of retina	en	anatomie-en	uberon	0		-4.5
vasculature of spleen	en	anatomie-en	uberon	0		-4.5
vasculature of trunk	en	anatomie-en	uberon	0		-4.5
vault of skull	en	anatomie-en	uberon	0		-4.5
vena cava sinus	en	anatomie-en	uberon	0		-4.5
venous blood vessel	en	anatomie-en	uberon	0		-4.5
venous dural sinus	en	anatomie-en	uberon	0		-4.5
ventral acoustic stria	en	anatomie-en	uberon	0		-4.5
ventral amygdalofugal projection	en	anatomie-en	uberon	0		-4.5
ventral body wall	en	anatomie-en	uberon	0		-4.5
ventral corticospinal tract	en	anatomie-en	uberon	0		-4.5
ventral nuclear group	en	anatomie-en	uberon	0		-4.5
ventral pancreatic duct	en	anatomie-en	uberon	0		-4.5
ventral supraoptic decussation	en	anatomie-en	uberon	0		-4.5
ventral tegmental area	en	anatomie-en	uberon	0		-4.5
ventral tegmental decussation	en	anatomie-en	uberon	0		-4.5
ventral thalamic fasciculus	en	anatomie-en	uberon	0		-4.5
ventral trigeminal tract	en	anatomie-en	uberon	0		-4.5
vertebral arch joint	en	anatomie-en	uberon	0		-4.5
vertebral bone 1	en	anatomie-en	uberon	0		-4.5
vertebral bone 2	en	anatomie-en	uberon	0		-4.5
vertebral venous plexus	en	anatomie-en	uberon	0		-4.5
vestibular bulb artery	en	anatomie-en	uberon	0		-4.5
vestibular bulb vein	en	anatomie-en	uberon	0		-4.5
vestibular nuclear complex	en	anatomie-en	uberon	0		-4.5
vestibule of vagina	en	anatomie-en	uberon	0		-4.5
vestibulocochlear nerve root	en	anatomie-en	uberon	0		-4.5
vinculum of tendon	en	anatomie-en	uberon	0		-4.5
visceral lymph node of abdomen	en	anatomie-en	uberon	0		-4.5
visceral serous membrane	en	anatomie-en	uberon	0		-4.5
visceral serous pericardium	en	anatomie-en	uberon	0		-4.5
visceral yolk sac	en	anatomie-en	uberon	0		-4.5
wall of appendix	en	anatomie-en	uberon	0		-4.5
wall of esophagus	en	anatomie-en	uberon	0		-4.5
wall of eyeball	en	anatomie-en	uberon	0		-4.5
wall of gallbladder	en	anatomie-en	uberon	0		-4.5
wall of heart	en	anatomie-en	uberon	0		-4.5
wall of intestine	en	anatomie-en	uberon	0		-4.5
wall of orbit	en	anatomie-en	uberon	0		-4.5
wall of stomach	en	anatomie-en	uberon	0		-4.5
wall of ureter	en	anatomie-en	uberon	0		-4.5
wall of urethra	en	anatomie-en	uberon	0		-4.5
wall of vagina	en	anatomie-en	uberon	0		-4.5
white adipose tissue	en	anatomie-en	uberon	0		-4.5
white matter radiation	en	anatomie-en	uberon	0		-4.5
xiphoid process bone	en	anatomie-en	uberon	0		-4.5
yellow bone marrow	en	anatomie-en	uberon	0		-4.5
yolk sac cavity	en	anatomie-en	uberon	0		-4.5
zone of organ	en	anatomie-en	uberon	0		-4.5
zone of skin	en	anatomie-en	uberon	0		-4.5
zone of stomach	en	anatomie-en	uberon	0		-4.5
zygomaticus major muscle	en	anatomie-en	uberon	0		-4.5
zygomaticus minor muscle	en	anatomie-en	uberon	0		-4.5
abdominal external oblique muscle	en	anatomie-en	uberon	0		-5.0
abdominal internal oblique muscle	en	anatomie-en	uberon	0		-5.0
abdominal part of esophagus	en	anatomie-en	uberon	0		-5.0
abdominal segment of trunk	en	anatomie-en	uberon	0		-5.0
abductor pollicis brevis muscle	en	anatomie-en	uberon	0		-5.0
accessory cervical lymph node	en	anatomie-en	uberon	0		-5.0
accessory nerve fiber bundle	en	anatomie-en	uberon	0		-5.0
acinus of areolar gland	en	anatomie-en	uberon	0		-5.0
acinus of lacrimal gland	en	anatomie-en	uberon	0		-5.0
acinus of lactiferous gland	en	anatomie-en	uberon	0		-5.0
acinus of parotid gland	en	anatomie-en	uberon	0		-5.0
acinus of salivary gland	en	anatomie-en	uberon	0		-5.0
acinus of sebaceous gland	en	anatomie-en	uberon	0		-5.0
adrenal gland cortex zone	en	anatomie-en	uberon	0		-5.0
adventitia of ductus deferens	en	anatomie-en	uberon	0		-5.0
adventitia of seminal vesicle	en	anatomie-en	uberon	0		-5.0
air in respiratory system	en	anatomie-en	uberon	0		-5.0
alveolar process of maxilla	en	anatomie-en	uberon	0		-5.0
alveolar ridge of mandible	en	anatomie-en	uberon	0		-5.0
alveus of CA2 field	en	anatomie-en	uberon	0		-5.0
amiculum of inferior olive	en	anatomie-en	uberon	0		-5.0
ampulla of fallopian tube	en	anatomie-en	uberon	0		-5.0
anal part of perineum	en	anatomie-en	uberon	0		-5.0
anatomical line along groove	en	anatomie-en	uberon	0		-5.0
angle of oral opening	en	anatomie-en	uberon	0		-5.0
annular ligament of stapes	en	anatomie-en	uberon	0		-5.0
annulus fibrosus disci intervertebralis	en	anatomie-en	uberon	0		-5.0
ansiform lobule crus I	en	anatomie-en	uberon	0		-5.0
ansiform lobule crus II	en	anatomie-en	uberon	0		-5.0
ansoparamedian fissure of cerebellum	en	anatomie-en	uberon	0		-5.0
anterior abdominal wall muscle	en	anatomie-en	uberon	0		-5.0
anterior auricular lymph node	en	anatomie-en	uberon	0		-5.0
anterior cervical lymph node	en	anatomie-en	uberon	0		-5.0
anterior chamber of eyeball	en	anatomie-en	uberon	0		-5.0
anterior column of fornix	en	anatomie-en	uberon	0		-5.0
anterior commissure anterior part	en	anatomie-en	uberon	0		-5.0
anterior diaphragmatic lymph node	en	anatomie-en	uberon	0		-5.0
anterior fornix of vagina	en	anatomie-en	uberon	0		-5.0
anterior inferior cerebellar artery	en	anatomie-en	uberon	0		-5.0
anterior inferior iliac spine	en	anatomie-en	uberon	0		-5.0
anterior lobe of cerebellum	en	anatomie-en	uberon	0		-5.0
anterior mediastinal lymph node	en	anatomie-en	uberon	0		-5.0
anterior middle temporal sulcus	en	anatomie-en	uberon	0		-5.0
anterior nucleus of hypothalamus	en	anatomie-en	uberon	0		-5.0
anterior pancreaticoduodenal lymph node	en	anatomie-en	uberon	0		-5.0
anterior part of tongue	en	anatomie-en	uberon	0		-5.0
anterior pole of lens	en	anatomie-en	uberon	0		-5.0
anterior segment of eyeball	en	anatomie-en	uberon	0		-5.0
anterior superior alveolar nerve	en	anatomie-en	uberon	0		-5.0
anterior superior frontal sulcus	en	anatomie-en	uberon	0		-5.0
anterior superior iliac spine	en	anatomie-en	uberon	0		-5.0
anterior surface of kidney	en	anatomie-en	uberon	0		-5.0
anterior surface of prostate	en	anatomie-en	uberon	0		-5.0
anterior transverse temporal gyrus	en	anatomie-en	uberon	0		-5.0
anterodorsal nucleus of thalamus	en	anatomie-en	uberon	0		-5.0
anteromedial nucleus of thalamus	en	anatomie-en	uberon	0		-5.0
anteroventral nucleus of thalamus	en	anatomie-en	uberon	0		-5.0
anular ligament of radius	en	anatomie-en	uberon	0		-5.0
apex of urinary bladder	en	anatomie-en	uberon	0		-5.0
apical axillary lymph node	en	anatomie-en	uberon	0		-5.0
aqueous humor of eyeball	en	anatomie-en	uberon	0		-5.0
arcuate artery of foot	en	anatomie-en	uberon	0		-5.0
arcuate nucleus of hypothalamus	en	anatomie-en	uberon	0		-5.0
arcuate nucleus of medulla	en	anatomie-en	uberon	0		-5.0
area X of ventral lateral nucleus	en	anatomie-en	uberon	0		-5.0
artery of lower lip	en	anatomie-en	uberon	0		-5.0
artery of upper lip	en	anatomie-en	uberon	0		-5.0
artery smooth muscle tissue	en	anatomie-en	uberon	0		-5.0
articular cartilage of joint	en	anatomie-en	uberon	0		-5.0
atretic follicle of ovary	en	anatomie-en	uberon	0		-5.0
axillary tail of breast	en	anatomie-en	uberon	0		-5.0
bare area of liver	en	anatomie-en	uberon	0		-5.0
basal lamina of epithelium	en	anatomie-en	uberon	0		-5.0
basal layer of endometrium	en	anatomie-en	uberon	0		-5.0
basal nucleus of telencephalon	en	anatomie-en	uberon	0		-5.0
basal part of pons	en	anatomie-en	uberon	0		-5.0
basal zone of heart	en	anatomie-en	uberon	0		-5.0
base of cochlear canal	en	anatomie-en	uberon	0		-5.0
base of glans penis	en	anatomie-en	uberon	0		-5.0
basement membrane of epithelium	en	anatomie-en	uberon	0		-5.0
basilar membrane of cochlea	en	anatomie-en	uberon	0		-5.0
basolateral amygdaloid nuclear complex	en	anatomie-en	uberon	0		-5.0
body of corpus callosum	en	anatomie-en	uberon	0		-5.0
body of lateral ventricle	en	anatomie-en	uberon	0		-5.0
bone marrow of calvaria	en	anatomie-en	uberon	0		-5.0
bone marrow of skull	en	anatomie-en	uberon	0		-5.0
bone of hip region	en	anatomie-en	uberon	0		-5.0
bone tissue of epiphysis	en	anatomie-en	uberon	0		-5.0
brachium of inferior colliculus	en	anatomie-en	uberon	0		-5.0
brachium of superior colliculus	en	anatomie-en	uberon	0		-5.0
branch of basilar artery	en	anatomie-en	uberon	0		-5.0
branch of brachial artery	en	anatomie-en	uberon	0		-5.0
branch of ulnar artery	en	anatomie-en	uberon	0		-5.0
branch of vertebral artery	en	anatomie-en	uberon	0		-5.0
broad ligament of uterus	en	anatomie-en	uberon	0		-5.0
Brodmann (1909) area 1	en	anatomie-en	uberon	0		-5.0
Brodmann (1909) area 10	en	anatomie-en	uberon	0		-5.0
Brodmann (1909) area 11	en	anatomie-en	uberon	0		-5.0
Brodmann (1909) area 12	en	anatomie-en	uberon	0		-5.0
Brodmann (1909) area 13	en	anatomie-en	uberon	0		-5.0
Brodmann (1909) area 14	en	anatomie-en	uberon	0		-5.0
Brodmann (1909) area 15	en	anatomie-en	uberon	0		-5.0
Brodmann (1909) area 16	en	anatomie-en	uberon	0		-5.0
Brodmann (1909) area 17	en	anatomie-en	uberon	0		-5.0
Brodmann (1909) area 18	en	anatomie-en	uberon	0		-5.0
Brodmann (1909) area 19	en	anatomie-en	uberon	0		-5.0
Brodmann (1909) area 2	en	anatomie-en	uberon	0		-5.0
Brodmann (1909) area 20	en	anatomie-en	uberon	0		-5.0
Brodmann (1909) area 21	en	anatomie-en	uberon	0		-5.0
Brodmann (1909) area 22	en	anatomie-en	uberon	0		-5.0
Brodmann (1909) area 23	en	anatomie-en	uberon	0		-5.0
Brodmann (1909) area 24	en	anatomie-en	uberon	0		-5.0
Brodmann (1909) area 25	en	anatomie-en	uberon	0		-5.0
Brodmann (1909) area 26	en	anatomie-en	uberon	0		-5.0
Brodmann (1909) area 27	en	anatomie-en	uberon	0		-5.0
Brodmann (1909) area 28	en	anatomie-en	uberon	0		-5.0
Brodmann (1909) area 29	en	anatomie-en	uberon	0		-5.0
Brodmann (1909) area 3	en	anatomie-en	uberon	0		-5.0
Brodmann (1909) area 30	en	anatomie-en	uberon	0		-5.0
Brodmann (1909) area 31	en	anatomie-en	uberon	0		-5.0
Brodmann (1909) area 32	en	anatomie-en	uberon	0		-5.0
Brodmann (1909) area 33	en	anatomie-en	uberon	0		-5.0
Brodmann (1909) area 34	en	anatomie-en	uberon	0		-5.0
Brodmann (1909) area 35	en	anatomie-en	uberon	0		-5.0
Brodmann (1909) area 36	en	anatomie-en	uberon	0		-5.0
Brodmann (1909) area 37	en	anatomie-en	uberon	0		-5.0
Brodmann (1909) area 38	en	anatomie-en	uberon	0		-5.0
Brodmann (1909) area 39	en	anatomie-en	uberon	0		-5.0
Brodmann (1909) area 4	en	anatomie-en	uberon	0		-5.0
Brodmann (1909) area 40	en	anatomie-en	uberon	0		-5.0
Brodmann (1909) area 43	en	anatomie-en	uberon	0		-5.0
Brodmann (1909) area 44	en	anatomie-en	uberon	0		-5.0
Brodmann (1909) area 45	en	anatomie-en	uberon	0		-5.0
Brodmann (1909) area 46	en	anatomie-en	uberon	0		-5.0
Brodmann (1909) area 47	en	anatomie-en	uberon	0		-5.0
Brodmann (1909) area 48	en	anatomie-en	uberon	0		-5.0
Brodmann (1909) area 5	en	anatomie-en	uberon	0		-5.0
Brodmann (1909) area 52	en	anatomie-en	uberon	0		-5.0
Brodmann (1909) area 6	en	anatomie-en	uberon	0		-5.0
Brodmann (1909) area 7	en	anatomie-en	uberon	0		-5.0
Brodmann (1909) area 8	en	anatomie-en	uberon	0		-5.0
Brodmann (1909) area 9	en	anatomie-en	uberon	0		-5.0
bulb of hair follicle	en	anatomie-en	uberon	0		-5.0
CA1 field of hippocampus	en	anatomie-en	uberon	0		-5.0
CA1 stratum lacunosum moleculare	en	anatomie-en	uberon	0		-5.0
CA2 field of hippocampus	en	anatomie-en	uberon	0		-5.0
CA2 stratum lacunosum moleculare	en	anatomie-en	uberon	0		-5.0
CA3 field of hippocampus	en	anatomie-en	uberon	0		-5.0
CA3 stratum lacunosum moleculare	en	anatomie-en	uberon	0		-5.0
CA4 field of hippocampus	en	anatomie-en	uberon	0		-5.0
capillary layer of choroid	en	anatomie-en	uberon	0		-5.0
capillary network of kidney	en	anatomie-en	uberon	0		-5.0
capillary network of liver	en	anatomie-en	uberon	0		-5.0
capsule of lymph node	en	anatomie-en	uberon	0		-5.0
capsule of parathyroid gland	en	anatomie-en	uberon	0		-5.0
capsule of temporomandibular joint	en	anatomie-en	uberon	0		-5.0
capsule of thyroid gland	en	anatomie-en	uberon	0		-5.0
cardiac muscle tissue of cardiac septum	en	anatomie-en	uberon	0		-5.0
cardiac muscle tissue of interatrial septum	en	anatomie-en	uberon	0		-5.0
cardiac muscle tissue of interventricular septum	en	anatomie-en	uberon	0		-5.0
cardiac muscle tissue of left auricle	en	anatomie-en	uberon	0		-5.0
cardiac muscle tissue of papillary muscle	en	anatomie-en	uberon	0		-5.0
cardiac muscle tissue of right auricle	en	anatomie-en	uberon	0		-5.0
cartilage of external ear	en	anatomie-en	uberon	0		-5.0
cartilage of main bronchus	en	anatomie-en	uberon	0		-5.0
cartilage of nasal septum	en	anatomie-en	uberon	0		-5.0
cartilage of pharyngotympanic tube	en	anatomie-en	uberon	0		-5.0
cartilage tissue of sternum	en	anatomie-en	uberon	0		-5.0
cartilaginous external acoustic tube	en	anatomie-en	uberon	0		-5.0
caudal anterior cingulate cortex	en	anatomie-en	uberon	0		-5.0
caudal humeral circumflex vein	en	anatomie-en	uberon	0		-5.0
caudal middle frontal gyrus	en	anatomie-en	uberon	0		-5.0
caudal part of spinal trigeminal nucleus	en	anatomie-en	uberon	0		-5.0
caudal part of ventral lateral nucleus	en	anatomie-en	uberon	0		-5.0
caudate lobe of liver	en	anatomie-en	uberon	0		-5.0
cavity of bone organ	en	anatomie-en	uberon	0		-5.0
cavity of cardiac chamber	en	anatomie-en	uberon	0		-5.0
cavity of left atrium	en	anatomie-en	uberon	0		-5.0
cavity of left ventricle	en	anatomie-en	uberon	0		-5.0
cavity of right atrium	en	anatomie-en	uberon	0		-5.0
cavity of right ventricle	en	anatomie-en	uberon	0		-5.0
central axillary lymph node	en	anatomie-en	uberon	0		-5.0
central sulcus of insula	en	anatomie-en	uberon	0		-5.0
central tendon of diaphragm	en	anatomie-en	uberon	0		-5.0
central vein of liver	en	anatomie-en	uberon	0		-5.0
centromedian nucleus of thalamus	en	anatomie-en	uberon	0		-5.0
cerebellum hemispheric lobule II	en	anatomie-en	uberon	0		-5.0
cerebellum hemispheric lobule III	en	anatomie-en	uberon	0		-5.0
cerebellum hemispheric lobule IV	en	anatomie-en	uberon	0		-5.0
cerebellum hemispheric lobule V	en	anatomie-en	uberon	0		-5.0
cerebellum vermis lobule I	en	anatomie-en	uberon	0		-5.0
cerebellum vermis lobule II	en	anatomie-en	uberon	0		-5.0
cerebellum vermis lobule III	en	anatomie-en	uberon	0		-5.0
cerebellum vermis lobule IV	en	anatomie-en	uberon	0		-5.0
cerebellum vermis lobule IX	en	anatomie-en	uberon	0		-5.0
cerebellum vermis lobule V	en	anatomie-en	uberon	0		-5.0
cerebellum vermis lobule VI	en	anatomie-en	uberon	0		-5.0
cerebellum vermis lobule VII	en	anatomie-en	uberon	0		-5.0
cerebellum vermis lobule VIIA	en	anatomie-en	uberon	0		-5.0
cerebellum vermis lobule VIIB	en	anatomie-en	uberon	0		-5.0
cerebellum vermis lobule VIII	en	anatomie-en	uberon	0		-5.0
cerebellum vermis lobule X	en	anatomie-en	uberon	0		-5.0
cervical dorsal root ganglion	en	anatomie-en	uberon	0		-5.0
cervical part of esophagus	en	anatomie-en	uberon	0		-5.0
cervical sympathetic nerve trunk	en	anatomie-en	uberon	0		-5.0
cervical vertebral arch joint	en	anatomie-en	uberon	0		-5.0
ciliated columnar oviduct epithelium	en	anatomie-en	uberon	0		-5.0
ciliated stratified columnar epithelium	en	anatomie-en	uberon	0		-5.0
cingulum of canine tooth	en	anatomie-en	uberon	0		-5.0
cingulum of incisor tooth	en	anatomie-en	uberon	0		-5.0
circular sulcus of insula	en	anatomie-en	uberon	0		-5.0
cistern of lamina terminalis	en	anatomie-en	uberon	0		-5.0
clivus of fovea centralis	en	anatomie-en	uberon	0		-5.0
clivus of occipital bone	en	anatomie-en	uberon	0		-5.0
commissure of inferior colliculus	en	anatomie-en	uberon	0		-5.0
commissure of superior colliculus	en	anatomie-en	uberon	0		-5.0
common hepatic lymph node	en	anatomie-en	uberon	0		-5.0
common iliac lymph node	en	anatomie-en	uberon	0		-5.0
common palmar digital artery	en	anatomie-en	uberon	0		-5.0
common palmar digital vein	en	anatomie-en	uberon	0		-5.0
common plantar digital arteries	en	anatomie-en	uberon	0		-5.0
compact bone of diaphysis	en	anatomie-en	uberon	0		-5.0
conchal part of pinna	en	anatomie-en	uberon	0		-5.0
conducting system of heart	en	anatomie-en	uberon	0		-5.0
conducting tissue of heart	en	anatomie-en	uberon	0		-5.0
constrictor muscle of pharynx	en	anatomie-en	uberon	0		-5.0
coracoid process of scapula	en	anatomie-en	uberon	0		-5.0
core of nucleus accumbens	en	anatomie-en	uberon	0		-5.0
corona of glans penis	en	anatomie-en	uberon	0		-5.0
corona radiata of neuraxis	en	anatomie-en	uberon	0		-5.0
coronary ligament of liver	en	anatomie-en	uberon	0		-5.0
coronoid process of ulna	en	anatomie-en	uberon	0		-5.0
corpus spongiosum of penis	en	anatomie-en	uberon	0		-5.0
cortex of cerebral lobe	en	anatomie-en	uberon	0		-5.0
cortex of lymph node	en	anatomie-en	uberon	0		-5.0
cortical arch of kidney	en	anatomie-en	uberon	0		-5.0
cruciate ligament of atlas	en	anatomie-en	uberon	0		-5.0
cruciate ligament of knee	en	anatomie-en	uberon	0		-5.0
cuneate fasciculus of medulla	en	anatomie-en	uberon	0		-5.0
cusp of cardiac valve	en	anatomie-en	uberon	0		-5.0
cymba conchae of pinna	en	anatomie-en	uberon	0		-5.0
cytoarchitecture of entorhinal cortex	en	anatomie-en	uberon	0		-5.0
dartos muscle of scrotum	en	anatomie-en	uberon	0		-5.0
decussation of medial lemniscus	en	anatomie-en	uberon	0		-5.0
decussation of trochlear nerve	en	anatomie-en	uberon	0		-5.0
deep artery of clitoris	en	anatomie-en	uberon	0		-5.0
deep artery of penis	en	anatomie-en	uberon	0		-5.0
deep circumflex iliac artery	en	anatomie-en	uberon	0		-5.0
deep circumflex iliac vein	en	anatomie-en	uberon	0		-5.0
deep external pudendal artery	en	anatomie-en	uberon	0		-5.0
deep external pudendal vein	en	anatomie-en	uberon	0		-5.0
deep inguinal lymph node	en	anatomie-en	uberon	0		-5.0
deep middle cerebral vein	en	anatomie-en	uberon	0		-5.0
deep parotid lymph node	en	anatomie-en	uberon	0		-5.0
deep popliteal lymph node	en	anatomie-en	uberon	0		-5.0
dense irregular connective tissue	en	anatomie-en	uberon	0		-5.0
dense regular connective tissue	en	anatomie-en	uberon	0		-5.0
dense regular elastic tissue	en	anatomie-en	uberon	0		-5.0
densocellular part of medial dorsal nucleus	en	anatomie-en	uberon	0		-5.0
dentate gyrus molecular layer	en	anatomie-en	uberon	0		-5.0
depressor anguli oris muscle	en	anatomie-en	uberon	0		-5.0
diagonal band of Broca	en	anatomie-en	uberon	0		-5.0
diaphysis of metacarpal bone	en	anatomie-en	uberon	0		-5.0
diaphysis of metatarsal bone	en	anatomie-en	uberon	0		-5.0
digit 1 or 5	en	anatomie-en	uberon	0		-5.0
disk of temporomandibular joint	en	anatomie-en	uberon	0		-5.0
distal carpal bone 1	en	anatomie-en	uberon	0		-5.0
distal carpal bone 2	en	anatomie-en	uberon	0		-5.0
distal carpal bone 3	en	anatomie-en	uberon	0		-5.0
distal carpal bone 4	en	anatomie-en	uberon	0		-5.0
distal epiphysis of femur	en	anatomie-en	uberon	0		-5.0
distal epiphysis of fibula	en	anatomie-en	uberon	0		-5.0
distal epiphysis of humerus	en	anatomie-en	uberon	0		-5.0
distal epiphysis of radius	en	anatomie-en	uberon	0		-5.0
distal epiphysis of tibia	en	anatomie-en	uberon	0		-5.0
distal epiphysis of ulna	en	anatomie-en	uberon	0		-5.0
distal metaphysis of femur	en	anatomie-en	uberon	0		-5.0
distal phalanx of manus	en	anatomie-en	uberon	0		-5.0
distal phalanx of pes	en	anatomie-en	uberon	0		-5.0
distal tarsal bone 1	en	anatomie-en	uberon	0		-5.0
distal tarsal bone 2	en	anatomie-en	uberon	0		-5.0
distal tarsal bone 3	en	anatomie-en	uberon	0		-5.0
dome of urinary bladder	en	anatomie-en	uberon	0		-5.0
dorsal artery of clitoris	en	anatomie-en	uberon	0		-5.0
dorsal artery of penis	en	anatomie-en	uberon	0		-5.0
dorsal interosseous of manus	en	anatomie-en	uberon	0		-5.0
dorsal nerve of clitoris	en	anatomie-en	uberon	0		-5.0
dorsal nerve of penis	en	anatomie-en	uberon	0		-5.0
dorsal part of neck	en	anatomie-en	uberon	0		-5.0
dorsal pes interosseous muscle	en	anatomie-en	uberon	0		-5.0
dorsal plus ventral thalamus	en	anatomie-en	uberon	0		-5.0
dorsal skin of finger	en	anatomie-en	uberon	0		-5.0
dorsal skin of toe	en	anatomie-en	uberon	0		-5.0
dorsal surface of penis	en	anatomie-en	uberon	0		-5.0
dorsolateral fasciculus of medulla	en	anatomie-en	uberon	0		-5.0
dorsomedial nucleus of hypothalamus	en	anatomie-en	uberon	0		-5.0
duct of areolar gland	en	anatomie-en	uberon	0		-5.0
duct of bulbourethral gland	en	anatomie-en	uberon	0		-5.0
duct of salivary gland	en	anatomie-en	uberon	0		-5.0
duct of sebaceous gland	en	anatomie-en	uberon	0		-5.0
duct of seminal vesicle	en	anatomie-en	uberon	0		-5.0
duct of vestibular gland	en	anatomie-en	uberon	0		-5.0
eighth anterior intercostal artery	en	anatomie-en	uberon	0		-5.0
entire pharyngeal arch endoderm	en	anatomie-en	uberon	0		-5.0
entire sense organ system	en	anatomie-en	uberon	0		-5.0
entire surface of organism	en	anatomie-en	uberon	0		-5.0
epiphysis of distal phalanx of manus	en	anatomie-en	uberon	0		-5.0
epithelium of duct of salivary gland	en	anatomie-en	uberon	0		-5.0
erector spinae muscle group	en	anatomie-en	uberon	0		-5.0
extensor carpi ulnaris muscle	en	anatomie-en	uberon	0		-5.0
extensor digiti minimi muscle	en	anatomie-en	uberon	0		-5.0
extensor digitorum brevis pes	en	anatomie-en	uberon	0		-5.0
extensor pollicis brevis muscle	en	anatomie-en	uberon	0		-5.0
extensor pollicis longus muscle	en	anatomie-en	uberon	0		-5.0
external capsule of telencephalon	en	anatomie-en	uberon	0		-5.0
external iliac lymph node	en	anatomie-en	uberon	0		-5.0
external jugular lymph node	en	anatomie-en	uberon	0		-5.0
external vertebral venous plexus	en	anatomie-en	uberon	0		-5.0
externally connecting tube lumen	en	anatomie-en	uberon	0		-5.0
extrinsic ligament of larynx	en	anatomie-en	uberon	0		-5.0
extrinsic muscle of tongue	en	anatomie-en	uberon	0		-5.0
eyeball of camera-type eye	en	anatomie-en	uberon	0		-5.0
eyelid subcutaneous connective tissue	en	anatomie-en	uberon	0		-5.0
fasciculus of spinal cord	en	anatomie-en	uberon	0		-5.0
female external urethral sphincter	en	anatomie-en	uberon	0		-5.0
fibroelastic membrane of larynx	en	anatomie-en	uberon	0		-5.0
fibrous ring of heart	en	anatomie-en	uberon	0		-5.0
fifth anterior intercostal artery	en	anatomie-en	uberon	0		-5.0
fimbria of fallopian tube	en	anatomie-en	uberon	0		-5.0
first anterior intercostal artery	en	anatomie-en	uberon	0		-5.0
flexor carpi radialis muscle	en	anatomie-en	uberon	0		-5.0
flexor carpi ulnaris muscle	en	anatomie-en	uberon	0		-5.0
flexor digitorum brevis muscle	en	anatomie-en	uberon	0		-5.0
flexor hallucis brevis muscle	en	anatomie-en	uberon	0		-5.0
flexor pollicis brevis muscle	en	anatomie-en	uberon	0		-5.0
flexor pollicis longus muscle	en	anatomie-en	uberon	0		-5.0
flocculonodular lobe, hemisphere portion	en	anatomie-en	uberon	0		-5.0
foramen cecum of tongue	en	anatomie-en	uberon	0		-5.0
foramen of nasal bone	en	anatomie-en	uberon	0		-5.0
foramen ovale of heart	en	anatomie-en	uberon	0		-5.0
foramen ovale of skull	en	anatomie-en	uberon	0		-5.0
fossa ovalis of heart	en	anatomie-en	uberon	0		-5.0
fourth anterior intercostal artery	en	anatomie-en	uberon	0		-5.0
fourth sacral spinal ganglion	en	anatomie-en	uberon	0		-5.0
fourth thoracic spinal ganglion	en	anatomie-en	uberon	0		-5.0
fourth ventricle lateral aperture	en	anatomie-en	uberon	0		-5.0
fourth ventricle median aperture	en	anatomie-en	uberon	0		-5.0
fovea capitis of femur	en	anatomie-en	uberon	0		-5.0
frenulum of lower lip	en	anatomie-en	uberon	0		-5.0
frenulum of upper lip	en	anatomie-en	uberon	0		-5.0
frontal process of maxilla	en	anatomie-en	uberon	0		-5.0
fundus of urinary bladder	en	anatomie-en	uberon	0		-5.0
funiculus of spinal cord	en	anatomie-en	uberon	0		-5.0
ganglionic layer of retina	en	anatomie-en	uberon	0		-5.0
genu of corpus callosum	en	anatomie-en	uberon	0		-5.0
genu of facial nerve	en	anatomie-en	uberon	0		-5.0
germinal epithelium of ovary	en	anatomie-en	uberon	0		-5.0
gingiva of lower jaw	en	anatomie-en	uberon	0		-5.0
gingiva of upper jaw	en	anatomie-en	uberon	0		-5.0
glabella region of bone	en	anatomie-en	uberon	0		-5.0
gland of anal canal	en	anatomie-en	uberon	0		-5.0
gland of nasal mucosa	en	anatomie-en	uberon	0		-5.0
glenoid labrum of scapula	en	anatomie-en	uberon	0		-5.0
glossopharyngeal nerve fiber bundle	en	anatomie-en	uberon	0		-5.0
gracile fasciculus of medulla	en	anatomie-en	uberon	0		-5.0
gray matter of diencephalon	en	anatomie-en	uberon	0		-5.0
gray matter of forebrain	en	anatomie-en	uberon	0		-5.0
gray matter of hindbrain	en	anatomie-en	uberon	0		-5.0
gray matter of midbrain	en	anatomie-en	uberon	0		-5.0
gray matter of telencephalon	en	anatomie-en	uberon	0		-5.0
great vein of heart	en	anatomie-en	uberon	0		-5.0
greater curvature of stomach	en	anatomie-en	uberon	0		-5.0
groove for sigmoid sinus	en	anatomie-en	uberon	0		-5.0
habenulo-interpeduncular tract of diencephalon	en	anatomie-en	uberon	0		-5.0
habenulo-interpeduncular tract of midbrain	en	anatomie-en	uberon	0		-5.0
hair follicle matrix region	en	anatomie-en	uberon	0		-5.0
hair inner root sheath	en	anatomie-en	uberon	0		-5.0
hair outer root sheath	en	anatomie-en	uberon	0		-5.0
hair root sheath matrix	en	anatomie-en	uberon	0		-5.0
head mesenchyme from mesoderm	en	anatomie-en	uberon	0		-5.0
helicine artery of penis	en	anatomie-en	uberon	0		-5.0
helix of outer ear	en	anatomie-en	uberon	0		-5.0
hemisphere part of cerebellar anterior lobe	en	anatomie-en	uberon	0		-5.0
hemisphere part of cerebellar posterior lobe	en	anatomie-en	uberon	0		-5.0
hilum of lymph node	en	anatomie-en	uberon	0		-5.0
hilus of dentate gyrus	en	anatomie-en	uberon	0		-5.0
hippocampus stratum lacunosum moleculare	en	anatomie-en	uberon	0		-5.0
horizontal fissure of cerebellum	en	anatomie-en	uberon	0		-5.0
horn of thyroid cartilage	en	anatomie-en	uberon	0		-5.0
hyoid bone greater horn	en	anatomie-en	uberon	0		-5.0
hyoid bone lesser horn	en	anatomie-en	uberon	0		-5.0
inferior angle of scapula	en	anatomie-en	uberon	0		-5.0
inferior glossopharyngeal IX ganglion	en	anatomie-en	uberon	0		-5.0
inferior gluteal lymph node	en	anatomie-en	uberon	0		-5.0
inferior hypogastric nerve plexus	en	anatomie-en	uberon	0		-5.0
inferior ileocolic lymph node	en	anatomie-en	uberon	0		-5.0
inferior inguinal lymph node	en	anatomie-en	uberon	0		-5.0
inferior lateral occipital cortex	en	anatomie-en	uberon	0		-5.0
inferior mesenteric nerve plexus	en	anatomie-en	uberon	0		-5.0
inferior oblique extraocular muscle	en	anatomie-en	uberon	0		-5.0
inferior pancreatic lymph node	en	anatomie-en	uberon	0		-5.0
inferior pancreaticoduodenal lymph node	en	anatomie-en	uberon	0		-5.0
inferior rectal lymph node	en	anatomie-en	uberon	0		-5.0
inferior rectus extraocular muscle	en	anatomie-en	uberon	0		-5.0
inferior surface of tongue	en	anatomie-en	uberon	0		-5.0
inferior tracheobronchial lymph node	en	anatomie-en	uberon	0		-5.0
inferior transverse frontopolar gyrus	en	anatomie-en	uberon	0		-5.0
inferior vagus X ganglion	en	anatomie-en	uberon	0		-5.0
inferolateral surface of prostate	en	anatomie-en	uberon	0		-5.0
inflow tract of atrium	en	anatomie-en	uberon	0		-5.0
inflow tract of ventricle	en	anatomie-en	uberon	0		-5.0
infra-orbital canal of maxilla	en	anatomie-en	uberon	0		-5.0
infra-orbital foramen of maxilla	en	anatomie-en	uberon	0		-5.0
infra-orbital groove of maxilla	en	anatomie-en	uberon	0		-5.0
infundibulum of hair follicle	en	anatomie-en	uberon	0		-5.0
inner cortex of lens	en	anatomie-en	uberon	0		-5.0
inner medulla of kidney	en	anatomie-en	uberon	0		-5.0
intercalated duct of pancreas	en	anatomie-en	uberon	0		-5.0
interlobular stroma of liver	en	anatomie-en	uberon	0		-5.0
intermediate ileal lymph node	en	anatomie-en	uberon	0		-5.0
intermediate jejunal lymph node	en	anatomie-en	uberon	0		-5.0
intermediate mesenteric lymph node	en	anatomie-en	uberon	0		-5.0
intermediate part of hypophysis	en	anatomie-en	uberon	0		-5.0
internal arcuate fiber bundle	en	anatomie-en	uberon	0		-5.0
internal capsule of telencephalon	en	anatomie-en	uberon	0		-5.0
internal carotid nerve plexus	en	anatomie-en	uberon	0		-5.0
internal iliac lymph node	en	anatomie-en	uberon	0		-5.0
interosseous muscle of manus	en	anatomie-en	uberon	0		-5.0
interosseous muscle of pes	en	anatomie-en	uberon	0		-5.0
interphalangeal joint of manus	en	anatomie-en	uberon	0		-5.0
interphalangeal joint of pes	en	anatomie-en	uberon	0		-5.0
interpolar part of spinal trigeminal nucleus	en	anatomie-en	uberon	0		-5.0
interstitial nucleus of Cajal	en	anatomie-en	uberon	0		-5.0
interventricular foramen of CNS	en	anatomie-en	uberon	0		-5.0
interventricular septum membranous part	en	anatomie-en	uberon	0		-5.0
interventricular septum muscular part	en	anatomie-en	uberon	0		-5.0
intervertebral disk of axis	en	anatomie-en	uberon	0		-5.0
intestinal villus of duodenum	en	anatomie-en	uberon	0		-5.0
intestinal villus of ileum	en	anatomie-en	uberon	0		-5.0
intestinal villus of jejunum	en	anatomie-en	uberon	0		-5.0
intrinsic muscle of manus	en	anatomie-en	uberon	0		-5.0
intrinsic muscle of pes	en	anatomie-en	uberon	0		-5.0
intrinsic muscle of tongue	en	anatomie-en	uberon	0		-5.0
isthmus of cingulate cortex	en	anatomie-en	uberon	0		-5.0
isthmus of cingulate gyrus	en	anatomie-en	uberon	0		-5.0
isthmus of fallopian tube	en	anatomie-en	uberon	0		-5.0
isthmus of thyroid gland	en	anatomie-en	uberon	0		-5.0
joint of auditory ossicle	en	anatomie-en	uberon	0		-5.0
joint space of elbow	en	anatomie-en	uberon	0		-5.0
juxta-arterial ileal lymph node	en	anatomie-en	uberon	0		-5.0
juxta-arterial jejunal lymph node	en	anatomie-en	uberon	0		-5.0
juxta-arterial mesenteric lymph node	en	anatomie-en	uberon	0		-5.0
juxta-intestinal mesenteric lymph node	en	anatomie-en	uberon	0		-5.0
keratinized stratified squamous epithelium	en	anatomie-en	uberon	0		-5.0
kidney pelvis smooth muscle	en	anatomie-en	uberon	0		-5.0
lamina of septum pellucidum	en	anatomie-en	uberon	0		-5.0
lamina of spiral limbus	en	anatomie-en	uberon	0		-5.0
lamina propria of bronchus	en	anatomie-en	uberon	0		-5.0
lamina propria of esophagus	en	anatomie-en	uberon	0		-5.0
lamina propria of trachea	en	anatomie-en	uberon	0		-5.0
lamina propria of ureter	en	anatomie-en	uberon	0		-5.0
lamina propria of urethra	en	anatomie-en	uberon	0		-5.0
lamina propria of vagina	en	anatomie-en	uberon	0		-5.0
large intestine Peyer's patch	en	anatomie-en	uberon	0		-5.0
lateral angle of scapula	en	anatomie-en	uberon	0		-5.0
lateral axillary lymph node	en	anatomie-en	uberon	0		-5.0
lateral border of scapula	en	anatomie-en	uberon	0		-5.0
lateral cervical lymph node	en	anatomie-en	uberon	0		-5.0
lateral condyle of femur	en	anatomie-en	uberon	0		-5.0
lateral condyle of tibia	en	anatomie-en	uberon	0		-5.0
lateral diaphragmatic lymph node	en	anatomie-en	uberon	0		-5.0
lateral eminence of hypophysis	en	anatomie-en	uberon	0		-5.0
lateral epicondyle of femur	en	anatomie-en	uberon	0		-5.0
lateral fornix of vagina	en	anatomie-en	uberon	0		-5.0
lateral inferior limiting sulcus	en	anatomie-en	uberon	0		-5.0
lateral lingual swelling epithelium	en	anatomie-en	uberon	0		-5.0
lateral malleolus of fibula	en	anatomie-en	uberon	0		-5.0
lateral medullary reticular complex	en	anatomie-en	uberon	0		-5.0
lateral nasal process mesenchyme	en	anatomie-en	uberon	0		-5.0
lateral orbital frontal cortex	en	anatomie-en	uberon	0		-5.0
lateral part of basal amygdaloid nucleus	en	anatomie-en	uberon	0		-5.0
lateral part of medial mammillary nucleus	en	anatomie-en	uberon	0		-5.0
lateral rectus extra-ocular muscle	en	anatomie-en	uberon	0		-5.0
lateral sacral lymph node	en	anatomie-en	uberon	0		-5.0
lateral surface of mandible	en	anatomie-en	uberon	0		-5.0
lateral tubercle of talus	en	anatomie-en	uberon	0		-5.0
lateral wall of nasopharynx	en	anatomie-en	uberon	0		-5.0
lateral wall of oropharynx	en	anatomie-en	uberon	0		-5.0
lateral zone of hypothalamus	en	anatomie-en	uberon	0		-5.0
layer of CA1 field	en	anatomie-en	uberon	0		-5.0
layer of CA2 field	en	anatomie-en	uberon	0		-5.0
layer of CA3 field	en	anatomie-en	uberon	0		-5.0
layer of dentate gyrus	en	anatomie-en	uberon	0		-5.0
layer of dura mater	en	anatomie-en	uberon	0		-5.0
layer of muscle tissue	en	anatomie-en	uberon	0		-5.0
layer of synovial tissue	en	anatomie-en	uberon	0		-5.0
layer of tympanic membrane	en	anatomie-en	uberon	0		-5.0
left adrenal gland cortex	en	anatomie-en	uberon	0		-5.0
left adrenal gland medulla	en	anatomie-en	uberon	0		-5.0
left anterior cardinal vein	en	anatomie-en	uberon	0		-5.0
left anterior segmental artery	en	anatomie-en	uberon	0		-5.0
left atrium auricular region	en	anatomie-en	uberon	0		-5.0
left common cardinal vein	en	anatomie-en	uberon	0		-5.0
left common iliac artery	en	anatomie-en	uberon	0		-5.0
left crus of diaphragm	en	anatomie-en	uberon	0		-5.0
left dome of diaphragm	en	anatomie-en	uberon	0		-5.0
left gastric lymph node	en	anatomie-en	uberon	0		-5.0
left hemisphere of cerebellum	en	anatomie-en	uberon	0		-5.0
left internal carotid artery	en	anatomie-en	uberon	0		-5.0
left lobe of liver	en	anatomie-en	uberon	0		-5.0
left occipital lymph node	en	anatomie-en	uberon	0		-5.0
left pelvic girdle region	en	anatomie-en	uberon	0		-5.0
left posterior cardinal vein	en	anatomie-en	uberon	0		-5.0
left recurrent laryngeal nerve	en	anatomie-en	uberon	0		-5.0
left retropharyngeal lymph node	en	anatomie-en	uberon	0		-5.0
left superior intercostal vein	en	anatomie-en	uberon	0		-5.0
lens of camera-type eye	en	anatomie-en	uberon	0		-5.0
lesser curvature of stomach	en	anatomie-en	uberon	0		-5.0
lesser tubercle of humerus	en	anatomie-en	uberon	0		-5.0
ligament of hip joint	en	anatomie-en	uberon	0		-5.0
ligament of knee joint	en	anatomie-en	uberon	0		-5.0
ligament of sternoclavicular joint	en	anatomie-en	uberon	0		-5.0
ligament of temporomandibular joint	en	anatomie-en	uberon	0		-5.0
ligament of vertebral column	en	anatomie-en	uberon	0		-5.0
lingual cusp of tooth	en	anatomie-en	uberon	0		-5.0
lingula of left lung	en	anatomie-en	uberon	0		-5.0
liver left lateral lobe	en	anatomie-en	uberon	0		-5.0
liver left lobe parenchyma	en	anatomie-en	uberon	0		-5.0
liver left medial lobe	en	anatomie-en	uberon	0		-5.0
liver right lobe parenchyma	en	anatomie-en	uberon	0		-5.0
lobe of cerebral hemisphere	en	anatomie-en	uberon	0		-5.0
lobe of lacrimal gland	en	anatomie-en	uberon	0		-5.0
lobe of thyroid gland	en	anatomie-en	uberon	0		-5.0
lobule of mammary gland	en	anatomie-en	uberon	0		-5.0
long bone cartilage element	en	anatomie-en	uberon	0		-5.0
longitudinal arch of pes	en	anatomie-en	uberon	0		-5.0
lower central incisor tooth	en	anatomie-en	uberon	0		-5.0
lower esophagus muscularis layer	en	anatomie-en	uberon	0		-5.0
lower esophagus muscularis mucosa	en	anatomie-en	uberon	0		-5.0
lower intercostal lymph node	en	anatomie-en	uberon	0		-5.0
lower lateral incisor tooth	en	anatomie-en	uberon	0		-5.0
lower lobe of lung	en	anatomie-en	uberon	0		-5.0
lower part of vagina	en	anatomie-en	uberon	0		-5.0
lower primary canine tooth	en	anatomie-en	uberon	0		-5.0
lower primary incisor tooth	en	anatomie-en	uberon	0		-5.0
lower primary molar tooth	en	anatomie-en	uberon	0		-5.0
lower secondary canine tooth	en	anatomie-en	uberon	0		-5.0
lower secondary incisor tooth	en	anatomie-en	uberon	0		-5.0
lower secondary molar tooth	en	anatomie-en	uberon	0		-5.0
lower secondary premolar tooth	en	anatomie-en	uberon	0		-5.0
lumbar dorsal root ganglion	en	anatomie-en	uberon	0		-5.0
lumbar sympathetic nerve trunk	en	anatomie-en	uberon	0		-5.0
lumbrical muscle of manus	en	anatomie-en	uberon	0		-5.0
lumbrical muscle of pes	en	anatomie-en	uberon	0		-5.0
lumen of anal canal	en	anatomie-en	uberon	0		-5.0
lumen of blood vessel	en	anatomie-en	uberon	0		-5.0
lumen of digestive tract	en	anatomie-en	uberon	0		-5.0
lumen of gastrointestinal system	en	anatomie-en	uberon	0		-5.0
lumen of lymphatic vessel	en	anatomie-en	uberon	0		-5.0
lumen of nutrient foramen	en	anatomie-en	uberon	0		-5.0
lumen of pharyngotympanic tube	en	anatomie-en	uberon	0		-5.0
lumen of primary bronchus	en	anatomie-en	uberon	0		-5.0
lumen of pulmonary alveolus	en	anatomie-en	uberon	0		-5.0
lumen of secondary bronchus	en	anatomie-en	uberon	0		-5.0
lumen of tertiary bronchus	en	anatomie-en	uberon	0		-5.0
lymph node medullary sinus	en	anatomie-en	uberon	0		-5.0
lymph node of head	en	anatomie-en	uberon	0		-5.0
lymph node primary follicle	en	anatomie-en	uberon	0		-5.0
lymph node secondary follicle	en	anatomie-en	uberon	0		-5.0
lymphatic vessel smooth muscle	en	anatomie-en	uberon	0		-5.0
magnocellular part of medial dorsal nucleus	en	anatomie-en	uberon	0		-5.0
magnocellular part of ventral anterior nucleus	en	anatomie-en	uberon	0		-5.0
male external urethral sphincter	en	anatomie-en	uberon	0		-5.0
mammary branch of internal thoracic artery	en	anatomie-en	uberon	0		-5.0
manual digit 1 phalanx	en	anatomie-en	uberon	0		-5.0
manual digit 2 phalanx	en	anatomie-en	uberon	0		-5.0
manual digit 3 phalanx	en	anatomie-en	uberon	0		-5.0
manual digit 4 phalanx	en	anatomie-en	uberon	0		-5.0
manual digit 5 phalanx	en	anatomie-en	uberon	0		-5.0
marginal ridge of tooth	en	anatomie-en	uberon	0		-5.0
marginal zone of spleen	en	anatomie-en	uberon	0		-5.0
medial border of scapula	en	anatomie-en	uberon	0		-5.0
medial circumflex femoral artery	en	anatomie-en	uberon	0		-5.0
medial circumflex femoral vein	en	anatomie-en	uberon	0		-5.0
medial condyle of femur	en	anatomie-en	uberon	0		-5.0
medial condyle of tibia	en	anatomie-en	uberon	0		-5.0
medial diaphragmatic lymph node	en	anatomie-en	uberon	0		-5.0
medial epicondyle of femur	en	anatomie-en	uberon	0		-5.0
medial lemniscus of medulla	en	anatomie-en	uberon	0		-5.0
medial lemniscus of midbrain	en	anatomie-en	uberon	0		-5.0
medial lemniscus of pons	en	anatomie-en	uberon	0		-5.0
medial nasal process mesenchyme	en	anatomie-en	uberon	0		-5.0
medial orbital frontal cortex	en	anatomie-en	uberon	0		-5.0
medial part of basal amygdaloid nucleus	en	anatomie-en	uberon	0		-5.0
medial part of medial mammillary nucleus	en	anatomie-en	uberon	0		-5.0
medial part of ventral lateral nucleus	en	anatomie-en	uberon	0		-5.0
medial rectus extraocular muscle	en	anatomie-en	uberon	0		-5.0
medial sacral lymph node	en	anatomie-en	uberon	0		-5.0
medial surface of mandible	en	anatomie-en	uberon	0		-5.0
medial transverse frontopolar gyrus	en	anatomie-en	uberon	0		-5.0
medial zone of hypothalamus	en	anatomie-en	uberon	0		-5.0
median eminence of neurohypophysis	en	anatomie-en	uberon	0		-5.0
median lobe of prostate	en	anatomie-en	uberon	0		-5.0
medulla of lymph node	en	anatomie-en	uberon	0		-5.0
medullary raphe nuclear complex	en	anatomie-en	uberon	0		-5.0
mesenchyme of fronto-nasal process	en	anatomie-en	uberon	0		-5.0
mesenchyme of nasal septum	en	anatomie-en	uberon	0		-5.0
mesentery of small intestine	en	anatomie-en	uberon	0		-5.0
mesothelium of pleural cavity	en	anatomie-en	uberon	0		-5.0
mesothelium of serous pericardium	en	anatomie-en	uberon	0		-5.0
metacarpophalangeal joint of manual digit 1	en	anatomie-en	uberon	0		-5.0
metacarpophalangeal joint of manual digit 2	en	anatomie-en	uberon	0		-5.0
metacarpophalangeal joint of manual digit 3	en	anatomie-en	uberon	0		-5.0
metacarpophalangeal joint of manual digit 4	en	anatomie-en	uberon	0		-5.0
metacarpophalangeal joint of manual digit 5	en	anatomie-en	uberon	0		-5.0
metatarsophalangeal joint of pedal digit 1	en	anatomie-en	uberon	0		-5.0
metatarsophalangeal joint of pedal digit 2	en	anatomie-en	uberon	0		-5.0
metatarsophalangeal joint of pedal digit 3	en	anatomie-en	uberon	0		-5.0
metatarsophalangeal joint of pedal digit 4	en	anatomie-en	uberon	0		-5.0
metatarsophalangeal joint of pedal digit 5	en	anatomie-en	uberon	0		-5.0
middle phalanx of manus	en	anatomie-en	uberon	0		-5.0
middle phalanx of pes	en	anatomie-en	uberon	0		-5.0
mucosa of anal canal	en	anatomie-en	uberon	0		-5.0
mucosa of ascending colon	en	anatomie-en	uberon	0		-5.0
mucosa of biliary tree	en	anatomie-en	uberon	0		-5.0
mucosa of cystic duct	en	anatomie-en	uberon	0		-5.0
mucosa of deferent duct	en	anatomie-en	uberon	0		-5.0
mucosa of descending colon	en	anatomie-en	uberon	0		-5.0
mucosa of ejaculatory duct	en	anatomie-en	uberon	0		-5.0
mucosa of ethmoidal sinus	en	anatomie-en	uberon	0		-5.0
mucosa of fallopian tube	en	anatomie-en	uberon	0		-5.0
mucosa of female urethra	en	anatomie-en	uberon	0		-5.0
mucosa of frontal sinus	en	anatomie-en	uberon	0		-5.0
mucosa of hard palate	en	anatomie-en	uberon	0		-5.0
mucosa of intermediate urethra	en	anatomie-en	uberon	0		-5.0
mucosa of lacrimal canaliculus	en	anatomie-en	uberon	0		-5.0
mucosa of lacrimal sac	en	anatomie-en	uberon	0		-5.0
mucosa of large intestine	en	anatomie-en	uberon	0		-5.0
mucosa of left ureter	en	anatomie-en	uberon	0		-5.0
mucosa of lobar bronchus	en	anatomie-en	uberon	0		-5.0
mucosa of lobular bronchiole	en	anatomie-en	uberon	0		-5.0
mucosa of lower lip	en	anatomie-en	uberon	0		-5.0
mucosa of main bronchus	en	anatomie-en	uberon	0		-5.0
mucosa of major calyx	en	anatomie-en	uberon	0		-5.0
mucosa of male urethra	en	anatomie-en	uberon	0		-5.0
mucosa of maxillary sinus	en	anatomie-en	uberon	0		-5.0
mucosa of middle ear	en	anatomie-en	uberon	0		-5.0
mucosa of minor calyx	en	anatomie-en	uberon	0		-5.0
mucosa of nasal septum	en	anatomie-en	uberon	0		-5.0
mucosa of nasolacrimal duct	en	anatomie-en	uberon	0		-5.0
mucosa of paranasal sinus	en	anatomie-en	uberon	0		-5.0
mucosa of pharyngotympanic tube	en	anatomie-en	uberon	0		-5.0
mucosa of prostatic urethra	en	anatomie-en	uberon	0		-5.0
mucosa of pyloric antrum	en	anatomie-en	uberon	0		-5.0
mucosa of renal pelvis	en	anatomie-en	uberon	0		-5.0
mucosa of respiratory bronchiole	en	anatomie-en	uberon	0		-5.0
mucosa of right ureter	en	anatomie-en	uberon	0		-5.0
mucosa of segmental bronchus	en	anatomie-en	uberon	0		-5.0
mucosa of seminal vesicle	en	anatomie-en	uberon	0		-5.0
mucosa of sigmoid colon	en	anatomie-en	uberon	0		-5.0
mucosa of small intestine	en	anatomie-en	uberon	0		-5.0
mucosa of soft palate	en	anatomie-en	uberon	0		-5.0
mucosa of sphenoidal sinus	en	anatomie-en	uberon	0		-5.0
mucosa of terminal bronchiole	en	anatomie-en	uberon	0		-5.0
mucosa of transverse colon	en	anatomie-en	uberon	0		-5.0
mucosa of upper lip	en	anatomie-en	uberon	0		-5.0
mucosa of urinary bladder	en	anatomie-en	uberon	0		-5.0
mucosa of vocal fold	en	anatomie-en	uberon	0		-5.0
mucous gland of lung	en	anatomie-en	uberon	0		-5.0
multi cell part structure	en	anatomie-en	uberon	0		-5.0
muscle layer of colon	en	anatomie-en	uberon	0		-5.0
muscle layer of duodenum	en	anatomie-en	uberon	0		-5.0
muscle layer of epididymis	en	anatomie-en	uberon	0		-5.0
muscle layer of esophagus	en	anatomie-en	uberon	0		-5.0
muscle layer of ileum	en	anatomie-en	uberon	0		-5.0
muscle layer of intestine	en	anatomie-en	uberon	0		-5.0
muscle layer of jejunum	en	anatomie-en	uberon	0		-5.0
muscle layer of oviduct	en	anatomie-en	uberon	0		-5.0
muscle layer of rectum	en	anatomie-en	uberon	0		-5.0
muscle of anal triangle	en	anatomie-en	uberon	0		-5.0
muscle of auditory ossicle	en	anatomie-en	uberon	0		-5.0
muscle of digastric group	en	anatomie-en	uberon	0		-5.0
muscle of pectoral girdle	en	anatomie-en	uberon	0		-5.0
muscle of pelvic diaphragm	en	anatomie-en	uberon	0		-5.0
muscle of pelvic girdle	en	anatomie-en	uberon	0		-5.0
muscle of vertebral column	en	anatomie-en	uberon	0		-5.0
muscular coat of ureter	en	anatomie-en	uberon	0		-5.0
muscular layer of vagina	en	anatomie-en	uberon	0		-5.0
muscularis mucosae of colon	en	anatomie-en	uberon	0		-5.0
muscularis mucosae of duodenum	en	anatomie-en	uberon	0		-5.0
muscularis mucosae of intestine	en	anatomie-en	uberon	0		-5.0
muscularis mucosae of jejunum	en	anatomie-en	uberon	0		-5.0
muscularis mucosae of rectum	en	anatomie-en	uberon	0		-5.0
muscularis mucosae of stomach	en	anatomie-en	uberon	0		-5.0
musculature of body wall	en	anatomie-en	uberon	0		-5.0
musculature of forelimb stylopod	en	anatomie-en	uberon	0		-5.0
musculature of forelimb zeugopod	en	anatomie-en	uberon	0		-5.0
musculature of hindlimb stylopod	en	anatomie-en	uberon	0		-5.0
musculature of hindlimb zeugopod	en	anatomie-en	uberon	0		-5.0
musculature of lower limb	en	anatomie-en	uberon	0		-5.0
musculature of pectoral complex	en	anatomie-en	uberon	0		-5.0
musculature of pectoral girdle	en	anatomie-en	uberon	0		-5.0
musculature of pelvic complex	en	anatomie-en	uberon	0		-5.0
musculature of pelvic girdle	en	anatomie-en	uberon	0		-5.0
musculature of upper limb	en	anatomie-en	uberon	0		-5.0
nail bed of finger	en	anatomie-en	uberon	0		-5.0
nail bed of toe	en	anatomie-en	uberon	0		-5.0
nail of manual digit	en	anatomie-en	uberon	0		-5.0
nail of pedal digit	en	anatomie-en	uberon	0		-5.0
navicular bone of pes	en	anatomie-en	uberon	0		-5.0
neck of urinary bladder	en	anatomie-en	uberon	0		-5.0
nerve of cervical vertebra	en	anatomie-en	uberon	0		-5.0
nerve to quadratus femoris	en	anatomie-en	uberon	0		-5.0
ninth anterior intercostal artery	en	anatomie-en	uberon	0		-5.0
node of ligamentum arteriosum	en	anatomie-en	uberon	0		-5.0
non-keratinized epithelium of tongue	en	anatomie-en	uberon	0		-5.0
non-keratinized stratified squamous epithelium	en	anatomie-en	uberon	0		-5.0
nuclear complex of neuraxis	en	anatomie-en	uberon	0		-5.0
nucleus of anterior commissure	en	anatomie-en	uberon	0		-5.0
nucleus of diagonal band	en	anatomie-en	uberon	0		-5.0
nucleus of lateral lemniscus	en	anatomie-en	uberon	0		-5.0
nucleus of medial eminence	en	anatomie-en	uberon	0		-5.0
nucleus of medulla oblongata	en	anatomie-en	uberon	0		-5.0
nucleus of midbrain tectum	en	anatomie-en	uberon	0		-5.0
nucleus of midbrain tegmentum	en	anatomie-en	uberon	0		-5.0
nucleus of optic tract	en	anatomie-en	uberon	0		-5.0
nucleus of phrenic nerve	en	anatomie-en	uberon	0		-5.0
nucleus of posterior commissure	en	anatomie-en	uberon	0		-5.0
nucleus of pudendal nerve	en	anatomie-en	uberon	0		-5.0
nucleus of solitary tract	en	anatomie-en	uberon	0		-5.0
nucleus of spinal cord	en	anatomie-en	uberon	0		-5.0
nucleus of trapezoid body	en	anatomie-en	uberon	0		-5.0
oblique muscle of auricle	en	anatomie-en	uberon	0		-5.0
oblique ridge of tooth	en	anatomie-en	uberon	0		-5.0
ora serrata of retina	en	anatomie-en	uberon	0		-5.0
oral part of spinal trigeminal nucleus	en	anatomie-en	uberon	0		-5.0
oral part of ventral lateral nucleus	en	anatomie-en	uberon	0		-5.0
oral part of ventral posterolateral nucleus	en	anatomie-en	uberon	0		-5.0
outer cortex of kidney	en	anatomie-en	uberon	0		-5.0
outer cortex of lens	en	anatomie-en	uberon	0		-5.0
outer layer of endometrium	en	anatomie-en	uberon	0		-5.0
outer medulla of kidney	en	anatomie-en	uberon	0		-5.0
outflow tract of atrium	en	anatomie-en	uberon	0		-5.0
outflow tract of ventricle	en	anatomie-en	uberon	0		-5.0
paired venous dural sinus	en	anatomie-en	uberon	0		-5.0
palatine bone horizontal plate	en	anatomie-en	uberon	0		-5.0
palatine process of maxilla	en	anatomie-en	uberon	0		-5.0
palmar part of manus	en	anatomie-en	uberon	0		-5.0
papillary layer of dermis	en	anatomie-en	uberon	0		-5.0
papillary muscle of heart	en	anatomie-en	uberon	0		-5.0
paralaminar part of medial dorsal nucleus	en	anatomie-en	uberon	0		-5.0
paravermis parts of the cerebellar cortex	en	anatomie-en	uberon	0		-5.0
parenchyma of parathyroid gland	en	anatomie-en	uberon	0		-5.0
parenchyma of thyroid gland	en	anatomie-en	uberon	0		-5.0
parietal pelvic lymph node	en	anatomie-en	uberon	0		-5.0
parietal pre-aortic lymph node	en	anatomie-en	uberon	0		-5.0
parotid main excretory duct	en	anatomie-en	uberon	0		-5.0
pars distalis of adenohypophysis	en	anatomie-en	uberon	0		-5.0
pars intermedia of adenohypophysis	en	anatomie-en	uberon	0		-5.0
pars postrema of ventral lateral nucleus	en	anatomie-en	uberon	0		-5.0
pars tuberalis of adenohypophysis	en	anatomie-en	uberon	0		-5.0
parvocellular part of medial dorsal nucleus	en	anatomie-en	uberon	0		-5.0
parvocellular part of ventral anterior nucleus	en	anatomie-en	uberon	0		-5.0
parvocellular part of ventral posteromedial nucleus	en	anatomie-en	uberon	0		-5.0
pectoral axillary lymph node	en	anatomie-en	uberon	0		-5.0
pedal digit 1 phalanx	en	anatomie-en	uberon	0		-5.0
pedal digit 2 phalanx	en	anatomie-en	uberon	0		-5.0
pedal digit 3 phalanx	en	anatomie-en	uberon	0		-5.0
pedal digit 4 phalanx	en	anatomie-en	uberon	0		-5.0
pedal digit 5 phalanx	en	anatomie-en	uberon	0		-5.0
pelvic region of trunk	en	anatomie-en	uberon	0		-5.0
perpendicular plate of ethmoid	en	anatomie-en	uberon	0		-5.0
pes anserinus of tibia	en	anatomie-en	uberon	0		-5.0
pharyngeal arch mesenchymal region	en	anatomie-en	uberon	0		-5.0
photoreceptor layer of retina	en	anatomie-en	uberon	0		-5.0
pigmented layer of retina	en	anatomie-en	uberon	0		-5.0
plantar part of pes	en	anatomie-en	uberon	0		-5.0
plica semilunaris of conjunctiva	en	anatomie-en	uberon	0		-5.0
pneumatic cavity of bone	en	anatomie-en	uberon	0		-5.0
postcentral fissure of cerebellum	en	anatomie-en	uberon	0		-5.0
postcommissural fornix of brain	en	anatomie-en	uberon	0		-5.0
postcranial axial skeletal system	en	anatomie-en	uberon	0		-5.0
posterior ancreaticoduodenal lymph node	en	anatomie-en	uberon	0		-5.0
posterior arch of atlas	en	anatomie-en	uberon	0		-5.0
posterior chamber of eyeball	en	anatomie-en	uberon	0		-5.0
posterior column of fornix	en	anatomie-en	uberon	0		-5.0
posterior diaphragmatic lymph node	en	anatomie-en	uberon	0		-5.0
posterior external jugular vein	en	anatomie-en	uberon	0		-5.0
posterior fornix of vagina	en	anatomie-en	uberon	0		-5.0
posterior horn lateral ventricle	en	anatomie-en	uberon	0		-5.0
posterior inferior cerebellar artery	en	anatomie-en	uberon	0		-5.0
posterior inferior iliac spine	en	anatomie-en	uberon	0		-5.0
posterior lobe of cerebellum	en	anatomie-en	uberon	0		-5.0
posterior lobe of prostate	en	anatomie-en	uberon	0		-5.0
posterior mediastinal lymph node	en	anatomie-en	uberon	0		-5.0
posterior middle temporal sulcus	en	anatomie-en	uberon	0		-5.0
posterior nucleus of hypothalamus	en	anatomie-en	uberon	0		-5.0
posterior nucleus of thalamus	en	anatomie-en	uberon	0		-5.0
posterior part of tongue	en	anatomie-en	uberon	0		-5.0
posterior pole of lens	en	anatomie-en	uberon	0		-5.0
posterior segment of eyeball	en	anatomie-en	uberon	0		-5.0
posterior superior alveolar artery	en	anatomie-en	uberon	0		-5.0
posterior superior alveolar nerve	en	anatomie-en	uberon	0		-5.0
posterior superior frontal sulcus	en	anatomie-en	uberon	0		-5.0
posterior superior iliac spine	en	anatomie-en	uberon	0		-5.0
posterior surface of kidney	en	anatomie-en	uberon	0		-5.0
posterior surface of prostate	en	anatomie-en	uberon	0		-5.0
posterior transverse temporal gyrus	en	anatomie-en	uberon	0		-5.0
posterior wall of laryngopharynx	en	anatomie-en	uberon	0		-5.0
posterior wall of nasopharynx	en	anatomie-en	uberon	0		-5.0
posterior wall of oropharynx	en	anatomie-en	uberon	0		-5.0
posterolateral fissure of cerebellum	en	anatomie-en	uberon	0		-5.0
postzygapophysis of cervical vertebra	en	anatomie-en	uberon	0		-5.0
postzygapophysis of lumbar vertebra	en	anatomie-en	uberon	0		-5.0
postzygapophysis of thoracic vertebra	en	anatomie-en	uberon	0		-5.0
precentral fissure of cerebellum	en	anatomie-en	uberon	0		-5.0
precommissural fornix of forebrain	en	anatomie-en	uberon	0		-5.0
preculminate fissure of cerebellum	en	anatomie-en	uberon	0		-5.0
prepyramidal fissure of cerebellum	en	anatomie-en	uberon	0		-5.0
preterminal colic lymph node	en	anatomie-en	uberon	0		-5.0
prezygapophysis of cervical vertebra	en	anatomie-en	uberon	0		-5.0
prezygapophysis of lumbar vertebra	en	anatomie-en	uberon	0		-5.0
prezygapophysis of sacral vertebra	en	anatomie-en	uberon	0		-5.0
prezygapophysis of thoracic vertebra	en	anatomie-en	uberon	0		-5.0
primary fissure of cerebellum	en	anatomie-en	uberon	0		-5.0
primary nodular lymphoid tissue	en	anatomie-en	uberon	0		-5.0
primary subdivision of skull	en	anatomie-en	uberon	0		-5.0
primary yolk sac cavity	en	anatomie-en	uberon	0		-5.0
principal part of ventral posteromedial nucleus	en	anatomie-en	uberon	0		-5.0
promontory of tympanic cavity	en	anatomie-en	uberon	0		-5.0
proper palmar digital artery	en	anatomie-en	uberon	0		-5.0
proper palmar digital vein	en	anatomie-en	uberon	0		-5.0
proper plantar digital artery	en	anatomie-en	uberon	0		-5.0
prostate gland anterior lobe	en	anatomie-en	uberon	0		-5.0
prostate gland lateral lobe	en	anatomie-en	uberon	0		-5.0
prostate gland smooth muscle	en	anatomie-en	uberon	0		-5.0
proximal epiphysis of femur	en	anatomie-en	uberon	0		-5.0
proximal epiphysis of fibula	en	anatomie-en	uberon	0		-5.0
proximal epiphysis of humerus	en	anatomie-en	uberon	0		-5.0
proximal epiphysis of radius	en	anatomie-en	uberon	0		-5.0
proximal epiphysis of tibia	en	anatomie-en	uberon	0		-5.0
proximal epiphysis of ulna	en	anatomie-en	uberon	0		-5.0
proximal head of humerus	en	anatomie-en	uberon	0		-5.0
proximal metaphysis of femur	en	anatomie-en	uberon	0		-5.0
proximal phalanx of manus	en	anatomie-en	uberon	0		-5.0
proximal phalanx of pes	en	anatomie-en	uberon	0		-5.0
proximal-distal subdivision of colon	en	anatomie-en	uberon	0		-5.0
pseudostratified ciliated columnar epithelium	en	anatomie-en	uberon	0		-5.0
pseudostratified smooth columnar epithelium	en	anatomie-en	uberon	0		-5.0
pyramid of medulla oblongata	en	anatomie-en	uberon	0		-5.0
pyramidal layer of CA1	en	anatomie-en	uberon	0		-5.0
pyramidal layer of CA2	en	anatomie-en	uberon	0		-5.0
pyramidal layer of CA3	en	anatomie-en	uberon	0		-5.0
quadrate lobe of liver	en	anatomie-en	uberon	0		-5.0
rectus capitis lateralis muscle	en	anatomie-en	uberon	0		-5.0
rectus capitis posterior major	en	anatomie-en	uberon	0		-5.0
rectus capitis posterior minor	en	anatomie-en	uberon	0		-5.0
red pulp of spleen	en	anatomie-en	uberon	0		-5.0
region of nephron tubule	en	anatomie-en	uberon	0		-5.0
regional part of brain	en	anatomie-en	uberon	0		-5.0
remnant of cardiac valve	en	anatomie-en	uberon	0		-5.0
remnant of embryonic structure	en	anatomie-en	uberon	0		-5.0
remnant of processus vaginalis	en	anatomie-en	uberon	0		-5.0
remnnant of ductus deferens	en	anatomie-en	uberon	0		-5.0
reticular lamina of epithelium	en	anatomie-en	uberon	0		-5.0
reticular layer of dermis	en	anatomie-en	uberon	0		-5.0
right adrenal gland cortex	en	anatomie-en	uberon	0		-5.0
right adrenal gland medulla	en	anatomie-en	uberon	0		-5.0
right anterior cardinal vein	en	anatomie-en	uberon	0		-5.0
right anterior vena cava	en	anatomie-en	uberon	0		-5.0
right atrium auricular region	en	anatomie-en	uberon	0		-5.0
right common cardinal vein	en	anatomie-en	uberon	0		-5.0
right common iliac artery	en	anatomie-en	uberon	0		-5.0
right crus of diaphragm	en	anatomie-en	uberon	0		-5.0
right dome of diaphragm	en	anatomie-en	uberon	0		-5.0
right hemisphere of cerebellum	en	anatomie-en	uberon	0		-5.0
right internal carotid artery	en	anatomie-en	uberon	0		-5.0
right lobe of liver	en	anatomie-en	uberon	0		-5.0
right occipital lymph node	en	anatomie-en	uberon	0		-5.0
right pelvic girdle region	en	anatomie-en	uberon	0		-5.0
right posterior cardinal vein	en	anatomie-en	uberon	0		-5.0
right recurrent laryngeal nerve	en	anatomie-en	uberon	0		-5.0
right retropharyngeal lymph node	en	anatomie-en	uberon	0		-5.0
right superior intercostal vein	en	anatomie-en	uberon	0		-5.0
root of abducens nerve	en	anatomie-en	uberon	0		-5.0
root of cervical nerve	en	anatomie-en	uberon	0		-5.0
root of coccygeal nerve	en	anatomie-en	uberon	0		-5.0
root of cranial nerve	en	anatomie-en	uberon	0		-5.0
root of molar tooth	en	anatomie-en	uberon	0		-5.0
root of optic nerve	en	anatomie-en	uberon	0		-5.0
root of sacral nerve	en	anatomie-en	uberon	0		-5.0
root of thoracic nerve	en	anatomie-en	uberon	0		-5.0
root of trochlear nerve	en	anatomie-en	uberon	0		-5.0
root of vagus nerve	en	anatomie-en	uberon	0		-5.0
rostral anterior cingulate cortex	en	anatomie-en	uberon	0		-5.0
rostral intralaminar nuclear group	en	anatomie-en	uberon	0		-5.0
rostral middle frontal gyrus	en	anatomie-en	uberon	0		-5.0
rostrum of corpus callosum	en	anatomie-en	uberon	0		-5.0
round ligament of liver	en	anatomie-en	uberon	0		-5.0
round ligament of uterus	en	anatomie-en	uberon	0		-5.0
rugal fold of stomach	en	anatomie-en	uberon	0		-5.0
rugal fold of vagina	en	anatomie-en	uberon	0		-5.0
saccule of membranous labyrinth	en	anatomie-en	uberon	0		-5.0
sacral dorsal root ganglion	en	anatomie-en	uberon	0		-5.0
sacral sympathetic nerve trunk	en	anatomie-en	uberon	0		-5.0
second anterior intercostal artery	en	anatomie-en	uberon	0		-5.0
secondary fissure of cerebellum	en	anatomie-en	uberon	0		-5.0
secondary nodular lymphoid tissue	en	anatomie-en	uberon	0		-5.0
secondary palatal shelf epithelium	en	anatomie-en	uberon	0		-5.0
secondary yolk sac cavity	en	anatomie-en	uberon	0		-5.0
secretion of exocrine gland	en	anatomie-en	uberon	0		-5.0
secretion of lacrimal gland	en	anatomie-en	uberon	0		-5.0
secretion of serous membrane	en	anatomie-en	uberon	0		-5.0
segmental subdivision of hindbrain	en	anatomie-en	uberon	0		-5.0
seminiferous tubule of testis	en	anatomie-en	uberon	0		-5.0
serosa of fallopian tube	en	anatomie-en	uberon	0		-5.0
serosa of large intestine	en	anatomie-en	uberon	0		-5.0
serosa of small intestine	en	anatomie-en	uberon	0		-5.0
serosa of urinary bladder	en	anatomie-en	uberon	0		-5.0
serratus dorsalis inferior muscle	en	anatomie-en	uberon	0		-5.0
serratus dorsalis superior muscle	en	anatomie-en	uberon	0		-5.0
sesamoid bone of gastrocnemius	en	anatomie-en	uberon	0		-5.0
sesamoid bone of manus	en	anatomie-en	uberon	0		-5.0
sesamoid bone of pes	en	anatomie-en	uberon	0		-5.0
seventh anterior intercostal artery	en	anatomie-en	uberon	0		-5.0
shell of nucleus accumbens	en	anatomie-en	uberon	0		-5.0
sixth anterior intercostal artery	en	anatomie-en	uberon	0		-5.0
skeletal muscle of trunk	en	anatomie-en	uberon	0		-5.0
skeletal musculature of head	en	anatomie-en	uberon	0		-5.0
skeleton of lower jaw	en	anatomie-en	uberon	0		-5.0
skeleton of manual acropodium	en	anatomie-en	uberon	0		-5.0
skeleton of pectoral complex	en	anatomie-en	uberon	0		-5.0
skeleton of pedal acropodium	en	anatomie-en	uberon	0		-5.0
skeleton of pelvic complex	en	anatomie-en	uberon	0		-5.0
skeleton of upper jaw	en	anatomie-en	uberon	0		-5.0
skin of anterior chest	en	anatomie-en	uberon	0		-5.0
skin of external ear	en	anatomie-en	uberon	0		-5.0
skin of lower lip	en	anatomie-en	uberon	0		-5.0
skin of upper lip	en	anatomie-en	uberon	0		-5.0
small intestine Peyer's patch	en	anatomie-en	uberon	0		-5.0
smooth muscle of esophagus	en	anatomie-en	uberon	0		-5.0
smooth muscle of trachea	en	anatomie-en	uberon	0		-5.0
solitary tract nuclear complex	en	anatomie-en	uberon	0		-5.0
special sense organ system	en	anatomie-en	uberon	0		-5.0
sphenoid bone pterygoid process	en	anatomie-en	uberon	0		-5.0
sphincter of hepatopancreatic ampulla	en	anatomie-en	uberon	0		-5.0
spinal cord gray commissure	en	anatomie-en	uberon	0		-5.0
spinal cord lateral horn	en	anatomie-en	uberon	0		-5.0
spinal cord neural plate	en	anatomie-en	uberon	0		-5.0
spinal cord ventral commissure	en	anatomie-en	uberon	0		-5.0
spinal cord white commissure	en	anatomie-en	uberon	0		-5.0
spinothalamic tract of medulla	en	anatomie-en	uberon	0		-5.0
spinothalamic tract of midbrain	en	anatomie-en	uberon	0		-5.0
spinothalamic tract of pons	en	anatomie-en	uberon	0		-5.0
spiral organ of cochlea	en	anatomie-en	uberon	0		-5.0
spleen primary B follicle	en	anatomie-en	uberon	0		-5.0
spongiose part of urethra	en	anatomie-en	uberon	0		-5.0
spur of arcuate sulcus	en	anatomie-en	uberon	0		-5.0
sternal end of clavicle	en	anatomie-en	uberon	0		-5.0
straight venules of kidney	en	anatomie-en	uberon	0		-5.0
stratum basale of epidermis	en	anatomie-en	uberon	0		-5.0
stratum corneum of epidermis	en	anatomie-en	uberon	0		-5.0
stratum granulosum of epidermis	en	anatomie-en	uberon	0		-5.0
stratum lucidum of epidermis	en	anatomie-en	uberon	0		-5.0
stratum spinosum of epidermis	en	anatomie-en	uberon	0		-5.0
stratum zonale of thalamus	en	anatomie-en	uberon	0		-5.0
striated border microvillus layer	en	anatomie-en	uberon	0		-5.0
stroma of bone marrow	en	anatomie-en	uberon	0		-5.0
stroma of thyroid gland	en	anatomie-en	uberon	0		-5.0
styloid process of ulna	en	anatomie-en	uberon	0		-5.0
subdivision of spinal cord central canal	en	anatomie-en	uberon	0		-5.0
subdivision of spinal cord dorsal column	en	anatomie-en	uberon	0		-5.0
subepithelial connective tissue of prostatic gland	en	anatomie-en	uberon	0		-5.0
submucosa of neck of urinary bladder	en	anatomie-en	uberon	0		-5.0
submucosa of trigone of urinary bladder	en	anatomie-en	uberon	0		-5.0
superficial axillary lymph node	en	anatomie-en	uberon	0		-5.0
superficial circumflex iliac artery	en	anatomie-en	uberon	0		-5.0
superficial external pudendal artery	en	anatomie-en	uberon	0		-5.0
superficial external pudendal vein	en	anatomie-en	uberon	0		-5.0
superficial inguinal lymph node	en	anatomie-en	uberon	0		-5.0
superficial middle cerebral vein	en	anatomie-en	uberon	0		-5.0
superficial parotid lymph node	en	anatomie-en	uberon	0		-5.0
superficial popliteal lymph node	en	anatomie-en	uberon	0		-5.0
superior angle of scapula	en	anatomie-en	uberon	0		-5.0
superior diaphragmatic lymph node	en	anatomie-en	uberon	0		-5.0
superior glossopharyngeal IX ganglion	en	anatomie-en	uberon	0		-5.0
superior gluteal lymph node	en	anatomie-en	uberon	0		-5.0
superior hypogastric nerve plexus	en	anatomie-en	uberon	0		-5.0
superior ileocolic lymph node	en	anatomie-en	uberon	0		-5.0
superior lateral occipital cortex	en	anatomie-en	uberon	0		-5.0
superior mediastinal lymph node	en	anatomie-en	uberon	0		-5.0
superior oblique extraocular muscle	en	anatomie-en	uberon	0		-5.0
superior pancreaticoduodenal lymph node	en	anatomie-en	uberon	0		-5.0
superior rectus extraocular muscle	en	anatomie-en	uberon	0		-5.0
superior surface of tongue	en	anatomie-en	uberon	0		-5.0
superior tracheobronchial lymph node	en	anatomie-en	uberon	0		-5.0
superior transverse frontopolar gyrus	en	anatomie-en	uberon	0		-5.0
superior vagus X ganglion	en	anatomie-en	uberon	0		-5.0
suspensory ligament of breast	en	anatomie-en	uberon	0		-5.0
suspensory ligament of duodenum	en	anatomie-en	uberon	0		-5.0
suspensory ligament of lens	en	anatomie-en	uberon	0		-5.0
suspensory ligament of ovary	en	anatomie-en	uberon	0		-5.0
sweat gland of eyelid	en	anatomie-en	uberon	0		-5.0
synovial cavity of joint	en	anatomie-en	uberon	0		-5.0
tapetum of corpus callosum	en	anatomie-en	uberon	0		-5.0
tectorial membrane of cochlea	en	anatomie-en	uberon	0		-5.0
temporal part of head	en	anatomie-en	uberon	0		-5.0
tendon of biceps brachii	en	anatomie-en	uberon	0		-5.0
tendon of obturator internus	en	anatomie-en	uberon	0		-5.0
tendon of palmaris longus	en	anatomie-en	uberon	0		-5.0
tendon of quadriceps femoris	en	anatomie-en	uberon	0		-5.0
tendon of triceps brachii	en	anatomie-en	uberon	0		-5.0
tensor fasciae latae muscle	en	anatomie-en	uberon	0		-5.0
tetrapod frontal bone primordium	en	anatomie-en	uberon	0		-5.0
tetrapod parietal bone primordium	en	anatomie-en	uberon	0		-5.0
third anterior intercostal artery	en	anatomie-en	uberon	0		-5.0
thoracic dorsal root ganglion	en	anatomie-en	uberon	0		-5.0
thoracic part of esophagus	en	anatomie-en	uberon	0		-5.0
thoracic segment of trunk	en	anatomie-en	uberon	0		-5.0
thoracic sympathetic nerve trunk	en	anatomie-en	uberon	0		-5.0
tooth of lower jaw	en	anatomie-en	uberon	0		-5.0
trabecula of lymph node	en	anatomie-en	uberon	0		-5.0
trabecular layer of ventricle	en	anatomie-en	uberon	0		-5.0
tract of spinal cord	en	anatomie-en	uberon	0		-5.0
triangular ligament of liver	en	anatomie-en	uberon	0		-5.0
triangular ridge of tooth	en	anatomie-en	uberon	0		-5.0
trigone of urinary bladder	en	anatomie-en	uberon	0		-5.0
trunk of intercostal nerve	en	anatomie-en	uberon	0		-5.0
trunk of phrenic nerve	en	anatomie-en	uberon	0		-5.0
trunk of sciatic nerve	en	anatomie-en	uberon	0		-5.0
tuberomammillary nucleus dorsal part	en	anatomie-en	uberon	0		-5.0
tuberomammillary nucleus ventral part	en	anatomie-en	uberon	0		-5.0
tunica adventitia of artery	en	anatomie-en	uberon	0		-5.0
tunica adventitia of vein	en	anatomie-en	uberon	0		-5.0
tunica albuginea of ovary	en	anatomie-en	uberon	0		-5.0
tunica albuginea of testis	en	anatomie-en	uberon	0		-5.0
tunica fibrosa of eyeball	en	anatomie-en	uberon	0		-5.0
tunica intima of artery	en	anatomie-en	uberon	0		-5.0
tunica intima of vein	en	anatomie-en	uberon	0		-5.0
tunica media of artery	en	anatomie-en	uberon	0		-5.0
tunica media of vein	en	anatomie-en	uberon	0		-5.0
uncinate process of ethmoid	en	anatomie-en	uberon	0		-5.0
uncinate process of pancreas	en	anatomie-en	uberon	0		-5.0
uncus of parahippocampal gyrus	en	anatomie-en	uberon	0		-5.0
unpaired venous dural sinus	en	anatomie-en	uberon	0		-5.0
upper central incisor tooth	en	anatomie-en	uberon	0		-5.0
upper intercostal lymph node	en	anatomie-en	uberon	0		-5.0
upper lateral incisor tooth	en	anatomie-en	uberon	0		-5.0
upper lobe of lung	en	anatomie-en	uberon	0		-5.0
upper part of vagina	en	anatomie-en	uberon	0		-5.0
upper primary canine tooth	en	anatomie-en	uberon	0		-5.0
upper primary incisor tooth	en	anatomie-en	uberon	0		-5.0
upper primary molar tooth	en	anatomie-en	uberon	0		-5.0
upper secondary canine tooth	en	anatomie-en	uberon	0		-5.0
upper secondary incisor tooth	en	anatomie-en	uberon	0		-5.0
upper secondary molar tooth	en	anatomie-en	uberon	0		-5.0
upper secondary premolar tooth	en	anatomie-en	uberon	0		-5.0
utricle of membranous labyrinth	en	anatomie-en	uberon	0		-5.0
vagal nerve fiber bundle	en	anatomie-en	uberon	0		-5.0
vagus X nerve trunk	en	anatomie-en	uberon	0		-5.0
valve of foramen ovale	en	anatomie-en	uberon	0		-5.0
vasculature of muscle organ	en	anatomie-en	uberon	0		-5.0
vasculature of musculoskeletal system	en	anatomie-en	uberon	0		-5.0
vein of hindlimb zeugopod	en	anatomie-en	uberon	0		-5.0
vein of lower lip	en	anatomie-en	uberon	0		-5.0
vein of upper lip	en	anatomie-en	uberon	0		-5.0
vein of vestibular aqueduct	en	anatomie-en	uberon	0		-5.0
ventral surface of penis	en	anatomie-en	uberon	0		-5.0
ventral tubercle of humerus	en	anatomie-en	uberon	0		-5.0
ventricle of nervous system	en	anatomie-en	uberon	0		-5.0
ventricular system choroidal fissure	en	anatomie-en	uberon	0		-5.0
ventricular system of brain	en	anatomie-en	uberon	0		-5.0
ventromedial nucleus of hypothalamus	en	anatomie-en	uberon	0		-5.0
vertebral arch of axis	en	anatomie-en	uberon	0		-5.0
vertebral foramen of atlas	en	anatomie-en	uberon	0		-5.0
vertical muscle of tongue	en	anatomie-en	uberon	0		-5.0
visceral abdominal lymph node	en	anatomie-en	uberon	0		-5.0
visceral pre-aortic lymph node	en	anatomie-en	uberon	0		-5.0
vitreous chamber of eyeball	en	anatomie-en	uberon	0		-5.0
wall of anal canal	en	anatomie-en	uberon	0		-5.0
wall of blood vessel	en	anatomie-en	uberon	0		-5.0
wall of brachiocephalic artery	en	anatomie-en	uberon	0		-5.0
wall of cerebral aqueduct	en	anatomie-en	uberon	0		-5.0
wall of coronary artery	en	anatomie-en	uberon	0		-5.0
wall of fallopian tube	en	anatomie-en	uberon	0		-5.0
wall of female urethra	en	anatomie-en	uberon	0		-5.0
wall of fourth ventricle	en	anatomie-en	uberon	0		-5.0
wall of lacrimal duct	en	anatomie-en	uberon	0		-5.0
wall of large intestine	en	anatomie-en	uberon	0		-5.0
wall of lateral ventricle	en	anatomie-en	uberon	0		-5.0
wall of left ureter	en	anatomie-en	uberon	0		-5.0
wall of left ventricle	en	anatomie-en	uberon	0		-5.0
wall of male urethra	en	anatomie-en	uberon	0		-5.0
wall of membranous labyrinth	en	anatomie-en	uberon	0		-5.0
wall of pharyngotympanic tube	en	anatomie-en	uberon	0		-5.0
wall of pulmonary artery	en	anatomie-en	uberon	0		-5.0
wall of right ureter	en	anatomie-en	uberon	0		-5.0
wall of right ventricle	en	anatomie-en	uberon	0		-5.0
wall of small intestine	en	anatomie-en	uberon	0		-5.0
wall of subclavian artery	en	anatomie-en	uberon	0		-5.0
wall of third ventricle	en	anatomie-en	uberon	0		-5.0
wall of urinary bladder	en	anatomie-en	uberon	0		-5.0
white matter of cerebellum	en	anatomie-en	uberon	0		-5.0
white matter of forebrain	en	anatomie-en	uberon	0		-5.0
white matter of hindbrain	en	anatomie-en	uberon	0		-5.0
white matter of metencephalon	en	anatomie-en	uberon	0		-5.0
white matter of midbrain	en	anatomie-en	uberon	0		-5.0
white matter of pons	en	anatomie-en	uberon	0		-5.0
white matter of telencephalon	en	anatomie-en	uberon	0		-5.0
white pulp of spleen	en	anatomie-en	uberon	0		-5.0
zone of bone organ	en	anatomie-en	uberon	0		-5.0
zone of hyoid bone	en	anatomie-en	uberon	0		-5.0
zone of long bone	en	anatomie-en	uberon	0		-5.0
zygomatic process of maxilla	en	anatomie-en	uberon	0		-5.0
abductor digiti minimi of hand	en	anatomie-en	uberon	0		-5.5
accessory nucleus of optic tract	en	anatomie-en	uberon	0		-5.5
acetabular part of hip bone	en	anatomie-en	uberon	0		-5.5
aggregate regional part of brain	en	anatomie-en	uberon	0		-5.5
alimentary part of gastrointestinal system	en	anatomie-en	uberon	0		-5.5
anatomical line between inner canthi	en	anatomie-en	uberon	0		-5.5
anterior external vertebral venous plexus	en	anatomie-en	uberon	0		-5.5
anterior horn of lateral ventricle	en	anatomie-en	uberon	0		-5.5
anterior inferior pancreaticoduodenal lymph node	en	anatomie-en	uberon	0		-5.5
anterior leaflet of mitral valve	en	anatomie-en	uberon	0		-5.5
anterior limb of internal capsule	en	anatomie-en	uberon	0		-5.5
anterior limiting lamina of cornea	en	anatomie-en	uberon	0		-5.5
anterior nasal spine of maxilla	en	anatomie-en	uberon	0		-5.5
anterior paraventricular nucleus of thalamus	en	anatomie-en	uberon	0		-5.5
anterior part of tympanic bone	en	anatomie-en	uberon	0		-5.5
anterior segment of paracentral lobule	en	anatomie-en	uberon	0		-5.5
anterior superior pancreaticoduodenal lymph node	en	anatomie-en	uberon	0		-5.5
anterior transverse temporal area 41	en	anatomie-en	uberon	0		-5.5
anterior wall of left ventricle	en	anatomie-en	uberon	0		-5.5
anterior wall of right ventricle	en	anatomie-en	uberon	0		-5.5
anterior wall of urinary bladder	en	anatomie-en	uberon	0		-5.5
apical region of left ventricle	en	anatomie-en	uberon	0		-5.5
apical region of right ventricle	en	anatomie-en	uberon	0		-5.5
arch of centrum of vertebra	en	anatomie-en	uberon	0		-5.5
articular capsule of glenohumeral joint	en	anatomie-en	uberon	0		-5.5
articular capsule of hip joint	en	anatomie-en	uberon	0		-5.5
axial skeleton plus cranial skeleton	en	anatomie-en	uberon	0		-5.5
banks of superior temporal sulcus	en	anatomie-en	uberon	0		-5.5
basal cell layer of urothelium	en	anatomie-en	uberon	0		-5.5
bed nucleus of stria terminalis	en	anatomie-en	uberon	0		-5.5
blood vessel external elastic membrane	en	anatomie-en	uberon	0		-5.5
blood vessel internal elastic membrane	en	anatomie-en	uberon	0		-5.5
blood vessel layer of choroid	en	anatomie-en	uberon	0		-5.5
bone tissue of distal epiphysis	en	anatomie-en	uberon	0		-5.5
bone tissue of long bone	en	anatomie-en	uberon	0		-5.5
bone tissue of proximal epiphysis	en	anatomie-en	uberon	0		-5.5
bony part of hard palate	en	anatomie-en	uberon	0		-5.5
bony part of pharyngotympanic tube	en	anatomie-en	uberon	0		-5.5
bony part of vertebral arch	en	anatomie-en	uberon	0		-5.5
branch of anterior cerebral artery	en	anatomie-en	uberon	0		-5.5
branch of external carotid artery	en	anatomie-en	uberon	0		-5.5
branch of internal carotid artery	en	anatomie-en	uberon	0		-5.5
branch of left coronary artery	en	anatomie-en	uberon	0		-5.5
branch of middle cerebral artery	en	anatomie-en	uberon	0		-5.5
branch of posterior cerebral artery	en	anatomie-en	uberon	0		-5.5
branch of posterior tibial artery	en	anatomie-en	uberon	0		-5.5
capsule of medial geniculate body	en	anatomie-en	uberon	0		-5.5
carpometacarpal joint of digit 1	en	anatomie-en	uberon	0		-5.5
cartilage of external acoustic meatus	en	anatomie-en	uberon	0		-5.5
caudal segment of spinal cord	en	anatomie-en	uberon	0		-5.5
central canal of spinal cord	en	anatomie-en	uberon	0		-5.5
central dorsal nucleus of thalamus	en	anatomie-en	uberon	0		-5.5
central gray substance of medulla	en	anatomie-en	uberon	0		-5.5
central gray substance of midbrain	en	anatomie-en	uberon	0		-5.5
central gray substance of pons	en	anatomie-en	uberon	0		-5.5
central medullary reticular nuclear complex	en	anatomie-en	uberon	0		-5.5
central nucleus of inferior colliculus	en	anatomie-en	uberon	0		-5.5
central tegmental tract of midbrain	en	anatomie-en	uberon	0		-5.5
central tegmental tract of pons	en	anatomie-en	uberon	0		-5.5
cervical region of vertebral column	en	anatomie-en	uberon	0		-5.5
cervical spinal cord dorsal column	en	anatomie-en	uberon	0		-5.5
cervical spinal cord dorsal horn	en	anatomie-en	uberon	0		-5.5
cervical spinal cord gray commissure	en	anatomie-en	uberon	0		-5.5
cervical spinal cord gray matter	en	anatomie-en	uberon	0		-5.5
cervical spinal cord lateral horn	en	anatomie-en	uberon	0		-5.5
cervical spinal cord ventral horn	en	anatomie-en	uberon	0		-5.5
cervical spinal cord white matter	en	anatomie-en	uberon	0		-5.5
cervical subsegment of spinal cord	en	anatomie-en	uberon	0		-5.5
cervical vertebra 1 anterior tubercle	en	anatomie-en	uberon	0		-5.5
cervical vertebra 1 arcus anterior	en	anatomie-en	uberon	0		-5.5
chorda tendinea of left ventricle	en	anatomie-en	uberon	0		-5.5
chorda tendinea of right ventricle	en	anatomie-en	uberon	0		-5.5
choroid plexus of fourth ventricle	en	anatomie-en	uberon	0		-5.5
choroid plexus of lateral ventricle	en	anatomie-en	uberon	0		-5.5
choroid plexus of third ventricle	en	anatomie-en	uberon	0		-5.5
cingulum of lower canine tooth	en	anatomie-en	uberon	0		-5.5
cingulum of lower incisor tooth	en	anatomie-en	uberon	0		-5.5
cingulum of upper canine tooth	en	anatomie-en	uberon	0		-5.5
cingulum of upper incisor tooth	en	anatomie-en	uberon	0		-5.5
cochlear duct of membranous labyrinth	en	anatomie-en	uberon	0		-5.5
commissural leaflet of mitral valve	en	anatomie-en	uberon	0		-5.5
commissural nucleus of vagus nerve	en	anatomie-en	uberon	0		-5.5
common carotid artery plus branches	en	anatomie-en	uberon	0		-5.5
common crus of semicircular duct	en	anatomie-en	uberon	0		-5.5
communicating branch of spinal nerve	en	anatomie-en	uberon	0		-5.5
compact bone of long bone	en	anatomie-en	uberon	0		-5.5
connective tissue of prostate gland	en	anatomie-en	uberon	0		-5.5
crypt of Lieberkuhn of duodenum	en	anatomie-en	uberon	0		-5.5
crypt of Lieberkuhn of ileum	en	anatomie-en	uberon	0		-5.5
crypt of Lieberkuhn of jejunum	en	anatomie-en	uberon	0		-5.5
cuneate fasciculus of spinal cord	en	anatomie-en	uberon	0		-5.5
cytoarchitectural part of dentate gyrus	en	anatomie-en	uberon	0		-5.5
decussation of superior cerebellar peduncle	en	anatomie-en	uberon	0		-5.5
deep anterior cervical lymph node	en	anatomie-en	uberon	0		-5.5
deep dorsal vein of clitoris	en	anatomie-en	uberon	0		-5.5
deep dorsal vein of penis	en	anatomie-en	uberon	0		-5.5
deep lateral cervical lymph node	en	anatomie-en	uberon	0		-5.5
deep part of masseter muscle	en	anatomie-en	uberon	0		-5.5
dentate gyrus granule cell layer	en	anatomie-en	uberon	0		-5.5
dentate gyrus molecular layer inner	en	anatomie-en	uberon	0		-5.5
dentate gyrus molecular layer middle	en	anatomie-en	uberon	0		-5.5
dentate gyrus of hippocampal formation	en	anatomie-en	uberon	0		-5.5
digastric branch of facial nerve	en	anatomie-en	uberon	0		-5.5
digit 2, 3 or 4	en	anatomie-en	uberon	0		-5.5
distal deep inguinal lymph node	en	anatomie-en	uberon	0		-5.5
distal epiphysis of metacarpal bone	en	anatomie-en	uberon	0		-5.5
distal superior pancreatic lymph node	en	anatomie-en	uberon	0		-5.5
dorsal digital artery of pes	en	anatomie-en	uberon	0		-5.5
dorsal external arcuate fiber bundle	en	anatomie-en	uberon	0		-5.5
dorsal funiculus of spinal cord	en	anatomie-en	uberon	0		-5.5
dorsal horn of spinal cord	en	anatomie-en	uberon	0		-5.5
dorsal longitudinal fasciculus of hypothalamus	en	anatomie-en	uberon	0		-5.5
dorsal longitudinal fasciculus of medulla	en	anatomie-en	uberon	0		-5.5
dorsal longitudinal fasciculus of midbrain	en	anatomie-en	uberon	0		-5.5
dorsal longitudinal fasciculus of pons	en	anatomie-en	uberon	0		-5.5
dorsal nucleus of lateral lemniscus	en	anatomie-en	uberon	0		-5.5
dorsal ramus of spinal nerve	en	anatomie-en	uberon	0		-5.5
dorsal root of spinal cord	en	anatomie-en	uberon	0		-5.5
dorsal thoracic segment of trunk	en	anatomie-en	uberon	0		-5.5
dorsolateral subnucleus of solitary tract	en	anatomie-en	uberon	0		-5.5
dorsomedial subnucleus of solitary tract	en	anatomie-en	uberon	0		-5.5
duct of apocrine sweat gland	en	anatomie-en	uberon	0		-5.5
duct of eccrine sweat gland	en	anatomie-en	uberon	0		-5.5
duct of lesser vestibular gland	en	anatomie-en	uberon	0		-5.5
duct of major vestibular gland	en	anatomie-en	uberon	0		-5.5
eighth cervical dorsal root ganglion	en	anatomie-en	uberon	0		-5.5
eighth thoracic dorsal root ganglion	en	anatomie-en	uberon	0		-5.5
eleventh thoracic dorsal root ganglion	en	anatomie-en	uberon	0		-5.5
esophagus smooth muscle circular layer	en	anatomie-en	uberon	0		-5.5
esophagus smooth muscle longitudinal layer	en	anatomie-en	uberon	0		-5.5
excretory duct of salivary gland	en	anatomie-en	uberon	0		-5.5
extensor carpi radialis brevis muscle	en	anatomie-en	uberon	0		-5.5
extensor carpi radialis longus muscle	en	anatomie-en	uberon	0		-5.5
external acoustic meatus osseus part	en	anatomie-en	uberon	0		-5.5
external medullary lamina of thalamus	en	anatomie-en	uberon	0		-5.5
external nucleus of inferior colliculus	en	anatomie-en	uberon	0		-5.5
fifth cervical dorsal root ganglion	en	anatomie-en	uberon	0		-5.5
fifth lumbar dorsal root ganglion	en	anatomie-en	uberon	0		-5.5
fifth sacral dorsal root ganglion	en	anatomie-en	uberon	0		-5.5
fifth thoracic dorsal root ganglion	en	anatomie-en	uberon	0		-5.5
first cervical dorsal root ganglion	en	anatomie-en	uberon	0		-5.5
first dorsal interosseous of manus	en	anatomie-en	uberon	0		-5.5
first lumbar dorsal root ganglion	en	anatomie-en	uberon	0		-5.5
first sacral dorsal root ganglion	en	anatomie-en	uberon	0		-5.5
first thoracic dorsal root ganglion	en	anatomie-en	uberon	0		-5.5
foramen cecum of frontal bone	en	anatomie-en	uberon	0		-5.5
foramen spinosum of sphenoid bone	en	anatomie-en	uberon	0		-5.5
forceps major of corpus callosum	en	anatomie-en	uberon	0		-5.5
fourth cervical dorsal root ganglion	en	anatomie-en	uberon	0		-5.5
fourth lumbar dorsal root ganglion	en	anatomie-en	uberon	0		-5.5
fourth ventricle choroid plexus epithelium	en	anatomie-en	uberon	0		-5.5
frontal nerve (branch of ophthalmic)	en	anatomie-en	uberon	0		-5.5
frontal process of zygomatic bone	en	anatomie-en	uberon	0		-5.5
ganglion of central nervous system	en	anatomie-en	uberon	0		-5.5
gas excreted from digestive tract	en	anatomie-en	uberon	0		-5.5
gelatinous layer of statoconial membrane	en	anatomie-en	uberon	0		-5.5
gelatinous nucleus of solitary tract	en	anatomie-en	uberon	0		-5.5
gracile fasciculus of spinal cord	en	anatomie-en	uberon	0		-5.5
granular layer of cerebellar cortex	en	anatomie-en	uberon	0		-5.5
gray matter of spinal cord	en	anatomie-en	uberon	0		-5.5
head fold of embryonic disc	en	anatomie-en	uberon	0		-5.5
helicine branch of uterine artery	en	anatomie-en	uberon	0		-5.5
highest nuchal line attachment site	en	anatomie-en	uberon	0		-5.5
hilum of inferior olivary complex	en	anatomie-en	uberon	0		-5.5
inferior branch of oculomotor nerve	en	anatomie-en	uberon	0		-5.5
inferior horn of thyroid cartilage	en	anatomie-en	uberon	0		-5.5
inferior left gastric lymph node	en	anatomie-en	uberon	0		-5.5
inferior nuchal line attachment site	en	anatomie-en	uberon	0		-5.5
inferior part of vestibular ganglion	en	anatomie-en	uberon	0		-5.5
inferior ramus of arcuate sulcus	en	anatomie-en	uberon	0		-5.5
inferior recess of lesser sac	en	anatomie-en	uberon	0		-5.5
inflow tract of left ventricle	en	anatomie-en	uberon	0		-5.5
inflow tract of right ventricle	en	anatomie-en	uberon	0		-5.5
infundibular recess of 3rd ventricle	en	anatomie-en	uberon	0		-5.5
inner cambium layer of periosteum	en	anatomie-en	uberon	0		-5.5
inner canthus of left eye	en	anatomie-en	uberon	0		-5.5
inner canthus of right eye	en	anatomie-en	uberon	0		-5.5
inner cell mass derived hypoblast	en	anatomie-en	uberon	0		-5.5
inner limiting layer of retina	en	anatomie-en	uberon	0		-5.5
inner nuclear layer of retina	en	anatomie-en	uberon	0		-5.5
inner plexiform layer of retina	en	anatomie-en	uberon	0		-5.5
intercalated duct of salivary gland	en	anatomie-en	uberon	0		-5.5
interlobular duct of salivary gland	en	anatomie-en	uberon	0		-5.5
intermediate common iliac lymph node	en	anatomie-en	uberon	0		-5.5
intermediate deep inguinal lymph node	en	anatomie-en	uberon	0		-5.5
intermediate external iliac lymph node	en	anatomie-en	uberon	0		-5.5
intermediate layer of tympanic membrane	en	anatomie-en	uberon	0		-5.5
intermediate nucleus of lateral lemniscus	en	anatomie-en	uberon	0		-5.5
internal medullary lamina of thalamus	en	anatomie-en	uberon	0		-5.5
internal surface of cranial base	en	anatomie-en	uberon	0		-5.5
internal surface of frontal bone	en	anatomie-en	uberon	0		-5.5
intervertebral disk of cervical vertebra	en	anatomie-en	uberon	0		-5.5
intervertebral disk of lumbar vertebra	en	anatomie-en	uberon	0		-5.5
intervertebral disk of sacral vertebra	en	anatomie-en	uberon	0		-5.5
intervertebral disk of thoracic vertebra	en	anatomie-en	uberon	0		-5.5
juxtaductal region of aortic arch	en	anatomie-en	uberon	0		-5.5
kidney outer medulla inner stripe	en	anatomie-en	uberon	0		-5.5
kidney outer medulla outer stripe	en	anatomie-en	uberon	0		-5.5
lamina propria of large intestine	en	anatomie-en	uberon	0		-5.5
lamina propria of prostatic urethra	en	anatomie-en	uberon	0		-5.5
lamina propria of small intestine	en	anatomie-en	uberon	0		-5.5
lamina propria of urinary bladder	en	anatomie-en	uberon	0		-5.5
lamina terminalis of cerebral hemisphere	en	anatomie-en	uberon	0		-5.5
lateral amygdaloid nucleus, dorsolateral part	en	anatomie-en	uberon	0		-5.5
lateral amygdaloid nucleus, ventrolateral part	en	anatomie-en	uberon	0		-5.5
lateral amygdaloid nucleus, ventromedial part	en	anatomie-en	uberon	0		-5.5
lateral common iliac lymph node	en	anatomie-en	uberon	0		-5.5
lateral eminence of fourth ventricle	en	anatomie-en	uberon	0		-5.5
lateral external iliac lymph node	en	anatomie-en	uberon	0		-5.5
lateral funiculus of spinal cord	en	anatomie-en	uberon	0		-5.5
lateral nuclear group of thalamus	en	anatomie-en	uberon	0		-5.5
lateral nucleus of trapezoid body	en	anatomie-en	uberon	0		-5.5
lateral posterior nucleus of thalamus	en	anatomie-en	uberon	0		-5.5
lateral recess of fourth ventricle	en	anatomie-en	uberon	0		-5.5
lateral ventricle choroid plexus epithelium	en	anatomie-en	uberon	0		-5.5
lateral wall of urinary bladder	en	anatomie-en	uberon	0		-5.5
left apical axillary lymph node	en	anatomie-en	uberon	0		-5.5
left central axillary lymph node	en	anatomie-en	uberon	0		-5.5
left horn of sinus venosus	en	anatomie-en	uberon	0		-5.5
left lobe of thyroid gland	en	anatomie-en	uberon	0		-5.5
left parietal lumbar lymph node	en	anatomie-en	uberon	0		-5.5
left pectoral axillary lymph node	en	anatomie-en	uberon	0		-5.5
left subscapular axillary lymph node	en	anatomie-en	uberon	0		-5.5
left vagus X nerve trunk	en	anatomie-en	uberon	0		-5.5
lenticular process of incus bone	en	anatomie-en	uberon	0		-5.5
levator labii superioris alaeque nasi	en	anatomie-en	uberon	0		-5.5
long head of biceps brachii	en	anatomie-en	uberon	0		-5.5
lower central primary incisor tooth	en	anatomie-en	uberon	0		-5.5
lower central secondary incisor tooth	en	anatomie-en	uberon	0		-5.5
lower first primary molar tooth	en	anatomie-en	uberon	0		-5.5
lower first secondary molar tooth	en	anatomie-en	uberon	0		-5.5
lower first secondary premolar tooth	en	anatomie-en	uberon	0		-5.5
lower inner quadrant of breast	en	anatomie-en	uberon	0		-5.5
lower lateral primary incisor tooth	en	anatomie-en	uberon	0		-5.5
lower lateral secondary incisor tooth	en	anatomie-en	uberon	0		-5.5
lower lobe of left lung	en	anatomie-en	uberon	0		-5.5
lower lobe of right lung	en	anatomie-en	uberon	0		-5.5
lower outer quadrant of breast	en	anatomie-en	uberon	0		-5.5
lower second primary molar tooth	en	anatomie-en	uberon	0		-5.5
lower second secondary molar tooth	en	anatomie-en	uberon	0		-5.5
lower second secondary premolar tooth	en	anatomie-en	uberon	0		-5.5
lower third secondary molar tooth	en	anatomie-en	uberon	0		-5.5
lumbar region of vertebral column	en	anatomie-en	uberon	0		-5.5
lumbar spinal cord dorsal column	en	anatomie-en	uberon	0		-5.5
lumbar spinal cord dorsal horn	en	anatomie-en	uberon	0		-5.5
lumbar spinal cord gray commissure	en	anatomie-en	uberon	0		-5.5
lumbar spinal cord gray matter	en	anatomie-en	uberon	0		-5.5
lumbar spinal cord lateral horn	en	anatomie-en	uberon	0		-5.5
lumbar spinal cord ventral horn	en	anatomie-en	uberon	0		-5.5
lumbar spinal cord white matter	en	anatomie-en	uberon	0		-5.5
lumbar subsegment of spinal cord	en	anatomie-en	uberon	0		-5.5
lumen of central nervous system	en	anatomie-en	uberon	0		-5.5
lymph node along bile duct	en	anatomie-en	uberon	0		-5.5
lymph node of epiploic foramen	en	anatomie-en	uberon	0		-5.5
lymph node of lower limb	en	anatomie-en	uberon	0		-5.5
lymph node of upper limb	en	anatomie-en	uberon	0		-5.5
lymphatic part of lymphoid system	en	anatomie-en	uberon	0		-5.5
manual digit 1 or 5	en	anatomie-en	uberon	0		-5.5
mastoid process of temporal bone	en	anatomie-en	uberon	0		-5.5
medial common iliac lymph node	en	anatomie-en	uberon	0		-5.5
medial dorsal nucleus of thalamus	en	anatomie-en	uberon	0		-5.5
medial external iliac lymph node	en	anatomie-en	uberon	0		-5.5
medial ligament of ankle joint	en	anatomie-en	uberon	0		-5.5
medial longitudinal fasciculus of medulla	en	anatomie-en	uberon	0		-5.5
medial longitudinal fasciculus of midbrain	en	anatomie-en	uberon	0		-5.5
medial longitudinal fasciculus of pons	en	anatomie-en	uberon	0		-5.5
medial nucleus of solitary tract	en	anatomie-en	uberon	0		-5.5
medial nucleus of trapezoid body	en	anatomie-en	uberon	0		-5.5
medial subnucleus of solitary tract	en	anatomie-en	uberon	0		-5.5
median nuchal line attachment site	en	anatomie-en	uberon	0		-5.5
medulla oblongata anterior median fissure	en	anatomie-en	uberon	0		-5.5
medullary cavity of long bone	en	anatomie-en	uberon	0		-5.5
meningeal branch of mandibular nerve	en	anatomie-en	uberon	0		-5.5
meningeal branch of spinal nerve	en	anatomie-en	uberon	0		-5.5
mesencephalic nucleus of trigeminal nerve	en	anatomie-en	uberon	0		-5.5
mesencephalic tract of trigeminal nerve	en	anatomie-en	uberon	0		-5.5
mesenchyme derived from neural crest	en	anatomie-en	uberon	0		-5.5
Meyer's loop of optic radiation	en	anatomie-en	uberon	0		-5.5
middle lobe of right lung	en	anatomie-en	uberon	0		-5.5
molecular layer of cerebellar cortex	en	anatomie-en	uberon	0		-5.5
motor nucleus of trigeminal nerve	en	anatomie-en	uberon	0		-5.5
motor root of facial nerve	en	anatomie-en	uberon	0		-5.5
motor root of trigeminal nerve	en	anatomie-en	uberon	0		-5.5
mucosa of body of stomach	en	anatomie-en	uberon	0		-5.5
mucosa of cardia of stomach	en	anatomie-en	uberon	0		-5.5
mucosa of common bile duct	en	anatomie-en	uberon	0		-5.5
mucosa of common hepatic duct	en	anatomie-en	uberon	0		-5.5
mucosa of dorsum of tongue	en	anatomie-en	uberon	0		-5.5
mucosa of fundus of stomach	en	anatomie-en	uberon	0		-5.5
mucosa of left fallopian tube	en	anatomie-en	uberon	0		-5.5
mucosa of left hepatic duct	en	anatomie-en	uberon	0		-5.5
mucosa of left main bronchus	en	anatomie-en	uberon	0		-5.5
mucosa of right fallopian tube	en	anatomie-en	uberon	0		-5.5
mucosa of right hepatic duct	en	anatomie-en	uberon	0		-5.5
mucosa of right main bronchus	en	anatomie-en	uberon	0		-5.5
muscle layer of anal canal	en	anatomie-en	uberon	0		-5.5
muscle layer of large intestine	en	anatomie-en	uberon	0		-5.5
muscle layer of sigmoid colon	en	anatomie-en	uberon	0		-5.5
muscle layer of small intestine	en	anatomie-en	uberon	0		-5.5
muscle layer of urinary bladder	en	anatomie-en	uberon	0		-5.5
muscular coat of seminal vesicle	en	anatomie-en	uberon	0		-5.5
muscular coat of vas deferens	en	anatomie-en	uberon	0		-5.5
muscular layer of prostatic urethra	en	anatomie-en	uberon	0		-5.5
muscularis mucosae of large intestine	en	anatomie-en	uberon	0		-5.5
muscularis mucosae of small intestine	en	anatomie-en	uberon	0		-5.5
nail of manual digit 1	en	anatomie-en	uberon	0		-5.5
nail of manual digit 2	en	anatomie-en	uberon	0		-5.5
nail of manual digit 3	en	anatomie-en	uberon	0		-5.5
nail of manual digit 4	en	anatomie-en	uberon	0		-5.5
nail of manual digit 5	en	anatomie-en	uberon	0		-5.5
nail of pedal digit 1	en	anatomie-en	uberon	0		-5.5
nail of pedal digit 2	en	anatomie-en	uberon	0		-5.5
nail of pedal digit 3	en	anatomie-en	uberon	0		-5.5
nail of pedal digit 4	en	anatomie-en	uberon	0		-5.5
nail of pedal digit 5	en	anatomie-en	uberon	0		-5.5
nasal concha of ethmoid bone	en	anatomie-en	uberon	0		-5.5
nerve fiber layer of retina	en	anatomie-en	uberon	0		-5.5
ninth thoracic dorsal root ganglion	en	anatomie-en	uberon	0		-5.5
non-lymphatic part of lymphoid system	en	anatomie-en	uberon	0		-5.5
nucleus of cerebellar nuclear complex	en	anatomie-en	uberon	0		-5.5
nucleus of lateral olfactory tract	en	anatomie-en	uberon	0		-5.5
nucleus of midbrain reticular formation	en	anatomie-en	uberon	0		-5.5
nucleus of pontine reticular formation	en	anatomie-en	uberon	0		-5.5
nucleus of superior olivary complex	en	anatomie-en	uberon	0		-5.5
nucleus proprius of spinal cord	en	anatomie-en	uberon	0		-5.5
olfactory segment of nasal mucosa	en	anatomie-en	uberon	0		-5.5
opponens digiti minimi of hand	en	anatomie-en	uberon	0		-5.5
optic recess of third ventricle	en	anatomie-en	uberon	0		-5.5
orbital lobe of lacrimal gland	en	anatomie-en	uberon	0		-5.5
orbital part of frontal bone	en	anatomie-en	uberon	0		-5.5
otolithic part of statoconial membrane	en	anatomie-en	uberon	0		-5.5
outer fibrous layer of periosteum	en	anatomie-en	uberon	0		-5.5
outer limiting layer of retina	en	anatomie-en	uberon	0		-5.5
outer nuclear layer of retina	en	anatomie-en	uberon	0		-5.5
outer plexiform layer of retina	en	anatomie-en	uberon	0		-5.5
outflow part of left atrium	en	anatomie-en	uberon	0		-5.5
outflow part of left ventricle	en	anatomie-en	uberon	0		-5.5
outflow part of right atrium	en	anatomie-en	uberon	0		-5.5
outflow part of right ventricle	en	anatomie-en	uberon	0		-5.5
palmar branch of median nerve	en	anatomie-en	uberon	0		-5.5
palmar interosseous muscle of manus	en	anatomie-en	uberon	0		-5.5
palpebral lobe of lacrimal gland	en	anatomie-en	uberon	0		-5.5
papillary muscle of left ventricle	en	anatomie-en	uberon	0		-5.5
papillary muscle of right ventricle	en	anatomie-en	uberon	0		-5.5
paraventricular nucleus of the hypothalamus descending division	en	anatomie-en	uberon	0		-5.5
paraventricular nucleus of the hypothalamus magnocellular division	en	anatomie-en	uberon	0		-5.5
paraventricular nucleus of the hypothalamus parvocellular division	en	anatomie-en	uberon	0		-5.5
pars flaccida of tympanic membrane	en	anatomie-en	uberon	0		-5.5
pars plana of ciliary body	en	anatomie-en	uberon	0		-5.5
pars plicata of ciliary body	en	anatomie-en	uberon	0		-5.5
pars tensa of tympanic membrane	en	anatomie-en	uberon	0		-5.5
parvocellular subnucleus of solitary tract	en	anatomie-en	uberon	0		-5.5
pedal digit 1 or 5	en	anatomie-en	uberon	0		-5.5
PET	en	technieken-sequenties	gecureerd	0		-5.5
petrous part of temporal bone	en	anatomie-en	uberon	0		-5.5
pharyngeal branch of vagus nerve	en	anatomie-en	uberon	0		-5.5
pharyngeal opening of pharyngotympanic tube	en	anatomie-en	uberon	0		-5.5
pineal recess of third ventricle	en	anatomie-en	uberon	0		-5.5
plantar interosseous muscle of pes	en	anatomie-en	uberon	0		-5.5
postcentral sulcus of parietal lobe	en	anatomie-en	uberon	0		-5.5
postductal region of aortic arch	en	anatomie-en	uberon	0		-5.5
posterior external vertebral venous plexus	en	anatomie-en	uberon	0		-5.5
posterior inferior pancreaticoduodenal lymph node	en	anatomie-en	uberon	0		-5.5
posterior leaflet of mitral valve	en	anatomie-en	uberon	0		-5.5
posterior limb of internal capsule	en	anatomie-en	uberon	0		-5.5
posterior nuclear complex of thalamus	en	anatomie-en	uberon	0		-5.5
posterior paraventricular nucleus of thalamus	en	anatomie-en	uberon	0		-5.5
posterior part of anterior commissure	en	anatomie-en	uberon	0		-5.5
posterior segment of paracentral lobule	en	anatomie-en	uberon	0		-5.5
posterior superior fissure of cerebellum	en	anatomie-en	uberon	0		-5.5
posterior superior pancreaticoduodenal lymph node	en	anatomie-en	uberon	0		-5.5
posterior transverse temporal area 42	en	anatomie-en	uberon	0		-5.5
posterior wall of urinary bladder	en	anatomie-en	uberon	0		-5.5
preductal region of aortic arch	en	anatomie-en	uberon	0		-5.5
primary lymphoid nodule of tonsil	en	anatomie-en	uberon	0		-5.5
proximal deep inguinal lymph node	en	anatomie-en	uberon	0		-5.5
proximal epiphysis of metacarpal bone	en	anatomie-en	uberon	0		-5.5
proximal epiphysis of metatarsal bone	en	anatomie-en	uberon	0		-5.5
proximal superior pancreatic lymph node	en	anatomie-en	uberon	0		-5.5
proximo-distal subdivision of respiratory tract	en	anatomie-en	uberon	0		-5.5
regional part of cerebellar cortex	en	anatomie-en	uberon	0		-5.5
renal sinus of left kidney	en	anatomie-en	uberon	0		-5.5
renal sinus of right kidney	en	anatomie-en	uberon	0		-5.5
respiratory segment of nasal mucosa	en	anatomie-en	uberon	0		-5.5
reticular membrane of spiral organ	en	anatomie-en	uberon	0		-5.5
right apical axillary lymph node	en	anatomie-en	uberon	0		-5.5
right central axillary lymph node	en	anatomie-en	uberon	0		-5.5
right horn of sinus venosus	en	anatomie-en	uberon	0		-5.5
right lobe of thyroid gland	en	anatomie-en	uberon	0		-5.5
right pectoral axillary lymph node	en	anatomie-en	uberon	0		-5.5
right subscapular axillary lymph node	en	anatomie-en	uberon	0		-5.5
right vagus X nerve trunk	en	anatomie-en	uberon	0		-5.5
root of lumbar spinal nerve	en	anatomie-en	uberon	0		-5.5
round window of inner ear	en	anatomie-en	uberon	0		-5.5
sacral spinal cord dorsal column	en	anatomie-en	uberon	0		-5.5
sacral spinal cord dorsal horn	en	anatomie-en	uberon	0		-5.5
sacral spinal cord gray commissure	en	anatomie-en	uberon	0		-5.5
sacral spinal cord gray matter	en	anatomie-en	uberon	0		-5.5
sacral spinal cord lateral horn	en	anatomie-en	uberon	0		-5.5
sacral spinal cord ventral horn	en	anatomie-en	uberon	0		-5.5
sacral spinal cord white matter	en	anatomie-en	uberon	0		-5.5
sacral subsegment of spinal cord	en	anatomie-en	uberon	0		-5.5
second cervical dorsal root ganglion	en	anatomie-en	uberon	0		-5.5
second lumbar dorsal root ganglion	en	anatomie-en	uberon	0		-5.5
second sacral dorsal root ganglion	en	anatomie-en	uberon	0		-5.5
second thoracic dorsal root ganglion	en	anatomie-en	uberon	0		-5.5
sensory root of facial nerve	en	anatomie-en	uberon	0		-5.5
sensory root of trigeminal nerve	en	anatomie-en	uberon	0		-5.5
serosa of fundus of stomach	en	anatomie-en	uberon	0		-5.5
set of lower jaw teeth	en	anatomie-en	uberon	0		-5.5
set of upper jaw teeth	en	anatomie-en	uberon	0		-5.5
seventh cervical dorsal root ganglion	en	anatomie-en	uberon	0		-5.5
seventh thoracic dorsal root ganglion	en	anatomie-en	uberon	0		-5.5
short head of biceps brachii	en	anatomie-en	uberon	0		-5.5
sixth cervical dorsal root ganglion	en	anatomie-en	uberon	0		-5.5
sixth thoracic dorsal root ganglion	en	anatomie-en	uberon	0		-5.5
skeletal muscle tissue of deltoid	en	anatomie-en	uberon	0		-5.5
skeletal muscle tissue of diaphragm	en	anatomie-en	uberon	0		-5.5
skeletal muscle tissue of digastric	en	anatomie-en	uberon	0		-5.5
skeletal muscle tissue of iliacus	en	anatomie-en	uberon	0		-5.5
skeletal muscle tissue of masseter	en	anatomie-en	uberon	0		-5.5
skeletal muscle tissue of mylohyoid	en	anatomie-en	uberon	0		-5.5
skeletal muscle tissue of supraspinatus	en	anatomie-en	uberon	0		-5.5
skeletal muscle tissue of temporalis	en	anatomie-en	uberon	0		-5.5
skeletal muscle tissue of trapezius	en	anatomie-en	uberon	0		-5.5
skeleton of left pelvic girdle	en	anatomie-en	uberon	0		-5.5
skeleton of right pelvic girdle	en	anatomie-en	uberon	0		-5.5
skin of front of neck	en	anatomie-en	uberon	0		-5.5
skin of palm of manus	en	anatomie-en	uberon	0		-5.5
skin of prepuce of clitoris	en	anatomie-en	uberon	0		-5.5
skin of prepuce of penis	en	anatomie-en	uberon	0		-5.5
skin of sole of pes	en	anatomie-en	uberon	0		-5.5
smooth muscle tissue of bronchiole	en	anatomie-en	uberon	0		-5.5
SPECT	en	technieken-sequenties	gecureerd	0		-5.5
spinal cord dorsal white commissure	en	anatomie-en	uberon	0		-5.5
spinal nucleus of trigeminal nerve	en	anatomie-en	uberon	0		-5.5
spinal trigeminal tract of medulla	en	anatomie-en	uberon	0		-5.5
spinal trigeminal tract of pons	en	anatomie-en	uberon	0		-5.5
spiral prominence of cochlear duct	en	anatomie-en	uberon	0		-5.5
spiral valve of cystic duct	en	anatomie-en	uberon	0		-5.5
squamous part of occipital bone	en	anatomie-en	uberon	0		-5.5
squamous part of temporal bone	en	anatomie-en	uberon	0		-5.5
stomach smooth muscle circular layer	en	anatomie-en	uberon	0		-5.5
strand of hair of face	en	anatomie-en	uberon	0		-5.5
stratum lemnisci of superior colliculus	en	anatomie-en	uberon	0		-5.5
stria vascularis of cochlear duct	en	anatomie-en	uberon	0		-5.5
striated duct of salivary gland	en	anatomie-en	uberon	0		-5.5
striated muscle tissue of prostate	en	anatomie-en	uberon	0		-5.5
styloid process of temporal bone	en	anatomie-en	uberon	0		-5.5
sulcus limitans of fourth ventricle	en	anatomie-en	uberon	0		-5.5
superficial anterior cervical lymph node	en	anatomie-en	uberon	0		-5.5
superficial dorsal vein of penis	en	anatomie-en	uberon	0		-5.5
superficial feature part of forebrain	en	anatomie-en	uberon	0		-5.5
superficial lateral cervical lymph node	en	anatomie-en	uberon	0		-5.5
superficial part of masseter muscle	en	anatomie-en	uberon	0		-5.5
superior branch of oculomotor nerve	en	anatomie-en	uberon	0		-5.5
superior cerebellar peduncle of pons	en	anatomie-en	uberon	0		-5.5
superior colliculus superficial gray layer	en	anatomie-en	uberon	0		-5.5
superior horn of thyroid cartilage	en	anatomie-en	uberon	0		-5.5
superior lateral inguinal lymph node	en	anatomie-en	uberon	0		-5.5
superior left gastric lymph node	en	anatomie-en	uberon	0		-5.5
superior longitudinal muscle of tongue	en	anatomie-en	uberon	0		-5.5
superior medial inguinal lymph node	en	anatomie-en	uberon	0		-5.5
superior nuchal line attachment site	en	anatomie-en	uberon	0		-5.5
superior part of vestibular ganglion	en	anatomie-en	uberon	0		-5.5
superior ramus of arcuate sulcus	en	anatomie-en	uberon	0		-5.5
superior recess of lesser sac	en	anatomie-en	uberon	0		-5.5
synovial cavity of hip joint	en	anatomie-en	uberon	0		-5.5
synovial joint of pectoral girdle	en	anatomie-en	uberon	0		-5.5
synovial joint of pelvic girdle	en	anatomie-en	uberon	0		-5.5
synovial membrane of synovial joint	en	anatomie-en	uberon	0		-5.5
tail fold of embryonic disc	en	anatomie-en	uberon	0		-5.5
tela choroidea of fourth ventricle	en	anatomie-en	uberon	0		-5.5
tela choroidea of telencephalic ventricle	en	anatomie-en	uberon	0		-5.5
tela choroidea of third ventricle	en	anatomie-en	uberon	0		-5.5
temporal process of zygomatic bone	en	anatomie-en	uberon	0		-5.5
tenth thoracic dorsal root ganglion	en	anatomie-en	uberon	0		-5.5
terminal branch of ophthalmic artery	en	anatomie-en	uberon	0		-5.5
third cervical dorsal root ganglion	en	anatomie-en	uberon	0		-5.5
third lumbar dorsal root ganglion	en	anatomie-en	uberon	0		-5.5
third sacral dorsal root ganglion	en	anatomie-en	uberon	0		-5.5
third thoracic dorsal root ganglion	en	anatomie-en	uberon	0		-5.5
third ventricle choroid plexus epithelium	en	anatomie-en	uberon	0		-5.5
thoracic region of vertebral column	en	anatomie-en	uberon	0		-5.5
thoracic spinal cord dorsal column	en	anatomie-en	uberon	0		-5.5
thoracic spinal cord dorsal horn	en	anatomie-en	uberon	0		-5.5
thoracic spinal cord gray commissure	en	anatomie-en	uberon	0		-5.5
thoracic spinal cord gray matter	en	anatomie-en	uberon	0		-5.5
thoracic spinal cord lateral horn	en	anatomie-en	uberon	0		-5.5
thoracic spinal cord ventral horn	en	anatomie-en	uberon	0		-5.5
thoracic spinal cord white matter	en	anatomie-en	uberon	0		-5.5
thoracic subsegment of spinal cord	en	anatomie-en	uberon	0		-5.5
trabecula carnea cardiac muscle tissue	en	anatomie-en	uberon	0		-5.5
trabecula carnea of left ventricle	en	anatomie-en	uberon	0		-5.5
trabecula carnea of right ventricle	en	anatomie-en	uberon	0		-5.5
tributary of central retinal vein	en	anatomie-en	uberon	0		-5.5
trunk of common carotid artery	en	anatomie-en	uberon	0		-5.5
trunk region of vertebral column	en	anatomie-en	uberon	0		-5.5
tunica media of pulmonary trunk	en	anatomie-en	uberon	0		-5.5
twelfth thoracic dorsal root ganglion	en	anatomie-en	uberon	0		-5.5
upper central primary incisor tooth	en	anatomie-en	uberon	0		-5.5
upper central secondary incisor tooth	en	anatomie-en	uberon	0		-5.5
upper first primary molar tooth	en	anatomie-en	uberon	0		-5.5
upper first secondary molar tooth	en	anatomie-en	uberon	0		-5.5
upper first secondary premolar tooth	en	anatomie-en	uberon	0		-5.5
upper inner quadrant of breast	en	anatomie-en	uberon	0		-5.5
upper lateral primary incisor tooth	en	anatomie-en	uberon	0		-5.5
upper lateral secondary incisor tooth	en	anatomie-en	uberon	0		-5.5
upper lobe of left lung	en	anatomie-en	uberon	0		-5.5
upper lobe of right lung	en	anatomie-en	uberon	0		-5.5
upper outer quadrant of breast	en	anatomie-en	uberon	0		-5.5
upper part of cisterna chyli	en	anatomie-en	uberon	0		-5.5
upper second primary molar tooth	en	anatomie-en	uberon	0		-5.5
upper second secondary molar tooth	en	anatomie-en	uberon	0		-5.5
upper second secondary premolar tooth	en	anatomie-en	uberon	0		-5.5
upper third secondary molar tooth	en	anatomie-en	uberon	0		-5.5
urinary bladder detrusor smooth muscle	en	anatomie-en	uberon	0		-5.5
urinary bladder neck smooth muscle	en	anatomie-en	uberon	0		-5.5
valve of inferior vena cava	en	anatomie-en	uberon	0		-5.5
vasculature of central nervous system	en	anatomie-en	uberon	0		-5.5
vein of genicular venous plexus	en	anatomie-en	uberon	0		-5.5
ventral anterior nucleus of thalamus	en	anatomie-en	uberon	0		-5.5
ventral external arcuate fiber bundle	en	anatomie-en	uberon	0		-5.5
ventral funiculus of spinal cord	en	anatomie-en	uberon	0		-5.5
ventral horn of spinal cord	en	anatomie-en	uberon	0		-5.5
ventral intermediate nucleus of thalamus	en	anatomie-en	uberon	0		-5.5
ventral lateral nucleus of thalamus	en	anatomie-en	uberon	0		-5.5
ventral medial complex of thalamus	en	anatomie-en	uberon	0		-5.5
ventral nucleus of lateral lemniscus	en	anatomie-en	uberon	0		-5.5
ventral nucleus of posterior commissure	en	anatomie-en	uberon	0		-5.5
ventral nucleus of trapezoid body	en	anatomie-en	uberon	0		-5.5
ventral posterior nucleus of thalamus	en	anatomie-en	uberon	0		-5.5
ventral posteromedial nucleus of thalamus	en	anatomie-en	uberon	0		-5.5
ventral ramus of spinal nerve	en	anatomie-en	uberon	0		-5.5
ventral root of spinal cord	en	anatomie-en	uberon	0		-5.5
ventrolateral nucleus of solitary tract	en	anatomie-en	uberon	0		-5.5
ventrolateral sulcus of medulla oblongata	en	anatomie-en	uberon	0		-5.5
vertebral arch of sacral segment	en	anatomie-en	uberon	0		-5.5
vestibular membrane of cochlear duct	en	anatomie-en	uberon	0		-5.5
wall of common carotid artery	en	anatomie-en	uberon	0		-5.5
wall of synovial tendon sheath	en	anatomie-en	uberon	0		-5.5
white matter lamina of diencephalon	en	anatomie-en	uberon	0		-5.5
white matter lamina of neuraxis	en	anatomie-en	uberon	0		-5.5
white matter of cerebral lobe	en	anatomie-en	uberon	0		-5.5
white matter of frontal lobe	en	anatomie-en	uberon	0		-5.5
white matter of limbic lobe	en	anatomie-en	uberon	0		-5.5
white matter of medulla oblongata	en	anatomie-en	uberon	0		-5.5
white matter of occipital lobe	en	anatomie-en	uberon	0		-5.5
white matter of parietal lobe	en	anatomie-en	uberon	0		-5.5
white matter of pontine tegmentum	en	anatomie-en	uberon	0		-5.5
white matter of spinal cord	en	anatomie-en	uberon	0		-5.5
white matter of superior colliculus	en	anatomie-en	uberon	0		-5.5
white matter of temporal lobe	en	anatomie-en	uberon	0		-5.5
zona fasciculata of adrenal gland	en	anatomie-en	uberon	0		-5.5
zona glomerulosa of adrenal gland	en	anatomie-en	uberon	0		-5.5
zona reticularis of adrenal gland	en	anatomie-en	uberon	0		-5.5
zonal layer of superior colliculus	en	anatomie-en	uberon	0		-5.5
zygomatic process of frontal bone	en	anatomie-en	uberon	0		-5.5
zygomatic process of temporal bone	en	anatomie-en	uberon	0		-5.5
accessory medullary lamina of globus pallidus	en	anatomie-en	uberon	0		-6.0
anterior ascending limb of lateral sulcus	en	anatomie-en	uberon	0		-6.0
anterior cruciate ligament of knee joint	en	anatomie-en	uberon	0		-6.0
anterior horizontal limb of lateral sulcus	en	anatomie-en	uberon	0		-6.0
anterior inferior deep cervical lymph node	en	anatomie-en	uberon	0		-6.0
anterior median fissure of spinal cord	en	anatomie-en	uberon	0		-6.0
anterior nucleus of hypothalamus anterior part	en	anatomie-en	uberon	0		-6.0
anterior nucleus of hypothalamus central part	en	anatomie-en	uberon	0		-6.0
anterior nucleus of hypothalamus dorsal part	en	anatomie-en	uberon	0		-6.0
anterior nucleus of hypothalamus posterior part	en	anatomie-en	uberon	0		-6.0
anterior superior deep cervical lymph node	en	anatomie-en	uberon	0		-6.0
apex of spinal cord dorsal horn	en	anatomie-en	uberon	0		-6.0
ascending limb of loop of Henle	en	anatomie-en	uberon	0		-6.0
basal ventral medial nucleus of thalamus	en	anatomie-en	uberon	0		-6.0
bony part of cervical vertebral arch	en	anatomie-en	uberon	0		-6.0
C1 segment of cervical spinal cord	en	anatomie-en	uberon	0		-6.0
C2 segment of cervical spinal cord	en	anatomie-en	uberon	0		-6.0
C3 segment of cervical spinal cord	en	anatomie-en	uberon	0		-6.0
C4 segment of cervical spinal cord	en	anatomie-en	uberon	0		-6.0
C5 segment of cervical spinal cord	en	anatomie-en	uberon	0		-6.0
C6 segment of cervical spinal cord	en	anatomie-en	uberon	0		-6.0
C7 segment of cervical spinal cord	en	anatomie-en	uberon	0		-6.0
C8 segment of cervical spinal cord	en	anatomie-en	uberon	0		-6.0
calcar avis of the lateral ventricle	en	anatomie-en	uberon	0		-6.0
central nervous system cell part cluster	en	anatomie-en	uberon	0		-6.0
central nervous system gray matter layer	en	anatomie-en	uberon	0		-6.0
central nervous system white matter layer	en	anatomie-en	uberon	0		-6.0
chorda tympani branch of facial nerve	en	anatomie-en	uberon	0		-6.0
circuit part of central nervous system	en	anatomie-en	uberon	0		-6.0
circular muscle layer of muscular coat	en	anatomie-en	uberon	0		-6.0
circumflex branch of left coronary artery	en	anatomie-en	uberon	0		-6.0
crypt of Lieberkuhn of large intestine	en	anatomie-en	uberon	0		-6.0
crypt of Lieberkuhn of small intestine	en	anatomie-en	uberon	0		-6.0
deep gray layer of superior colliculus	en	anatomie-en	uberon	0		-6.0
deep white layer of superior colliculus	en	anatomie-en	uberon	0		-6.0
descending limb of loop of Henle	en	anatomie-en	uberon	0		-6.0
descending trunk of arch of aorta	en	anatomie-en	uberon	0		-6.0
distal epiphysis of phalanx of manus	en	anatomie-en	uberon	0		-6.0
distal epiphysis of phalanx of pes	en	anatomie-en	uberon	0		-6.0
distal phalanx of manual digit 1	en	anatomie-en	uberon	0		-6.0
distal phalanx of manual digit 2	en	anatomie-en	uberon	0		-6.0
distal phalanx of manual digit 3	en	anatomie-en	uberon	0		-6.0
distal phalanx of manual digit 4	en	anatomie-en	uberon	0		-6.0
distal phalanx of manual digit 5	en	anatomie-en	uberon	0		-6.0
distal phalanx of pedal digit 1	en	anatomie-en	uberon	0		-6.0
distal phalanx of pedal digit 2	en	anatomie-en	uberon	0		-6.0
distal phalanx of pedal digit 3	en	anatomie-en	uberon	0		-6.0
distal phalanx of pedal digit 4	en	anatomie-en	uberon	0		-6.0
distal phalanx of pedal digit 5	en	anatomie-en	uberon	0		-6.0
dorsal accessory nucleus of optic tract	en	anatomie-en	uberon	0		-6.0
dorsal gray commissure of spinal cord	en	anatomie-en	uberon	0		-6.0
dorsal motor nucleus of vagus nerve	en	anatomie-en	uberon	0		-6.0
dorsal nucleus of medial geniculate body	en	anatomie-en	uberon	0		-6.0
epithelium of crypt of Lieberkuhn of large intestine	en	anatomie-en	uberon	0		-6.0
epithelium of crypt of Lieberkuhn of small intestine	en	anatomie-en	uberon	0		-6.0
ethmoidal process of inferior nasal concha	en	anatomie-en	uberon	0		-6.0
fibrous membrane of synovial tendon sheath	en	anatomie-en	uberon	0		-6.0
FIESTA	en	technieken-sequenties	gecureerd	0		-6.0
flexor digiti minimi brevis of hand	en	anatomie-en	uberon	0		-6.0
ganglion part of peripheral nervous system	en	anatomie-en	uberon	0		-6.0
gray matter layer of superior colliculus	en	anatomie-en	uberon	0		-6.0
gross anatomical parts of the cerebellum	en	anatomie-en	uberon	0		-6.0
horizontal limb of the diagonal band	en	anatomie-en	uberon	0		-6.0
inferior bulb of internal jugular vein	en	anatomie-en	uberon	0		-6.0
inferior deep lateral cervical lymph node	en	anatomie-en	uberon	0		-6.0
inferior horn of the lateral ventricle	en	anatomie-en	uberon	0		-6.0
inferior palpebral branch of infra-orbital nerve	en	anatomie-en	uberon	0		-6.0
inner epithelial layer of tympanic membrane	en	anatomie-en	uberon	0		-6.0
interphalangeal joint of manual digit 1	en	anatomie-en	uberon	0		-6.0
interphalangeal joint of manual digit 2	en	anatomie-en	uberon	0		-6.0
interphalangeal joint of manual digit 3	en	anatomie-en	uberon	0		-6.0
interphalangeal joint of manual digit 4	en	anatomie-en	uberon	0		-6.0
interphalangeal joint of manual digit 5	en	anatomie-en	uberon	0		-6.0
interphalangeal joint of pedal digit 1	en	anatomie-en	uberon	0		-6.0
interphalangeal joint of pedal digit 2	en	anatomie-en	uberon	0		-6.0
interphalangeal joint of pedal digit 3	en	anatomie-en	uberon	0		-6.0
interphalangeal joint of pedal digit 4	en	anatomie-en	uberon	0		-6.0
interphalangeal joint of pedal digit 5	en	anatomie-en	uberon	0		-6.0
intervertebral disk of fifth cervical vertebra	en	anatomie-en	uberon	0		-6.0
intervertebral disk of fourth cervical vertebra	en	anatomie-en	uberon	0		-6.0
intervertebral disk of seventh cervical vertebra	en	anatomie-en	uberon	0		-6.0
intervertebral disk of sixth cervical vertebra	en	anatomie-en	uberon	0		-6.0
intervertebral disk of third cervical vertebra	en	anatomie-en	uberon	0		-6.0
L1 segment of lumbar spinal cord	en	anatomie-en	uberon	0		-6.0
L2 segment of lumbar spinal cord	en	anatomie-en	uberon	0		-6.0
L3 segment of lumbar spinal cord	en	anatomie-en	uberon	0		-6.0
L4 segment of lumbar spinal cord	en	anatomie-en	uberon	0		-6.0
L5 segment of lumbar spinal cord	en	anatomie-en	uberon	0		-6.0
lamina densa of glomerular basement membrane	en	anatomie-en	uberon	0		-6.0
lamina propria of fundus of stomach	en	anatomie-en	uberon	0		-6.0
lamina propria of mucosa of colon	en	anatomie-en	uberon	0		-6.0
large intestine smooth muscle circular layer	en	anatomie-en	uberon	0		-6.0
large intestine smooth muscle longitudinal layer	en	anatomie-en	uberon	0		-6.0
lateral accessory nucleus of optic tract	en	anatomie-en	uberon	0		-6.0
lateral inferior deep cervical lymph node	en	anatomie-en	uberon	0		-6.0
lateral medullary lamina of globus pallidus	en	anatomie-en	uberon	0		-6.0
lateral superior deep cervical lymph node	en	anatomie-en	uberon	0		-6.0
LAVA	en	technieken-sequenties	gecureerd	0		-6.0
left common carotid artery plus branches	en	anatomie-en	uberon	0		-6.0
left lateral wall of urinary bladder	en	anatomie-en	uberon	0		-6.0
limb of internal capsule of telencephalon	en	anatomie-en	uberon	0		-6.0
longitudinal muscle layer of muscular coat	en	anatomie-en	uberon	0		-6.0
lymph node of inferior pulmonary ligament	en	anatomie-en	uberon	0		-6.0
macula of saccule of membranous labyrinth	en	anatomie-en	uberon	0		-6.0
macula of utricle of membranous labyrinth	en	anatomie-en	uberon	0		-6.0
magnocellular nucleus of medial geniculate body	en	anatomie-en	uberon	0		-6.0
manual digit 2, 3 or 4	en	anatomie-en	uberon	0		-6.0
maxillary process of inferior nasal concha	en	anatomie-en	uberon	0		-6.0
medial accessory nucleus of optic tract	en	anatomie-en	uberon	0		-6.0
medial medullary lamina of globus pallidus	en	anatomie-en	uberon	0		-6.0
membranous urethra of male or female	en	anatomie-en	uberon	0		-6.0
middle gray layer of superior colliculus	en	anatomie-en	uberon	0		-6.0
middle phalanx of manual digit 2	en	anatomie-en	uberon	0		-6.0
middle phalanx of manual digit 3	en	anatomie-en	uberon	0		-6.0
middle phalanx of manual digit 4	en	anatomie-en	uberon	0		-6.0
middle phalanx of manual digit 5	en	anatomie-en	uberon	0		-6.0
middle phalanx of pedal digit 2	en	anatomie-en	uberon	0		-6.0
middle phalanx of pedal digit 3	en	anatomie-en	uberon	0		-6.0
middle phalanx of pedal digit 4	en	anatomie-en	uberon	0		-6.0
middle phalanx of pedal digit 5	en	anatomie-en	uberon	0		-6.0
middle white layer of superior colliculus	en	anatomie-en	uberon	0		-6.0
mixed stratified cuboidal and columnar epithelium	en	anatomie-en	uberon	0		-6.0
mucosa of infundibulum of uterine tube	en	anatomie-en	uberon	0		-6.0
mucosa of neck of urinary bladder	en	anatomie-en	uberon	0		-6.0
mucosa of trigone of urinary bladder	en	anatomie-en	uberon	0		-6.0
muscularis mucosae of fundus of stomach	en	anatomie-en	uberon	0		-6.0
nerve to stylohyoid from facial nerve	en	anatomie-en	uberon	0		-6.0
nerve to stylopharyngeus from glossopharyngeal nerve	en	anatomie-en	uberon	0		-6.0
odontoid process of cervical vertebra 2	en	anatomie-en	uberon	0		-6.0
opercular part of inferior frontal gyrus	en	anatomie-en	uberon	0		-6.0
orbital part of inferior frontal gyrus	en	anatomie-en	uberon	0		-6.0
outer epithelial layer of tympanic membrane	en	anatomie-en	uberon	0		-6.0
paravermis of the anterior lobe of the cerebellum	en	anatomie-en	uberon	0		-6.0
paravermis of the posterior lobe of the cerebellum	en	anatomie-en	uberon	0		-6.0
parenchyma of caudate lobe of liver	en	anatomie-en	uberon	0		-6.0
parenchyma of quadrate lobe of liver	en	anatomie-en	uberon	0		-6.0
pedal digit 2, 3 or 4	en	anatomie-en	uberon	0		-6.0
portion of cartilage tissue in tibia	en	anatomie-en	uberon	0		-6.0
posterior ascending limb of lateral sulcus	en	anatomie-en	uberon	0		-6.0
posterior cruciate ligament of knee joint	en	anatomie-en	uberon	0		-6.0
posterodorsal nucleus of medial geniculate body	en	anatomie-en	uberon	0		-6.0
principal sensory nucleus of trigeminal nerve	en	anatomie-en	uberon	0		-6.0
proximal epiphysis of fifth metacarpal bone	en	anatomie-en	uberon	0		-6.0
proximal epiphysis of fifth metatarsal bone	en	anatomie-en	uberon	0		-6.0
proximal epiphysis of first metacarpal bone	en	anatomie-en	uberon	0		-6.0
proximal epiphysis of first metatarsal bone	en	anatomie-en	uberon	0		-6.0
proximal epiphysis of fourth metacarpal bone	en	anatomie-en	uberon	0		-6.0
proximal epiphysis of fourth metatarsal bone	en	anatomie-en	uberon	0		-6.0
proximal epiphysis of phalanx of manus	en	anatomie-en	uberon	0		-6.0
proximal epiphysis of phalanx of pes	en	anatomie-en	uberon	0		-6.0
proximal epiphysis of second metacarpal bone	en	anatomie-en	uberon	0		-6.0
proximal epiphysis of second metatarsal bone	en	anatomie-en	uberon	0		-6.0
proximal epiphysis of third metacarpal bone	en	anatomie-en	uberon	0		-6.0
proximal epiphysis of third metatarsal bone	en	anatomie-en	uberon	0		-6.0
proximal interphalangeal joint of little finger	en	anatomie-en	uberon	0		-6.0
proximal phalanx of manual digit 1	en	anatomie-en	uberon	0		-6.0
proximal phalanx of manual digit 2	en	anatomie-en	uberon	0		-6.0
proximal phalanx of manual digit 3	en	anatomie-en	uberon	0		-6.0
proximal phalanx of manual digit 4	en	anatomie-en	uberon	0		-6.0
proximal phalanx of manual digit 5	en	anatomie-en	uberon	0		-6.0
proximal phalanx of pedal digit 1	en	anatomie-en	uberon	0		-6.0
proximal phalanx of pedal digit 2	en	anatomie-en	uberon	0		-6.0
proximal phalanx of pedal digit 3	en	anatomie-en	uberon	0		-6.0
proximal phalanx of pedal digit 4	en	anatomie-en	uberon	0		-6.0
proximal phalanx of pedal digit 5	en	anatomie-en	uberon	0		-6.0
pterygopharyngeal part of superior pharyngeal constrictor	en	anatomie-en	uberon	0		-6.0
Purkinje cell layer of cerebellar cortex	en	anatomie-en	uberon	0		-6.0
right common carotid artery plus branches	en	anatomie-en	uberon	0		-6.0
right lateral wall of urinary bladder	en	anatomie-en	uberon	0		-6.0
rotator muscle of the vertebral column	en	anatomie-en	uberon	0		-6.0
S1 segment of sacral spinal cord	en	anatomie-en	uberon	0		-6.0
S2 segment of sacral spinal cord	en	anatomie-en	uberon	0		-6.0
S3 segment of sacral spinal cord	en	anatomie-en	uberon	0		-6.0
S4 segment of sacral spinal cord	en	anatomie-en	uberon	0		-6.0
S5 segment of sacral spinal cord	en	anatomie-en	uberon	0		-6.0
serosa of infundibulum of uterine tube	en	anatomie-en	uberon	0		-6.0
set of muscles of vertebral column	en	anatomie-en	uberon	0		-6.0
skeletal muscle tissue of biceps brachii	en	anatomie-en	uberon	0		-6.0
skeletal muscle tissue of gluteus maximus	en	anatomie-en	uberon	0		-6.0
skeletal muscle tissue of orbicularis oculi	en	anatomie-en	uberon	0		-6.0
skeletal muscle tissue of pectoralis major	en	anatomie-en	uberon	0		-6.0
skeletal muscle tissue of quadriceps femoris	en	anatomie-en	uberon	0		-6.0
skeletal muscle tissue of rectus abdominis	en	anatomie-en	uberon	0		-6.0
skeletal muscle tissue of teres major	en	anatomie-en	uberon	0		-6.0
skeletal muscle tissue of tibialis anterior	en	anatomie-en	uberon	0		-6.0
skeletal muscle tissue of transversus thoracis	en	anatomie-en	uberon	0		-6.0
small intestine smooth muscle circular layer	en	anatomie-en	uberon	0		-6.0
small intestine smooth muscle longitudinal layer	en	anatomie-en	uberon	0		-6.0
smooth muscle tissue of lobular bronchiole	en	anatomie-en	uberon	0		-6.0
smooth muscle tissue of respiratory bronchiole	en	anatomie-en	uberon	0		-6.0
smooth muscle tissue of terminal bronchiole	en	anatomie-en	uberon	0		-6.0
somatic layer of lateral plate mesoderm	en	anatomie-en	uberon	0		-6.0
splanchnic layer of lateral plate mesoderm	en	anatomie-en	uberon	0		-6.0
stomach smooth muscle inner oblique layer	en	anatomie-en	uberon	0		-6.0
stomach smooth muscle outer longitudinal layer	en	anatomie-en	uberon	0		-6.0
strand of hair on external ear	en	anatomie-en	uberon	0		-6.0
substantia gelatinosa of cervical spinal cord dorsal horn	en	anatomie-en	uberon	0		-6.0
substantia gelatinosa of lumbar spinal cord dorsal horn	en	anatomie-en	uberon	0		-6.0
substantia gelatinosa of thoracic spinal cord dorsal horn	en	anatomie-en	uberon	0		-6.0
superficial feature part of occipital lobe	en	anatomie-en	uberon	0		-6.0
superficial feature part of the cerebellum	en	anatomie-en	uberon	0		-6.0
superficial white layer of superior colliculus	en	anatomie-en	uberon	0		-6.0
superior bulb of internal jugular vein	en	anatomie-en	uberon	0		-6.0
superior deep lateral cervical lymph node	en	anatomie-en	uberon	0		-6.0
synovial membrane of synovial tendon sheath	en	anatomie-en	uberon	0		-6.0
T1 segment of thoracic spinal cord	en	anatomie-en	uberon	0		-6.0
T10 segment of thoracic spinal cord	en	anatomie-en	uberon	0		-6.0
T11 segment of thoracic spinal cord	en	anatomie-en	uberon	0		-6.0
T12 segment of thoracic spinal cord	en	anatomie-en	uberon	0		-6.0
T2 segment of thoracic spinal cord	en	anatomie-en	uberon	0		-6.0
T3 segment of thoracic spinal cord	en	anatomie-en	uberon	0		-6.0
T4 segment of thoracic spinal cord	en	anatomie-en	uberon	0		-6.0
T5 segment of thoracic spinal cord	en	anatomie-en	uberon	0		-6.0
T6 segment of thoracic spinal cord	en	anatomie-en	uberon	0		-6.0
T7 segment of thoracic spinal cord	en	anatomie-en	uberon	0		-6.0
T8 segment of thoracic spinal cord	en	anatomie-en	uberon	0		-6.0
T9 segment of thoracic spinal cord	en	anatomie-en	uberon	0		-6.0
terminal part of the cochlear canal	en	anatomie-en	uberon	0		-6.0
Tootell and Hadjikhani (2001) LOC/LOP complex	en	anatomie-en	uberon	0		-6.0
triangular part of inferior frontal gyrus	en	anatomie-en	uberon	0		-6.0
ventral commissural nucleus of spinal cord	en	anatomie-en	uberon	0		-6.0
ventral gray commissure of spinal cord	en	anatomie-en	uberon	0		-6.0
ventral nucleus of medial geniculate body	en	anatomie-en	uberon	0		-6.0
ventricular system of central nervous system	en	anatomie-en	uberon	0		-6.0
vertical limb of the diagonal band	en	anatomie-en	uberon	0		-6.0
vestibular fissure of the cochlear canal	en	anatomie-en	uberon	0		-6.0
wall of ventricular system of brain	en	anatomie-en	uberon	0		-6.0
white matter lamina of cerebral hemisphere	en	anatomie-en	uberon	0		-6.0
white matter of the cerebellar cortex	en	anatomie-en	uberon	0		-6.0
anatomical point connecting sagittal and lambdoidal sutures	en	anatomie-en	uberon	0		-6.5
apex of cervical spinal cord dorsal horn	en	anatomie-en	uberon	0		-6.5
apex of lumbar spinal cord dorsal horn	en	anatomie-en	uberon	0		-6.5
apex of thoracic spinal cord dorsal horn	en	anatomie-en	uberon	0		-6.5
cardiac muscle tissue of trabecula carnea of left ventricle	en	anatomie-en	uberon	0		-6.5
cardiac muscle tissue of trabecula carnea of right ventricle	en	anatomie-en	uberon	0		-6.5
cervical division of cord spinal central canal	en	anatomie-en	uberon	0		-6.5
distal interphalangeal joint of manual digit 2	en	anatomie-en	uberon	0		-6.5
distal interphalangeal joint of manual digit 3	en	anatomie-en	uberon	0		-6.5
distal interphalangeal joint of manual digit 4	en	anatomie-en	uberon	0		-6.5
distal interphalangeal joint of manural digit 5	en	anatomie-en	uberon	0		-6.5
distal interphalangeal joint of pedal digit 2	en	anatomie-en	uberon	0		-6.5
distal interphalangeal joint of pedal digit 3	en	anatomie-en	uberon	0		-6.5
distal interphalangeal joint of pedal digit 4	en	anatomie-en	uberon	0		-6.5
distal interphalangeal joint of pedal digit 5	en	anatomie-en	uberon	0		-6.5
dorsal nerve root of cervical spinal cord	en	anatomie-en	uberon	0		-6.5
dorsal nerve root of lumbar spinal cord	en	anatomie-en	uberon	0		-6.5
dorsal nerve root of sacral spinal cord	en	anatomie-en	uberon	0		-6.5
dorsal nerve root of thoracic spinal cord	en	anatomie-en	uberon	0		-6.5
Hadjikhani et al. (1998) visuotopic area V1d	en	anatomie-en	uberon	0		-6.5
Hadjikhani et al. (1998) visuotopic area V1v	en	anatomie-en	uberon	0		-6.5
Hadjikhani et al. (1998) visuotopic area V2v	en	anatomie-en	uberon	0		-6.5
Hadjikhani et al. (1998) visuotopic area V3	en	anatomie-en	uberon	0		-6.5
Hadjikhani et al. (1998) visuotopic area V3A	en	anatomie-en	uberon	0		-6.5
Hadjikhani et al. (1998) visuotopic area V4v	en	anatomie-en	uberon	0		-6.5
Hadjikhani et al. (1998) visuotopic area V8	en	anatomie-en	uberon	0		-6.5
Hadjikhani et al. (1998) visuotopic area VP	en	anatomie-en	uberon	0		-6.5
lamina of gray matter of spinal cord	en	anatomie-en	uberon	0		-6.5
lobar bronchus of left lung lower lobe	en	anatomie-en	uberon	0		-6.5
lobar bronchus of left lung upper lobe	en	anatomie-en	uberon	0		-6.5
lobar bronchus of right lung cranial lobe	en	anatomie-en	uberon	0		-6.5
lobar bronchus of right lung middle lobe	en	anatomie-en	uberon	0		-6.5
loop of Henle ascending limb thin segment	en	anatomie-en	uberon	0		-6.5
lumbar division of spinal cord central canal	en	anatomie-en	uberon	0		-6.5
lumen of central canal of spinal cord	en	anatomie-en	uberon	0		-6.5
muscle layer of infundibulum of uterine tube	en	anatomie-en	uberon	0		-6.5
muscle layer of spongiose part of urethra	en	anatomie-en	uberon	0		-6.5
muscle of posterior compartment of hindlimb stylopod	en	anatomie-en	uberon	0		-6.5
myocardium of anterior wall of left ventricle	en	anatomie-en	uberon	0		-6.5
myocardium of anterior wall of right ventricle	en	anatomie-en	uberon	0		-6.5
navicular fossa of spongiose part of urethra	en	anatomie-en	uberon	0		-6.5
network of trabecular spaces in bone tissue	en	anatomie-en	uberon	0		-6.5
Ongur, Price, and Ferry (2003) area 10l	en	anatomie-en	uberon	0		-6.5
Ongur, Price, and Ferry (2003) area 10m	en	anatomie-en	uberon	0		-6.5
Ongur, Price, and Ferry (2003) area 10o	en	anatomie-en	uberon	0		-6.5
Ongur, Price, and Ferry (2003) area 10p	en	anatomie-en	uberon	0		-6.5
Ongur, Price, and Ferry (2003) area 10r	en	anatomie-en	uberon	0		-6.5
Ongur, Price, and Ferry (2003) area 11l	en	anatomie-en	uberon	0		-6.5
Ongur, Price, and Ferry (2003) area 11m	en	anatomie-en	uberon	0		-6.5
Ongur, Price, and Ferry (2003) area 13a	en	anatomie-en	uberon	0		-6.5
Ongur, Price, and Ferry (2003) area 13b	en	anatomie-en	uberon	0		-6.5
Ongur, Price, and Ferry (2003) area 13l	en	anatomie-en	uberon	0		-6.5
Ongur, Price, and Ferry (2003) area 13m	en	anatomie-en	uberon	0		-6.5
Ongur, Price, and Ferry (2003) area 14c	en	anatomie-en	uberon	0		-6.5
Ongur, Price, and Ferry (2003) area 14r	en	anatomie-en	uberon	0		-6.5
Ongur, Price, and Ferry (2003) area 24	en	anatomie-en	uberon	0		-6.5
Ongur, Price, and Ferry (2003) area 25	en	anatomie-en	uberon	0		-6.5
Ongur, Price, and Ferry (2003) area 32	en	anatomie-en	uberon	0		-6.5
Ongur, Price, and Ferry (2003) area 47l	en	anatomie-en	uberon	0		-6.5
Ongur, Price, and Ferry (2003) area 47m	en	anatomie-en	uberon	0		-6.5
Ongur, Price, and Ferry (2003) area 47r	en	anatomie-en	uberon	0		-6.5
Ongur, Price, and Ferry (2003) area 47s	en	anatomie-en	uberon	0		-6.5
Ongur, Price, and Ferry (2003) area 9	en	anatomie-en	uberon	0		-6.5
Ongur, Price, and Ferry (2003) area AON	en	anatomie-en	uberon	0		-6.5
Ongur, Price, and Ferry (2003) area G	en	anatomie-en	uberon	0		-6.5
Ongur, Price, and Ferry (2003) area Iai	en	anatomie-en	uberon	0		-6.5
Ongur, Price, and Ferry (2003) area Ial	en	anatomie-en	uberon	0		-6.5
Ongur, Price, and Ferry (2003) area Iam	en	anatomie-en	uberon	0		-6.5
Ongur, Price, and Ferry (2003) area Iapm	en	anatomie-en	uberon	0		-6.5
Ongur, Price, and Ferry (2003) area PrCO	en	anatomie-en	uberon	0		-6.5
rostral interstitial nucleus of medial longitudinal fasciculus	en	anatomie-en	uberon	0		-6.5
rostral portion of the medial accessory olive	en	anatomie-en	uberon	0		-6.5
sacral division of spinal cord central canal	en	anatomie-en	uberon	0		-6.5
skeletal muscle tissue of internal intercostal muscle	en	anatomie-en	uberon	0		-6.5
skeletal muscle tissue of levator palpebrae superioris	en	anatomie-en	uberon	0		-6.5
smooth muscle tissue layer of ejaculatory duct	en	anatomie-en	uberon	0		-6.5
thick ascending limb of loop of Henle	en	anatomie-en	uberon	0		-6.5
thoracic division of spinal cord central canal	en	anatomie-en	uberon	0		-6.5
ventral nerve root of cervical spinal cord	en	anatomie-en	uberon	0		-6.5
ventral nerve root of lumbar spinal cord	en	anatomie-en	uberon	0		-6.5
ventral nerve root of sacral spinal cord	en	anatomie-en	uberon	0		-6.5
ventral nerve root of thoracic spinal cord	en	anatomie-en	uberon	0		-6.5
wall of central canal of spinal cord	en	anatomie-en	uberon	0		-6.5
zona arcuata of basilar membrane of cochlea	en	anatomie-en	uberon	0		-6.5
zona pectinata of basilar membrane of cochlea	en	anatomie-en	uberon	0		-6.5
anterior tubercle of transverse process of cervical vertebra	en	anatomie-en	uberon	0		-7.0
caudal part of ventral posterolateral nucleus of thalamus	en	anatomie-en	uberon	0		-7.0
central part of body of bony vertebral centrum	en	anatomie-en	uberon	0		-7.0
distal part of styloid process of temporal bone	en	anatomie-en	uberon	0		-7.0
Hadjikhani et al. (1998) visuotopic partition scheme region	en	anatomie-en	uberon	0		-7.0
lamina I of gray matter of spinal cord	en	anatomie-en	uberon	0		-7.0
lamina III of gray matter of spinal cord	en	anatomie-en	uberon	0		-7.0
lamina IV of gray matter of spinal cord	en	anatomie-en	uberon	0		-7.0
lamina IX of gray matter of spinal cord	en	anatomie-en	uberon	0		-7.0
lamina V of gray matter of spinal cord	en	anatomie-en	uberon	0		-7.0
lamina VI of gray matter of spinal cord	en	anatomie-en	uberon	0		-7.0
lamina VII of gray matter of spinal cord	en	anatomie-en	uberon	0		-7.0
lamina VIII of gray matter of spinal cord	en	anatomie-en	uberon	0		-7.0
paraventricular nucleus of the hypothalamus descending division - forniceal part	en	anatomie-en	uberon	0		-7.0
posterior tubercle of transverse process of cervical vertebra	en	anatomie-en	uberon	0		-7.0
proximal epiphysis of phalanx of manual digit 1	en	anatomie-en	uberon	0		-7.0
proximal epiphysis of phalanx of manual digit 2	en	anatomie-en	uberon	0		-7.0
proximal epiphysis of phalanx of manual digit 3	en	anatomie-en	uberon	0		-7.0
proximal epiphysis of phalanx of manual digit 4	en	anatomie-en	uberon	0		-7.0
proximal epiphysis of phalanx of manual digit 5	en	anatomie-en	uberon	0		-7.0
vermis of the flocculonodular lobe of the cerebellum	en	anatomie-en	uberon	0		-7.0
bony part of vertebral arch of first sacral vertebra	en	anatomie-en	uberon	0		-7.5
composite part spanning multiple base regional parts of brain	en	anatomie-en	uberon	0		-7.5
distal epiphysis of distal phalanx of manual digit 1	en	anatomie-en	uberon	0		-7.5
distal epiphysis of distal phalanx of manual digit 2	en	anatomie-en	uberon	0		-7.5
distal epiphysis of distal phalanx of manual digit 3	en	anatomie-en	uberon	0		-7.5
distal epiphysis of distal phalanx of manual digit 4	en	anatomie-en	uberon	0		-7.5
distal epiphysis of distal phalanx of manual digit 5	en	anatomie-en	uberon	0		-7.5
distal epiphysis of distal phalanx of pedal digit 1	en	anatomie-en	uberon	0		-7.5
distal epiphysis of distal phalanx of pedal digit 2	en	anatomie-en	uberon	0		-7.5
distal epiphysis of distal phalanx of pedal digit 3	en	anatomie-en	uberon	0		-7.5
distal epiphysis of distal phalanx of pedal digit 4	en	anatomie-en	uberon	0		-7.5
distal epiphysis of distal phalanx of pedal digit 5	en	anatomie-en	uberon	0		-7.5
koniocellular layer of dorsal nucleus of lateral geniculate body	en	anatomie-en	uberon	0		-7.5
magnocellular layer of dorsal nucleus of lateral geniculate body	en	anatomie-en	uberon	0		-7.5
paraventricular nucleus of the hypothalamus descending division - dorsal parvocellular part	en	anatomie-en	uberon	0		-7.5
paraventricular nucleus of the hypothalamus descending division - lateral parvocellular part	en	anatomie-en	uberon	0		-7.5
paraventricular nucleus of the hypothalamus magnocellular division - anterior magnocellular part	en	anatomie-en	uberon	0		-7.5
paraventricular nucleus of the hypothalamus magnocellular division - medial magnocellular part	en	anatomie-en	uberon	0		-7.5
paraventricular nucleus of the hypothalamus magnocellular division - posterior magnocellular part	en	anatomie-en	uberon	0		-7.5
parvocellular layer of dorsal nucleus of lateral geniculate body	en	anatomie-en	uberon	0		-7.5
proximal epiphysis of distal phalanx of manual digit 1	en	anatomie-en	uberon	0		-7.5
proximal epiphysis of distal phalanx of manual digit 2	en	anatomie-en	uberon	0		-7.5
proximal epiphysis of distal phalanx of manual digit 3	en	anatomie-en	uberon	0		-7.5
proximal epiphysis of distal phalanx of manual digit 4	en	anatomie-en	uberon	0		-7.5
proximal epiphysis of distal phalanx of manual digit 5	en	anatomie-en	uberon	0		-7.5
proximal epiphysis of middle phalanx of manual digit 2	en	anatomie-en	uberon	0		-7.5
proximal epiphysis of middle phalanx of manual digit 3	en	anatomie-en	uberon	0		-7.5
proximal epiphysis of middle phalanx of manual digit 4	en	anatomie-en	uberon	0		-7.5
proximal epiphysis of middle phalanx of manual digit 5	en	anatomie-en	uberon	0		-7.5
proximal epiphysis of proximal phalanx of manual digit 1	en	anatomie-en	uberon	0		-7.5
proximal epiphysis of proximal phalanx of manual digit 2	en	anatomie-en	uberon	0		-7.5
proximal epiphysis of proximal phalanx of manual digit 3	en	anatomie-en	uberon	0		-7.5
proximal epiphysis of proximal phalanx of manual digit 4	en	anatomie-en	uberon	0		-7.5
proximal epiphysis of proximal phalanx of manual digit 5	en	anatomie-en	uberon	0		-7.5
smooth muscle layer in fatty layer of subcutaneous tissue	en	anatomie-en	uberon	0		-7.5
crista of ampulla of anterior semicircular duct of membranous laybrinth	en	anatomie-en	uberon	0		-8.0
crista of ampulla of lateral semicircular duct of membranous laybrinth	en	anatomie-en	uberon	0		-8.0
crista of ampulla of posterior semicircular duct of membranous laybrinth	en	anatomie-en	uberon	0		-8.0
Ongur, Price, and Ferry (2003) prefrontal cortical partition scheme region	en	anatomie-en	uberon	0		-8.0
Press, Brewer, Dougherty, Wade and Wandell (2001) visuotopic area V7	en	anatomie-en	uberon	0		-8.0
anus	en	anatomie-en	telnyx,uberon	0		-8.5
capsule	en	anatomie-en	telnyx,uberon	0		-8.5
paraventricular nucleus of the hypothalamus descending division - medial parvocellular part, ventral zone	en	anatomie-en	uberon	0		-8.5
paraventricular nucleus of the hypothalamus magnocellular division - posterior magnocellular part lateral zone	en	anatomie-en	uberon	0		-8.5
paraventricular nucleus of the hypothalamus magnocellular division - posterior magnocellular part medial zone	en	anatomie-en	uberon	0		-8.5
ALL	en	telnyx-en	telnyx	0		-9.5
brain	en	anatomie-en	uberon	0		-9.5
BUN	en	telnyx-en	telnyx	0		-9.5
bupropion	en	telnyx-en	telnyx	0		-9.5
CAD	en	telnyx-en	telnyx	0		-9.5
cheek	en	anatomie-en	uberon	0		-9.5
circumflex	en	telnyx-en	telnyx	0		-9.5
clitoris	en	anatomie-en	uberon	0		-9.5
CML	en	telnyx-en	telnyx	0		-9.5
conjunctiva	en	anatomie-en	uberon	0		-9.5
doxycycline	en	telnyx-en	telnyx	0		-9.5
ECG	en	telnyx-en	telnyx	0		-9.5
ectoderm	en	anatomie-en	uberon	0		-9.5
eczema	en	telnyx-en	telnyx	0		-9.5
EEG	en	telnyx-en	telnyx	0		-9.5
embryo	en	anatomie-en	uberon	0		-9.5
ENT	en	telnyx-en	telnyx	0		-9.5
feces	en	anatomie-en	uberon	0		-9.5
finasteride	en	telnyx-en	telnyx	0		-9.5
fluoxetine	en	telnyx-en	telnyx	0		-9.5
Gest	en	telnyx-en	telnyx	0		-9.5
glottis	en	anatomie-en	uberon	0		-9.5
heel	en	anatomie-en	uberon	0		-9.5
hip	en	anatomie-en	uberon	0		-9.5
Hodgkin	en	telnyx-en	telnyx	0		-9.5
hydroxychloroquine	en	telnyx-en	telnyx	0		-9.5
ibuprofen	en	telnyx-en	telnyx	0		-9.5
intermedium	en	anatomie-en	uberon	0		-9.5
iris	en	anatomie-en	uberon	0		-9.5
leaflet	en	telnyx-en	telnyx	0		-9.5
Lipitor	en	telnyx-en	telnyx	0		-9.5
lithium	en	telnyx-en	telnyx	0		-9.5
LOC	en	telnyx-en	telnyx	0		-9.5
manus	en	anatomie-en	uberon	0		-9.5
media	en	telnyx-en	telnyx	0		-9.5
mesoderm	en	anatomie-en	uberon	0		-9.5
myoclonus	en	telnyx-en	telnyx	0		-9.5
nail	en	anatomie-en	uberon	0		-9.5
neck	en	anatomie-en	uberon	0		-9.5
PEG	en	telnyx-en	telnyx	0		-9.5
penis	en	anatomie-en	uberon	0		-9.5
placenta	en	anatomie-en	uberon	0		-9.5
plaque	en	telnyx-en	telnyx	0		-9.5
plexus	en	telnyx-en	telnyx	0		-9.5
psoriasis	en	telnyx-en	telnyx	0		-9.5
pupil	en	anatomie-en	uberon	0		-9.5
purpura	en	telnyx-en	telnyx	0		-9.5
retina	en	anatomie-en	uberon	0		-9.5
rib	en	anatomie-en	uberon	0		-9.5
scalp	en	anatomie-en	uberon	0		-9.5
senna	en	telnyx-en	telnyx	0		-9.5
sepsis	en	telnyx-en	telnyx	0		-9.5
smegma	en	anatomie-en	uberon	0		-9.5
spleen	en	anatomie-en	uberon	0		-9.5
sputum	en	anatomie-en	uberon	0		-9.5
tissue	en	anatomie-en	uberon	0		-9.5
tongue	en	anatomie-en	uberon	0		-9.5
tonsil	en	anatomie-en	uberon	0		-9.5
tremor	en	telnyx-en	telnyx	0		-9.5
tunica	en	telnyx-en	telnyx	0		-9.5
urine	en	anatomie-en	uberon	0		-9.5
AD	en	telnyx-en	telnyx	0		-10.0
amfetamine	en	telnyx-en	telnyx	0		-10.0
AS	en	telnyx-en	telnyx	0		-10.0
AU	en	telnyx-en	telnyx	0		-10.0
CV	en	telnyx-en	telnyx	0		-10.0
diabetes mellitus	en	telnyx-en	telnyx	0		-10.0
DM	en	telnyx-en	telnyx	0		-10.0
Dx	en	telnyx-en	telnyx	0		-10.0
ED	en	telnyx-en	telnyx	0		-10.0
ER	en	telnyx-en	telnyx	0		-10.0
HD	en	telnyx-en	telnyx	0		-10.0
IV	en	telnyx-en	telnyx	0		-10.0
LP	en	telnyx-en	telnyx	0		-10.0
MG	en	telnyx-en	telnyx	0		-10.0
MI	en	telnyx-en	telnyx	0		-10.0
moustache	en	anatomie-en	uberon	0		-10.0
NASH	en	telnyx-en	telnyx	0		-10.0
NS	en	telnyx-en	telnyx	0		-10.0
OR	en	telnyx-en	telnyx	0		-10.0
OS	en	telnyx-en	telnyx	0		-10.0
PO	en	telnyx-en	telnyx	0		-10.0
PR	en	telnyx-en	telnyx	0		-10.0
Psych	en	telnyx-en	telnyx	0		-10.0
